id,user_id,ranked_id,ranked_name,ranked_username,bloodline,action,title,description,metadata,created_at
33,3d874267-f665-4c55-9f5d-9c06eea06a75,11,3d874267-f665-4c55-9f5d-9c06eea06a75,GEM Eunilacealle#LAS,Spadelline,MEMBER,¡Nuevo miembro!,3d874267-f665-4c55-9f5d-9c06eea06a75 se ha unido a Spadelline con la cuenta GEM Eunilacealle#LAS,"{""points"":""0"",""username"":""GEM Eunilacealle#LAS"",""bloodline"":""Spadelline""}",2025-10-12 03:32:25.92649+00
37,5a8753ad-43bd-45fd-b0c0-caf0339a1e7b,47,5a8753ad-43bd-45fd-b0c0-caf0339a1e7b,GEM Lageldrynne#GEM,Zephiroth,MEMBER,¡Nuevo miembro!,5a8753ad-43bd-45fd-b0c0-caf0339a1e7b se ha unido a Zephiroth con la cuenta GEM Lageldrynne#GEM,"{""points"":""0"",""username"":""GEM Lageldrynne#GEM"",""bloodline"":""Zephiroth""}",2025-10-12 14:30:23.594962+00
38,3d874267-f665-4c55-9f5d-9c06eea06a75,25,YeII0wDucky,GEM Lagrimelle#GEM,Zephiroth,MEMBER,¡Nuevo miembro!,YeII0wDucky se ha unido a Zephiroth con la cuenta GEM Lagrimelle#GEM,"{""points"":""0"",""username"":""GEM Lagrimelle#GEM"",""bloodline"":""Zephiroth""}",2025-10-12 17:47:56.751213+00
39,3d874267-f665-4c55-9f5d-9c06eea06a75,28,YeII0wDucky,GEM Velchelisse#GEM,Zephiroth,MEMBER,¡Nuevo miembro!,YeII0wDucky se ha unido a Zephiroth con la cuenta GEM Velchelisse#GEM,"{""points"":""0"",""username"":""GEM Velchelisse#GEM"",""bloodline"":""Zephiroth""}",2025-10-12 17:48:21.277104+00
56,3d874267-f665-4c55-9f5d-9c06eea06a75,18,YeII0wDucky,GEM Bricellice#GEM,Zephiroth,MEMBER,¡Nuevo miembro!,YeII0wDucky se ha unido a Zephiroth con la cuenta GEM Bricellice#GEM,"{""points"":""0"",""username"":""GEM Bricellice#GEM"",""bloodline"":""Zephiroth""}",2025-10-14 01:04:48.877885+00
57,5a8753ad-43bd-45fd-b0c0-caf0339a1e7b,47,Chejo,GEM Lageldrynne#GEM,Zephiroth,LEVEL_UP,¡Nivel subido!,"Chejo ha subido 1 nivel(es) en GEM Lageldrynne#GEM (Zephiroth), alcanzando nivel 20","{""to"":""20"",""from"":""19"",""gained"":""1"",""points"":""80""}",2025-10-14 01:06:12.260001+00
58,3d874267-f665-4c55-9f5d-9c06eea06a75,18,-,GEM Bricellice#GEM,Zephiroth,LEVEL_UP,¡Nivel subido!,"- ha subido 1 nivel(es) en GEM Bricellice#GEM (Zephiroth), alcanzando nivel 78","{""to"":""78"",""from"":""77"",""gained"":""1"",""points"":""80""}",2025-10-14 01:06:13.535557+00
62,3d874267-f665-4c55-9f5d-9c06eea06a75,18,Ducko,GEM Bricellice#GEM,Zephiroth,WIN,¡Victoria!,Ducko ha ganado 1 victoria en GEM Bricellice#GEM (Zephiroth),"{""wins"":""1"",""points"":""70"",""totalWins"":""78""}",2025-10-14 01:10:39.561911+00
63,5a8753ad-43bd-45fd-b0c0-caf0339a1e7b,47,Chejo,GEM Lageldrynne#GEM,Zephiroth,WIN,¡Victoria!,Chejo ha ganado 1 victoria en GEM Lageldrynne#GEM (Zephiroth),"{""wins"":""1"",""points"":""70"",""totalWins"":""20""}",2025-10-14 01:12:32.214555+00
65,0aadc772-595d-4999-bef3-8ca0602a6e44,33,Toubie,GEM Irzeleriance#LAS,Gladasmy,MEMBER,¡Nuevo miembro!,Toubie se ha unido a Gladasmy con la cuenta GEM Irzeleriance#LAS,"{""points"":""0"",""username"":""GEM Irzeleriance#LAS"",""bloodline"":""Gladasmy""}",2025-10-14 01:15:47.424378+00
66,0aadc772-595d-4999-bef3-8ca0602a6e44,36,Toubie,GEM Vespianelian#GEM,Gladasmy,MEMBER,¡Nuevo miembro!,Toubie se ha unido a Gladasmy con la cuenta GEM Vespianelian#GEM,"{""points"":""0"",""username"":""GEM Vespianelian#GEM"",""bloodline"":""Gladasmy""}",2025-10-14 01:16:07.44209+00
68,3d874267-f665-4c55-9f5d-9c06eea06a75,18,Ducko,GEM Bricellice#GEM,Zephiroth,WIN,¡Victorias!,Ducko ha ganado 2 victorias en GEM Bricellice#GEM (Zephiroth),"{""wins"":""2"",""points"":""140"",""totalWins"":""78""}",2025-10-14 03:54:10.137986+00
84,46c3d5a5-0007-4c7b-b1d2-52ef20e9cb69,9,ElAspirinero,GEM Brincellezha#GEM,Spadelline,MEMBER,¡Nuevo miembro!,ElAspirinero se ha unido a Spadelline con la cuenta GEM Brincellezha#GEM,"{""points"":""0"",""username"":""GEM Brincellezha#GEM"",""bloodline"":""Spadelline""}",2025-10-15 22:23:15.710808+00
85,46c3d5a5-0007-4c7b-b1d2-52ef20e9cb69,9,Aspy,GEM Brincellezha#GEM,Spadelline,WIN,¡Victoria!,Aspy ha ganado 1 victoria en GEM Brincellezha#GEM (Spadelline),"{""wins"":""1"",""points"":""70"",""totalWins"":""90""}",2025-10-15 23:30:53.995358+00
87,3d874267-f665-4c55-9f5d-9c06eea06a75,18,Ducko,GEM Bricellice#GEM,Zephiroth,LEVEL_UP,¡Nivel subido!,"Ducko ha subido 1 nivel(es) en GEM Bricellice#GEM (Zephiroth), alcanzando nivel 79","{""to"":""79"",""from"":""78"",""gained"":""1"",""points"":""80""}",2025-10-16 02:29:50.145466+00
88,3d874267-f665-4c55-9f5d-9c06eea06a75,18,Ducko,GEM Bricellice#GEM,Zephiroth,RANK_UP,¡Promoción en Flex!,Ducko ha ascendido en Flex de GOLD II a GOLD I en GEM Bricellice#GEM (Zephiroth),"{""queue"":""Flex"",""points"":""25"",""toTier"":""GOLD"",""fromTier"":""GOLD"",""toDivision"":""1"",""fromDivision"":""2"",""divisionsGained"":""1""}",2025-10-16 03:06:26.074404+00
97,5a8753ad-43bd-45fd-b0c0-caf0339a1e7b,47,Chejo,GEM Lageldrynne#GEM,Zephiroth,LEVEL_UP,¡Nivel subido!,"Chejo ha subido 1 nivel(es) en GEM Lageldrynne#GEM (Zephiroth), alcanzando nivel 21","{""to"":""21"",""from"":""20"",""gained"":""1"",""points"":""80""}",2025-10-16 22:01:14.977215+00
118,a098c50f-409f-4fc7-bb2c-c77b073e66cc,19,Gusta_L,GEM Damglantine#GEM,Zephiroth,MEMBER,¡Nuevo miembro!,Gusta_L se ha unido a Zephiroth con la cuenta GEM Damglantine#GEM,"{""points"":""0"",""username"":""GEM Damglantine#GEM"",""bloodline"":""Zephiroth""}",2025-10-17 04:36:45.065008+00
124,3f9f2d3a-b36c-447e-91e7-fd985cc209ed,17,kaztyga2r,GEM Blaandelvals#GEM,Zephiroth,MEMBER,¡Nuevo miembro!,kaztyga2r se ha unido a Zephiroth con la cuenta GEM Blaandelvals#GEM,"{""points"":""0"",""username"":""GEM Blaandelvals#GEM"",""bloodline"":""Zephiroth""}",2025-10-17 06:05:18.707102+00
125,3d874267-f665-4c55-9f5d-9c06eea06a75,18,Ducko,GEM Bricellice#GEM,Zephiroth,LEVEL_UP,¡Nivel subido!,"Ducko ha subido 1 nivel(es) en GEM Bricellice#GEM (Zephiroth), alcanzando nivel 80","{""to"":""80"",""from"":""79"",""gained"":""1"",""points"":""80""}",2025-10-17 17:30:32.05929+00
129,46c3d5a5-0007-4c7b-b1d2-52ef20e9cb69,9,Aspy,GEM Brincellezha#GEM,Spadelline,WIN,¡Victoria!,Aspy ha ganado 1 victoria en GEM Brincellezha#GEM (Spadelline),"{""wins"":""1"",""points"":""70"",""totalWins"":""90""}",2025-10-17 17:50:35.37555+00
130,0aadc772-595d-4999-bef3-8ca0602a6e44,36,Tubby,GEM Vespianelian#GEM,Gladasmy,LEVEL_UP,¡Nivel subido!,"Tubby ha subido 1 nivel(es) en GEM Vespianelian#GEM (Gladasmy), alcanzando nivel 78","{""to"":""78"",""from"":""77"",""gained"":""1"",""points"":""80""}",2025-10-17 17:51:00.868512+00
132,a098c50f-409f-4fc7-bb2c-c77b073e66cc,19,Gugu,GEM Damglantine#GEM,Zephiroth,WIN,¡Victoria!,Gugu ha ganado 1 victoria en GEM Damglantine#GEM (Zephiroth),"{""wins"":""1"",""points"":""70"",""totalWins"":""84""}",2025-10-17 18:25:40.740929+00
134,a098c50f-409f-4fc7-bb2c-c77b073e66cc,19,Gugu,GEM Damglantine#GEM,Zephiroth,WIN,¡Victoria!,Gugu ha ganado 1 victoria en GEM Damglantine#GEM (Zephiroth),"{""wins"":""1"",""points"":""70"",""totalWins"":""84""}",2025-10-17 18:55:05.572426+00
135,46c3d5a5-0007-4c7b-b1d2-52ef20e9cb69,9,Aspy,GEM Brincellezha#GEM,Spadelline,WIN,¡Victorias!,Aspy ha ganado 2 victorias en GEM Brincellezha#GEM (Spadelline),"{""wins"":""2"",""points"":""140"",""totalWins"":""90""}",2025-10-17 20:04:48.719512+00
136,46c3d5a5-0007-4c7b-b1d2-52ef20e9cb69,9,Aspy,GEM Brincellezha#GEM,Spadelline,WIN,¡Victoria!,Aspy ha ganado 1 victoria en GEM Brincellezha#GEM (Spadelline),"{""wins"":""1"",""points"":""70"",""totalWins"":""90""}",2025-10-17 20:48:01.328865+00
138,46c3d5a5-0007-4c7b-b1d2-52ef20e9cb69,9,ElAspirinero,GEM Brincellezha#GEM,Spadelline,RANK_UP,¡Promoción en Flex!,ElAspirinero ha ascendido en Flex de PLATINUM II a PLATINUM I en GEM Brincellezha#GEM (Spadelline),"{""queue"":""Flex"",""points"":""25"",""toTier"":""PLATINUM"",""fromTier"":""PLATINUM"",""toDivision"":""1"",""fromDivision"":""2"",""divisionsGained"":""1""}",2025-10-17 21:14:44.683426+00
140,2b7efafc-3a83-48f8-8e0e-60b052ffcd98,12,Supblime,GEM Lacellire#LAS,Spadelline,MEMBER,¡Nuevo miembro!,Supblime se ha unido a Spadelline con la cuenta GEM Lacellire#LAS,"{""points"":""0"",""username"":""GEM Lacellire#LAS"",""bloodline"":""Spadelline""}",2025-10-17 21:21:12.666541+00
144,a098c50f-409f-4fc7-bb2c-c77b073e66cc,19,Gugu,GEM Damglantine#GEM,Zephiroth,HONOR_UP,¡Honor aumentado!,"Gugu ha incrementado su honor en 1 punto(s) en GEM Damglantine#GEM (Zephiroth), alcanzando nivel 4 de honor","{""to"":""4"",""from"":""3"",""gained"":""1"",""points"":""300""}",2025-10-18 04:11:31.918553+00
145,a098c50f-409f-4fc7-bb2c-c77b073e66cc,19,Gugu,GEM Damglantine#GEM,Zephiroth,WIN,¡Victoria!,Gugu ha ganado 1 victoria en GEM Damglantine#GEM (Zephiroth),"{""wins"":""1"",""points"":""70"",""totalWins"":""84""}",2025-10-18 04:11:32.257765+00
146,a098c50f-409f-4fc7-bb2c-c77b073e66cc,19,Gugu,GEM Damglantine#GEM,Zephiroth,WIN,¡Victoria!,Gugu ha ganado 1 victoria en GEM Damglantine#GEM (Zephiroth),"{""wins"":""1"",""points"":""70"",""totalWins"":""84""}",2025-10-18 05:12:42.08195+00
148,a098c50f-409f-4fc7-bb2c-c77b073e66cc,19,Gugu,GEM Damglantine#GEM,Zephiroth,LEVEL_UP,¡Nivel subido!,"Gugu ha subido 1 nivel(es) en GEM Damglantine#GEM (Zephiroth), alcanzando nivel 85","{""to"":""85"",""from"":""84"",""gained"":""1"",""points"":""80""}",2025-10-18 15:25:57.993353+00
149,a098c50f-409f-4fc7-bb2c-c77b073e66cc,19,Gugu,GEM Damglantine#GEM,Zephiroth,RANK_UP,¡Promoción en Flex!,Gugu ha ascendido en Flex de EMERALD IV a EMERALD III en GEM Damglantine#GEM (Zephiroth),"{""queue"":""Flex"",""points"":""25"",""toTier"":""EMERALD"",""fromTier"":""EMERALD"",""toDivision"":""3"",""fromDivision"":""4"",""divisionsGained"":""1""}",2025-10-18 15:25:58.161891+00
150,46c3d5a5-0007-4c7b-b1d2-52ef20e9cb69,9,Aspy,GEM Brincellezha#GEM,Spadelline,RANK_UP,¡Promoción en Flex!,Aspy ha ascendido en Flex de PLATINUM II a PLATINUM I en GEM Brincellezha#GEM (Spadelline),"{""queue"":""Flex"",""points"":""25"",""toTier"":""PLATINUM"",""fromTier"":""PLATINUM"",""toDivision"":""1"",""fromDivision"":""2"",""divisionsGained"":""1""}",2025-10-18 15:25:59.411882+00
152,3d874267-f665-4c55-9f5d-9c06eea06a75,18,YeII0wDucky,GEM Bricellice#GEM,Zephiroth,WIN,Victory!,YeII0wDucky won 7 wins in GEM Bricellice#GEM,"{""wins"":""7"",""points"":""490"",""totalWins"":""80""}",2025-10-18 18:10:31.599361+00
163,a098c50f-409f-4fc7-bb2c-c77b073e66cc,19,Gusta_L,GEM Damglantine#GEM,Zephiroth,WIN,Victory!,Gusta_L won 1 win in GEM Damglantine#GEM,"{""wins"":""1"",""points"":""70"",""totalWins"":""85""}",2025-10-19 05:23:01.611148+00
165,3d874267-f665-4c55-9f5d-9c06eea06a75,18,YeII0wDucky,GEM Bricellice#GEM,Zephiroth,WIN,Victory!,YeII0wDucky won 1 win in GEM Bricellice#GEM,"{""wins"":""1"",""points"":""70"",""totalWins"":""80""}",2025-10-19 13:36:21.500664+00
166,3d874267-f665-4c55-9f5d-9c06eea06a75,18,YeII0wDucky,GEM Bricellice#GEM,Zephiroth,HONOR_UP,Honor Increased!,"YeII0wDucky increased their honor in GEM Bricellice#GEM, reaching level 5","{""to"":""5"",""from"":""4"",""gained"":""1"",""points"":""300""}",2025-10-19 13:36:30.467625+00
167,3d874267-f665-4c55-9f5d-9c06eea06a75,18,YeII0wDucky,GEM Bricellice#GEM,Zephiroth,RANK_UP,Flex Promotion!,YeII0wDucky climbed in Flex from GOLD IV to PLATINUM IV in GEM Bricellice#GEM,"{""queue"":""Flex"",""points"":""100"",""toTier"":""platinum"",""fromTier"":""GOLD"",""toDivision"":""4"",""fromDivision"":""4"",""divisionsGained"":""4""}",2025-10-19 13:36:35.877945+00
168,3d874267-f665-4c55-9f5d-9c06eea06a75,18,YeII0wDucky,GEM Bricellice#GEM,Zephiroth,LEVEL_UP,Level Up!,"YeII0wDucky leveled up 1 time(s) in GEM Bricellice#GEM, reaching level 81","{""to"":""81"",""from"":""80"",""gained"":""1"",""points"":""80""}",2025-10-19 14:29:38.36242+00
169,5a8753ad-43bd-45fd-b0c0-caf0339a1e7b,47,Chejopatán,GEM Lageldrynne#GEM,Zephiroth,LEVEL_UP,Level Up!,"Chejopatán leveled up 1 time(s) in GEM Lageldrynne#GEM, reaching level 22","{""to"":""22"",""from"":""21"",""gained"":""1"",""points"":""80""}",2025-10-19 14:29:40.717689+00
177,3d874267-f665-4c55-9f5d-9c06eea06a75,18,YeII0wDucky,GEM Bricellice#GEM,Zephiroth,RANK_UP,Flex Promotion!,YeII0wDucky climbed in Flex from PLATINUM IV to PLATINUM III in GEM Bricellice#GEM,"{""queue"":""Flex"",""points"":""25"",""toTier"":""PLATINUM"",""fromTier"":""PLATINUM"",""toDivision"":""3"",""fromDivision"":""4"",""divisionsGained"":""1""}",2025-10-19 17:06:58.480526+00
185,5a8753ad-43bd-45fd-b0c0-caf0339a1e7b,47,Chejopatán,GEM Lageldrynne#GEM,Zephiroth,MASTERY_LEVEL_UP,Mastery Upgrade!,Chejopatán reached mastery level 2 with Galio in GEM Lageldrynne#GEM,"{""to"":""2"",""from"":""1"",""points"":""50"",""championId"":""3"",""championName"":""Galio""}",2025-10-19 20:40:35.156915+00
186,5a8753ad-43bd-45fd-b0c0-caf0339a1e7b,47,Chejopatán,GEM Lageldrynne#GEM,Zephiroth,MASTERY_LEVEL_UP,Mastery Upgrade!,Chejopatán reached mastery level 2 with Galio in GEM Lageldrynne#GEM,"{""to"":""2"",""from"":""0"",""points"":""100"",""championId"":""3"",""championName"":""Galio""}",2025-10-19 20:40:48.549181+00
187,5a8753ad-43bd-45fd-b0c0-caf0339a1e7b,47,Chejopatán,GEM Lageldrynne#GEM,Zephiroth,MASTERY_LEVEL_UP,Mastery Upgrade!,Chejopatán reached mastery level 3 with Riven in GEM Lageldrynne#GEM,"{""to"":""3"",""from"":""1"",""points"":""100"",""championId"":""92"",""championName"":""Riven""}",2025-10-19 20:41:50.811555+00
188,5a8753ad-43bd-45fd-b0c0-caf0339a1e7b,47,Chejopatán,GEM Lageldrynne#GEM,Zephiroth,MASTERY_LEVEL_UP,Mastery Upgrade!,Chejopatán reached mastery level 2 with Senna in GEM Lageldrynne#GEM,"{""to"":""2"",""from"":""1"",""points"":""50"",""championId"":""235"",""championName"":""Senna""}",2025-10-19 20:42:04.681549+00
189,5a8753ad-43bd-45fd-b0c0-caf0339a1e7b,47,Chejopatán,GEM Lageldrynne#GEM,Zephiroth,MASTERY_LEVEL_UP,Mastery Upgrade!,Chejopatán reached mastery level 1 with Zyra in GEM Lageldrynne#GEM,"{""to"":""1"",""from"":""0"",""points"":""50"",""championId"":""143"",""championName"":""Zyra""}",2025-10-19 20:43:06.28703+00
191,e55f6073-25c5-4c73-a220-4b6327f7ba5e,14,Hunny,GEM Primrosenrot#GEM,Spadelline,WIN,Victory!,Hunny won 1 win in GEM Primrosenrot#GEM,"{""wins"":""1"",""points"":""70"",""totalWins"":""86""}",2025-10-19 21:15:02.929401+00
193,3d874267-f665-4c55-9f5d-9c06eea06a75,18,YeII0wDucky,GEM Bricellice#GEM,Zephiroth,WIN,Victory!,YeII0wDucky won 3 wins in GEM Bricellice#GEM,"{""wins"":""3"",""points"":""210"",""totalWins"":""81""}",2025-10-19 21:52:51.495862+00
204,2b7efafc-3a83-48f8-8e0e-60b052ffcd98,12,Supblime,GEM Lacellire#LAS,Spadelline,WIN,Victory!,Supblime won 2 wins in GEM Lacellire#LAS,"{""wins"":""2"",""points"":""140"",""totalWins"":""85""}",2025-10-21 02:59:25.403854+00
205,2b7efafc-3a83-48f8-8e0e-60b052ffcd98,12,Supblime,GEM Lacellire#LAS,Spadelline,RANK_UP,SoloQ Promotion!,Supblime climbed in SoloQ from GOLD I to PLATINUM IV in GEM Lacellire#LAS,"{""queue"":""SoloQ"",""points"":""25"",""toTier"":""platinum"",""fromTier"":""GOLD"",""toDivision"":""4"",""fromDivision"":""1"",""divisionsGained"":""1""}",2025-10-21 02:59:44.302631+00
232,5a8753ad-43bd-45fd-b0c0-caf0339a1e7b,47,Chejopatán,GEM Lageldrynne#GEM,Zephiroth,LEVEL_UP,Level Up!,Chejopatán leveled up to 23 in GEM Lageldrynne#GEM,"{""to"":""23"",""from"":""22"",""gained"":""1"",""points"":""80""}",2025-10-22 00:11:45.743092+00
233,2b7efafc-3a83-48f8-8e0e-60b052ffcd98,12,Supblime,GEM Lacellire#LAS,Spadelline,LEVEL_UP,Level Up!,Supblime leveled up to 86 in GEM Lacellire#LAS,"{""to"":""86"",""from"":""85"",""gained"":""1"",""points"":""80""}",2025-10-22 00:11:48.37297+00
234,0aadc772-595d-4999-bef3-8ca0602a6e44,36,Toubie,GEM Vespianelian#GEM,Gladasmy,RANK_UP,SoloQ Promotion!,Toubie climbed in SoloQ from GOLD II to GOLD I in GEM Vespianelian#GEM,"{""queue"":""SoloQ"",""points"":""25"",""toTier"":""GOLD"",""fromTier"":""GOLD"",""toDivision"":""1"",""fromDivision"":""2"",""divisionsGained"":""1""}",2025-10-22 02:25:38.825762+00
239,3d874267-f665-4c55-9f5d-9c06eea06a75,31,YeII0wDucky,GEM Gallilessya#GEM,Gladasmy,MEMBER,New Member!,YeII0wDucky redeemed the Majesty account GEM Gallilessya#GEM,"{""points"":""0"",""username"":""GEM Gallilessya#GEM"",""bloodline"":""Gladasmy""}",2025-10-22 02:28:16.5254+00
241,a098c50f-409f-4fc7-bb2c-c77b073e66cc,13,Gusta_L,GEM PelsNpurmips#GEM,Spadelline,MEMBER,New Member!,Gusta_L redeemed the Majesty account GEM PelsNpurmips#GEM,"{""points"":""0"",""username"":""GEM PelsNpurmips#GEM"",""bloodline"":""Spadelline""}",2025-10-22 04:45:53.432868+00
243,d6bd7eee-de31-4878-932e-12f3378e39c9,46,AmNightmare,GEM Ornetchreans#GEM,Primogenit,WIN,Victory!,AmNightmare won 1 win in GEM Ornetchreans#GEM,"{""wins"":""1"",""points"":""70"",""totalWins"":""18""}",2025-10-23 01:27:13.179193+00
244,d6bd7eee-de31-4878-932e-12f3378e39c9,46,AmNightmare,GEM Ornetchreans#GEM,Primogenit,WIN,Victory!,AmNightmare won 1 win in GEM Ornetchreans#GEM,"{""wins"":""1"",""points"":""70"",""totalWins"":""18""}",2025-10-23 01:29:22.887034+00
245,5a8753ad-43bd-45fd-b0c0-caf0339a1e7b,47,Chejopatán,GEM Lageldrynne#GEM,Zephiroth,LEVEL_UP,Level Up!,Chejopatán leveled up to 24 in GEM Lageldrynne#GEM,"{""to"":""24"",""from"":""23"",""gained"":""1"",""points"":""80""}",2025-10-23 02:11:59.351819+00
246,46c3d5a5-0007-4c7b-b1d2-52ef20e9cb69,9,ElAspirinero,GEM Brincellezha#GEM,Spadelline,LEVEL_UP,Level Up!,ElAspirinero leveled up to 91 in GEM Brincellezha#GEM,"{""to"":""91"",""from"":""90"",""gained"":""1"",""points"":""80""}",2025-10-23 02:12:01.243295+00
251,5a8753ad-43bd-45fd-b0c0-caf0339a1e7b,47,Chejopatán,GEM Lageldrynne#GEM,Zephiroth,MASTERY_LEVEL_UP,Mastery Upgrade!,Chejopatán reached mastery level 2 with Karma in GEM Lageldrynne#GEM,"{""to"":""2"",""from"":""1"",""points"":""50"",""championId"":""43"",""championName"":""Karma""}",2025-10-23 09:21:15.18336+00
252,5a8753ad-43bd-45fd-b0c0-caf0339a1e7b,47,Chejopatán,GEM Lageldrynne#GEM,Zephiroth,MASTERY_LEVEL_UP,Mastery Upgrade!,Chejopatán reached mastery level 2 with Zyra in GEM Lageldrynne#GEM,"{""to"":""2"",""from"":""1"",""points"":""50"",""championId"":""143"",""championName"":""Zyra""}",2025-10-23 09:22:21.367937+00
253,5a8753ad-43bd-45fd-b0c0-caf0339a1e7b,47,Chejopatán,GEM Lageldrynne#GEM,Zephiroth,MASTERY_LEVEL_UP,Mastery Upgrade!,Chejopatán reached mastery level 2 with Sion in GEM Lageldrynne#GEM,"{""to"":""2"",""from"":""1"",""points"":""50"",""championId"":""14"",""championName"":""Sion""}",2025-10-23 09:23:46.640762+00
254,3d874267-f665-4c55-9f5d-9c06eea06a75,31,YeII0wDucky,GEM Gallilessya#GEM,Gladasmy,LEVEL_UP,Level Up!,YeII0wDucky leveled up to 37 in GEM Gallilessya#GEM,"{""to"":""37"",""from"":""36"",""gained"":""1"",""points"":""80""}",2025-10-23 23:54:40.587896+00
257,5a8753ad-43bd-45fd-b0c0-caf0339a1e7b,47,Chejopatán,GEM Lageldrynne#GEM,Zephiroth,LEVEL_UP,Level Up!,Chejopatán leveled up to 25 in GEM Lageldrynne#GEM,"{""to"":""25"",""from"":""24"",""gained"":""1"",""points"":""80""}",2025-10-24 00:38:03.723992+00
258,3d874267-f665-4c55-9f5d-9c06eea06a75,31,YeII0wDucky,GEM Gallilessya#GEM,Gladasmy,RANK_UP,SoloQ Promotion!,YeII0wDucky climbed in SoloQ from GOLD II to GOLD I in GEM Gallilessya#GEM,"{""queue"":""SoloQ"",""points"":""25"",""toTier"":""GOLD"",""fromTier"":""GOLD"",""toDivision"":""1"",""fromDivision"":""2"",""divisionsGained"":""1""}",2025-10-24 00:38:29.753908+00
261,3d874267-f665-4c55-9f5d-9c06eea06a75,31,YeII0wDucky,GEM Gallilessya#GEM,Gladasmy,WIN,Victory!,YeII0wDucky won 3 wins in GEM Gallilessya#GEM,"{""wins"":""3"",""points"":""210"",""totalWins"":""37""}",2025-10-24 00:56:28.325517+00
262,e55f6073-25c5-4c73-a220-4b6327f7ba5e,6,Hunny,GEM Purselgarmet#LAS,Porveldam,HONOR_UP,Honor Increased!,"Hunny increased their honor, reaching level 4","{""to"":""4"",""from"":""3"",""gained"":""1"",""points"":""300""}",2025-10-24 01:05:27.504509+00
263,2b7efafc-3a83-48f8-8e0e-60b052ffcd98,12,Supblime,GEM Lacellire#LAS,Spadelline,LEVEL_UP,Level Up!,Supblime leveled up to 87 in GEM Lacellire#LAS,"{""to"":""87"",""from"":""86"",""gained"":""1"",""points"":""80""}",2025-10-24 02:00:26.393686+00
264,3d874267-f665-4c55-9f5d-9c06eea06a75,31,YeII0wDucky,GEM Gallilessya#GEM,Gladasmy,MISSION_COMPLETED,Nueva Misión Completada,YeII0wDucky completó 1 misión(es) nueva(s) en GEM Gallilessya#GEM con un progreso de 1/61,"{""progress"":""1/61"",""ranked_id"":""31"",""total_missions"":""61"",""current_missions"":""1"",""missions_completed"":""1""}",2025-10-24 02:07:17.046067+00
265,e55f6073-25c5-4c73-a220-4b6327f7ba5e,6,Hunny,GEM Purselgarmet#LAS,Porveldam,MISSION_COMPLETED,Nueva Misión Completada,Hunny completó 2 misión(es) nueva(s) en GEM Purselgarmet#LAS con un progreso de 2/61,"{""progress"":""2/61"",""ranked_id"":""6"",""total_missions"":""61"",""current_missions"":""2"",""missions_completed"":""2""}",2025-10-24 02:07:58.847199+00
268,2b7efafc-3a83-48f8-8e0e-60b052ffcd98,12,Supblime,GEM Lacellire#LAS,Spadelline,LEVEL_UP,Level Up!,Supblime leveled up to 87 in GEM Lacellire#LAS,"{""to"":""87"",""from"":""86"",""gained"":""1"",""points"":""80""}",2025-10-24 13:02:39.046141+00
285,3d874267-f665-4c55-9f5d-9c06eea06a75,31,YeII0wDucky,GEM Gallilessya#GEM,Gladasmy,WIN,Victory!,YeII0wDucky won 1 win in GEM Gallilessya#GEM,"{""wins"":""1"",""points"":""70"",""totalWins"":""37""}",2025-10-24 18:39:56.302043+00
286,3d874267-f665-4c55-9f5d-9c06eea06a75,31,YeII0wDucky,GEM Gallilessya#GEM,Gladasmy,WIN,Victory!,YeII0wDucky won 4 wins in GEM Gallilessya#GEM,"{""wins"":""4"",""points"":""280"",""totalWins"":""37""}",2025-10-24 18:40:38.728633+00
288,e55f6073-25c5-4c73-a220-4b6327f7ba5e,6,Hunny,GEM Purselgarmet#LAS,Porveldam,WIN,Victory!,Hunny won 1 win in GEM Purselgarmet#LAS,"{""wins"":""1"",""points"":""70"",""totalWins"":""41""}",2025-10-24 21:40:30.729954+00
290,a098c50f-409f-4fc7-bb2c-c77b073e66cc,13,Gusta_L,GEM PelsNpurmips#GEM,Spadelline,WIN,Victory!,Gusta_L won 4 wins in GEM PelsNpurmips#GEM,"{""wins"":""4"",""points"":""280"",""totalWins"":""41""}",2025-10-24 22:03:16.398768+00
291,a098c50f-409f-4fc7-bb2c-c77b073e66cc,13,Gusta_L,GEM PelsNpurmips#GEM,Spadelline,RANK_UP,Flex Promotion!,Gusta_L climbed in Flex from GOLD III to GOLD II in GEM PelsNpurmips#GEM,"{""queue"":""Flex"",""points"":""25"",""toTier"":""GOLD"",""fromTier"":""GOLD"",""toDivision"":""2"",""fromDivision"":""3"",""divisionsGained"":""1""}",2025-10-24 22:05:37.246143+00
293,e55f6073-25c5-4c73-a220-4b6327f7ba5e,6,Hunny,GEM Purselgarmet#LAS,Porveldam,WIN,Victory!,Hunny won 1 win in GEM Purselgarmet#LAS,"{""wins"":""1"",""points"":""70"",""totalWins"":""41""}",2025-10-24 22:43:10.894299+00
294,e55f6073-25c5-4c73-a220-4b6327f7ba5e,6,Hunny,GEM Purselgarmet#LAS,Porveldam,WIN,Victory!,Hunny won 1 win in GEM Purselgarmet#LAS,"{""wins"":""1"",""points"":""70"",""totalWins"":""41""}",2025-10-24 22:44:47.086738+00
297,d6bd7eee-de31-4878-932e-12f3378e39c9,8,AmNightmare,GEM Stridellarea#GEM,Porveldam,MISSION_COMPLETED,Mission Completed!,AmNightmare completed a mission in GEM Stridellarea#GEM,"{""progress"":""3/61"",""ranked_id"":""8"",""total_missions"":""61"",""current_missions"":""3"",""missions_completed"":""3""}",2025-10-24 22:45:21.224728+00
298,a098c50f-409f-4fc7-bb2c-c77b073e66cc,13,Gusta_L,GEM PelsNpurmips#GEM,Spadelline,WIN,Victory!,Gusta_L won 4 wins in GEM PelsNpurmips#GEM,"{""wins"":""4"",""points"":""280"",""totalWins"":""41""}",2025-10-24 22:46:47.316594+00
299,a098c50f-409f-4fc7-bb2c-c77b073e66cc,13,Gusta_L,GEM PelsNpurmips#GEM,Spadelline,RANK_UP,Flex Promotion!,Gusta_L climbed in Flex from GOLD III to GOLD II in GEM PelsNpurmips#GEM,"{""queue"":""Flex"",""points"":""25"",""toTier"":""GOLD"",""fromTier"":""GOLD"",""toDivision"":""2"",""fromDivision"":""3"",""divisionsGained"":""1""}",2025-10-24 22:46:47.678798+00
301,3d874267-f665-4c55-9f5d-9c06eea06a75,31,YeII0wDucky,GEM Gallilessya#GEM,Gladasmy,WIN,Victory!,YeII0wDucky won 2 wins in GEM Gallilessya#GEM,"{""wins"":""2"",""points"":""140"",""totalWins"":""37""}",2025-10-24 22:51:09.15344+00
334,e55f6073-25c5-4c73-a220-4b6327f7ba5e,6,Hunny,GEM Purselgarmet#LAS,Porveldam,MASTERY_LEVEL_UP,Mastery Upgrade!,Hunny reached mastery level 3 with Shen in GEM Purselgarmet#LAS,"{""to"":""3"",""from"":""1"",""points"":""100"",""championId"":""98"",""championName"":""Shen""}",2025-10-25 02:50:03.557561+00
343,e55f6073-25c5-4c73-a220-4b6327f7ba5e,6,Hunny,GEM Purselgarmet#LAS,Porveldam,WIN,Victory!,Hunny won 1 win in GEM Purselgarmet#LAS,"{""wins"":""1"",""points"":""70"",""totalWins"":""41""}",2025-10-25 15:27:45.0162+00
345,5a8753ad-43bd-45fd-b0c0-caf0339a1e7b,47,Chejopatán,GEM Lageldrynne#GEM,Zephiroth,LEVEL_UP,Level Up!,Chejopatán leveled up to 26 in GEM Lageldrynne#GEM,"{""to"":""26"",""from"":""25"",""gained"":""1"",""points"":""80""}",2025-10-25 15:28:42.728783+00
348,5a8753ad-43bd-45fd-b0c0-caf0339a1e7b,47,Chejopatán,GEM Lageldrynne#GEM,Zephiroth,LEVEL_UP,Level Up!,Chejopatán leveled up to 26 in GEM Lageldrynne#GEM,"{""to"":""26"",""from"":""25"",""gained"":""1"",""points"":""80""}",2025-10-25 16:12:50.36587+00
350,e55f6073-25c5-4c73-a220-4b6327f7ba5e,41,Hunny,GEM Religerness#GEM,Primogenit,MEMBER,New Member!,Hunny redeemed the Majesty account GEM Religerness#GEM,"{""points"":""0"",""username"":""GEM Religerness#GEM"",""bloodline"":""Primogenit""}",2025-10-25 17:26:02.994508+00
353,e55f6073-25c5-4c73-a220-4b6327f7ba5e,6,Hunny,GEM Purselgarmet#LAS,Porveldam,LEVEL_UP,Level Up!,Hunny leveled up to 42 in GEM Purselgarmet#LAS,"{""to"":""42"",""from"":""41"",""gained"":""1"",""points"":""80""}",2025-10-25 21:44:06.150802+00
354,e55f6073-25c5-4c73-a220-4b6327f7ba5e,6,Hunny,GEM Purselgarmet#LAS,Porveldam,RANK_UP,Flex Promotion!,Hunny climbed in Flex from PLATINUM III to PLATINUM II in GEM Purselgarmet#LAS,"{""queue"":""Flex"",""points"":""25"",""toTier"":""PLATINUM"",""fromTier"":""PLATINUM"",""toDivision"":""2"",""fromDivision"":""3"",""divisionsGained"":""1""}",2025-10-25 21:44:06.522759+00
358,3d874267-f665-4c55-9f5d-9c06eea06a75,31,YeII0wDucky,GEM Gallilessya#GEM,Gladasmy,RANK_UP,SoloQ Promotion!,YeII0wDucky climbed in SoloQ from GOLD II to GOLD I in GEM Gallilessya#GEM,"{""queue"":""SoloQ"",""points"":""25"",""toTier"":""GOLD"",""fromTier"":""GOLD"",""toDivision"":""1"",""fromDivision"":""2"",""divisionsGained"":""1""}",2025-10-25 21:44:41.499722+00
359,a098c50f-409f-4fc7-bb2c-c77b073e66cc,13,Gusta_L,GEM PelsNpurmips#GEM,Spadelline,LEVEL_UP,Level Up!,Gusta_L leveled up to 42 in GEM PelsNpurmips#GEM,"{""to"":""42"",""from"":""41"",""gained"":""1"",""points"":""80""}",2025-10-25 21:44:46.033059+00
360,0aadc772-595d-4999-bef3-8ca0602a6e44,36,Toubie,GEM Vespianelian#GEM,Gladasmy,RANK_UP,Flex Promotion!,Toubie climbed in Flex from EMERALD IV to EMERALD III in GEM Vespianelian#GEM,"{""queue"":""Flex"",""points"":""25"",""toTier"":""EMERALD"",""fromTier"":""EMERALD"",""toDivision"":""3"",""fromDivision"":""4"",""divisionsGained"":""1""}",2025-10-25 21:44:53.947372+00
372,3d874267-f665-4c55-9f5d-9c06eea06a75,31,YeII0wDucky,GEM Gallilessya#GEM,Gladasmy,WIN,Victory!,YeII0wDucky won 1 win in GEM Gallilessya#GEM,"{""wins"":""1"",""points"":""70"",""totalWins"":""37""}",2025-10-25 22:18:34.174569+00
373,e55f6073-25c5-4c73-a220-4b6327f7ba5e,41,Hunny,GEM Religerness#GEM,Primogenit,WIN,Victory!,Hunny won 1 win in GEM Religerness#GEM,"{""wins"":""1"",""points"":""70"",""totalWins"":""30""}",2025-10-25 22:22:46.599064+00
375,e55f6073-25c5-4c73-a220-4b6327f7ba5e,6,Hunny,GEM Purselgarmet#LAS,Porveldam,WIN,Victory!,Hunny won 1 win in GEM Purselgarmet#LAS,"{""wins"":""1"",""points"":""70"",""totalWins"":""42""}",2025-10-25 22:59:44.335796+00
376,e55f6073-25c5-4c73-a220-4b6327f7ba5e,41,Hunny,GEM Religerness#GEM,Primogenit,WIN,Victory!,Hunny won 3 wins in GEM Religerness#GEM,"{""wins"":""3"",""points"":""210"",""totalWins"":""30""}",2025-10-25 23:00:07.160215+00
377,e55f6073-25c5-4c73-a220-4b6327f7ba5e,6,Hunny,GEM Purselgarmet#LAS,Porveldam,HONOR_UP,Honor Increased!,"Hunny increased their honor, reaching level 5","{""to"":""5"",""from"":""4"",""gained"":""1"",""points"":""300""}",2025-10-25 23:08:16.060974+00
378,3d874267-f665-4c55-9f5d-9c06eea06a75,31,YeII0wDucky,GEM Gallilessya#GEM,Gladasmy,WIN,Victory!,YeII0wDucky won 1 win in GEM Gallilessya#GEM,"{""wins"":""1"",""points"":""70"",""totalWins"":""37""}",2025-10-25 23:09:35.510687+00
379,3d874267-f665-4c55-9f5d-9c06eea06a75,31,YeII0wDucky,GEM Gallilessya#GEM,Gladasmy,WIN,Victory!,YeII0wDucky won 1 win in GEM Gallilessya#GEM,"{""wins"":""1"",""points"":""70"",""totalWins"":""37""}",2025-10-25 23:59:02.037759+00
380,3d874267-f665-4c55-9f5d-9c06eea06a75,31,YeII0wDucky,GEM Gallilessya#GEM,Gladasmy,RANK_UP,Flex Promotion!,YeII0wDucky climbed in Flex from GOLD I to PLATINUM I in GEM Gallilessya#GEM,"{""queue"":""Flex"",""points"":""100"",""toTier"":""platinum"",""fromTier"":""GOLD"",""toDivision"":""1"",""fromDivision"":""1"",""divisionsGained"":""4""}",2025-10-26 00:00:51.404329+00
382,e55f6073-25c5-4c73-a220-4b6327f7ba5e,6,Hunny,GEM Purselgarmet#LAS,Porveldam,WIN,Victory!,Hunny won 1 win in GEM Purselgarmet#LAS,"{""wins"":""1"",""points"":""70"",""totalWins"":""42""}",2025-10-26 01:34:52.786973+00
384,e55f6073-25c5-4c73-a220-4b6327f7ba5e,6,Hunny,GEM Purselgarmet#LAS,Porveldam,MISSION_COMPLETED,Mission Completed!,Hunny completed a mission in GEM Purselgarmet#LAS,"{""progress"":""5/61"",""ranked_id"":""6"",""total_missions"":""61"",""current_missions"":""5"",""missions_completed"":""5""}",2025-10-26 01:34:56.080804+00
385,3d874267-f665-4c55-9f5d-9c06eea06a75,31,YeII0wDucky,GEM Gallilessya#GEM,Gladasmy,WIN,Victory!,YeII0wDucky won 1 win in GEM Gallilessya#GEM,"{""wins"":""1"",""points"":""70"",""totalWins"":""37""}",2025-10-26 08:33:27.964845+00
386,3d874267-f665-4c55-9f5d-9c06eea06a75,31,YeII0wDucky,GEM Gallilessya#GEM,Gladasmy,MASTERY_LEVEL_UP,Mastery Upgrade!,YeII0wDucky reached mastery level 4 with Kai'Sa in GEM Gallilessya#GEM,"{""to"":""4"",""from"":""2"",""points"":""100"",""championId"":""145"",""championName"":""Kai'Sa""}",2025-10-26 08:35:33.197959+00
387,3d874267-f665-4c55-9f5d-9c06eea06a75,31,YeII0wDucky,GEM Gallilessya#GEM,Gladasmy,MASTERY_LEVEL_UP,Mastery Upgrade!,YeII0wDucky reached mastery level 4 with Kai'Sa in GEM Gallilessya#GEM,"{""to"":""4"",""from"":""1"",""points"":""150"",""championId"":""145"",""championName"":""Kai'Sa""}",2025-10-26 08:35:47.794566+00
388,3d874267-f665-4c55-9f5d-9c06eea06a75,31,YeII0wDucky,GEM Gallilessya#GEM,Gladasmy,MASTERY_LEVEL_UP,Mastery Upgrade!,YeII0wDucky reached mastery level 4 with Smolder in GEM Gallilessya#GEM,"{""to"":""4"",""from"":""0"",""points"":""200"",""championId"":""901"",""championName"":""Smolder""}",2025-10-26 08:36:32.123333+00
389,3d874267-f665-4c55-9f5d-9c06eea06a75,31,YeII0wDucky,GEM Gallilessya#GEM,Gladasmy,MASTERY_LEVEL_UP,Mastery Upgrade!,YeII0wDucky reached mastery level 2 with Ashe in GEM Gallilessya#GEM,"{""to"":""2"",""from"":""0"",""points"":""100"",""championId"":""22"",""championName"":""Ashe""}",2025-10-26 08:38:10.460265+00
390,3d874267-f665-4c55-9f5d-9c06eea06a75,18,YeII0wDucky,GEM Bricellice#GEM,Zephiroth,MASTERY_LEVEL_UP,Mastery Upgrade!,YeII0wDucky reached mastery level 4 with Smolder in GEM Bricellice#GEM,"{""to"":""4"",""from"":""0"",""points"":""200"",""championId"":""901"",""championName"":""Smolder""}",2025-10-26 08:40:00.285699+00
391,3d874267-f665-4c55-9f5d-9c06eea06a75,31,YeII0wDucky,GEM Gallilessya#GEM,Gladasmy,MASTERY_LEVEL_UP,Mastery Upgrade!,YeII0wDucky reached mastery level 2 with Ezreal in GEM Gallilessya#GEM,"{""to"":""2"",""from"":""1"",""points"":""50"",""championId"":""81"",""championName"":""Ezreal""}",2025-10-26 08:43:08.250677+00
392,3d874267-f665-4c55-9f5d-9c06eea06a75,31,YeII0wDucky,GEM Gallilessya#GEM,Gladasmy,WIN,Victory!,YeII0wDucky won 1 win in GEM Gallilessya#GEM,"{""wins"":""1"",""points"":""70"",""totalWins"":""37""}",2025-10-26 08:43:57.450267+00
393,46c3d5a5-0007-4c7b-b1d2-52ef20e9cb69,9,ElAspirinero,GEM Brincellezha#GEM,Spadelline,HONOR_UP,Honor Increased!,"ElAspirinero increased their honor, reaching level 4","{""to"":""4"",""from"":""3"",""gained"":""1"",""points"":""300""}",2025-10-26 14:58:07.506943+00
398,3d874267-f665-4c55-9f5d-9c06eea06a75,31,YeII0wDucky,GEM Gallilessya#GEM,Gladasmy,RANK_UP,SoloQ Promotion!,YeII0wDucky climbed in SoloQ from GOLD I to PLATINUM I in GEM Gallilessya#GEM,"{""queue"":""SoloQ"",""points"":""100"",""toTier"":""platinum"",""fromTier"":""GOLD"",""toDivision"":""1"",""fromDivision"":""1"",""divisionsGained"":""4""}",2025-10-26 19:09:47.772557+00
402,3f9f2d3a-b36c-447e-91e7-fd985cc209ed,17,kaztyga2r,GEM Blaandelvals#GEM,Zephiroth,HONOR_UP,Honor Increased!,"kaztyga2r increased their honor, reaching level 4","{""to"":""4"",""from"":""3"",""gained"":""1"",""points"":""300""}",2025-10-27 03:00:47.526527+00
403,5a8753ad-43bd-45fd-b0c0-caf0339a1e7b,47,Chejopatán,GEM Lageldrynne#GEM,Zephiroth,MASTERY_LEVEL_UP,Mastery Upgrade!,Chejopatán reached mastery level 4 with Gragas in GEM Lageldrynne#GEM,"{""to"":""4"",""from"":""2"",""points"":""100"",""championId"":""79"",""championName"":""Gragas""}",2025-10-27 20:47:40.054257+00
413,2b7efafc-3a83-48f8-8e0e-60b052ffcd98,12,Supblime,GEM Lacellire#LAS,Spadelline,WIN,Victory!,Supblime won 1 win in GEM Lacellire#LAS,"{""wins"":""1"",""points"":""70"",""totalWins"":""87""}",2025-10-28 17:03:52.630407+00
414,2b7efafc-3a83-48f8-8e0e-60b052ffcd98,12,Supblime,GEM Lacellire#LAS,Spadelline,WIN,Victory!,Supblime won 1 win in GEM Lacellire#LAS,"{""wins"":""1"",""points"":""70"",""totalWins"":""87""}",2025-10-28 17:04:08.322993+00
415,2b7efafc-3a83-48f8-8e0e-60b052ffcd98,12,Supblime,GEM Lacellire#LAS,Spadelline,HONOR_UP,Honor Increased!,"Supblime increased their honor, reaching level 4","{""to"":""4"",""from"":""3"",""gained"":""1"",""points"":""300""}",2025-10-28 17:04:26.146699+00
416,2b7efafc-3a83-48f8-8e0e-60b052ffcd98,12,Supblime,GEM Lacellire#LAS,Spadelline,WIN,Victory!,Supblime won 5 wins in GEM Lacellire#LAS,"{""wins"":""5"",""points"":""350"",""totalWins"":""87""}",2025-10-28 17:04:26.611835+00
417,2b7efafc-3a83-48f8-8e0e-60b052ffcd98,12,Supblime,GEM Lacellire#LAS,Spadelline,MASTERY_LEVEL_UP,Mastery Upgrade!,Supblime reached mastery level 4 with Tahm Kench in GEM Lacellire#LAS,"{""to"":""4"",""from"":""0"",""points"":""200"",""championId"":""223"",""championName"":""Tahm Kench""}",2025-10-28 17:07:13.430686+00
421,e55f6073-25c5-4c73-a220-4b6327f7ba5e,24,Hunny,GEM Lahallayd#GEM,Zephiroth,MISSION_COMPLETED,Mission Completed!,Hunny completed a mission in GEM Lahallayd#GEM,"{""progress"":""5/61"",""ranked_id"":""24"",""total_missions"":""61"",""current_missions"":""5"",""missions_completed"":""5""}",2025-10-28 21:55:10.89712+00
424,5a8753ad-43bd-45fd-b0c0-caf0339a1e7b,47,Chejopatán,GEM Lageldrynne#GEM,Zephiroth,LEVEL_UP,Level Up!,Chejopatán leveled up to 30 in GEM Lageldrynne#GEM,"{""to"":""30"",""from"":""26"",""gained"":""4"",""points"":""320""}",2025-10-29 14:46:11.328921+00
425,5a8753ad-43bd-45fd-b0c0-caf0339a1e7b,47,Chejopatán,GEM Lageldrynne#GEM,Zephiroth,LEVEL_30_ACHIEVED,Level 30 Achieved!,Chejopatán reached level 30 from level 26 in GEM Lageldrynne#GEM - 1000 BONUS POINTS!,"{""to"":""30"",""from"":""26"",""bonus"":""1000"",""points"":""1000""}",2025-10-29 14:46:11.720284+00
428,5a8753ad-43bd-45fd-b0c0-caf0339a1e7b,47,Chejopatán,GEM Lageldrynne#GEM,Zephiroth,MISSION_COMPLETED,Mission Completed!,Chejopatán completed a mission in GEM Lageldrynne#GEM,"{""progress"":""12/15"",""ranked_id"":""47"",""total_missions"":""15"",""current_missions"":""12"",""missions_completed"":""12""}",2025-10-29 14:46:52.600218+00
429,5a8753ad-43bd-45fd-b0c0-caf0339a1e7b,47,Chejopatán,GEM Lageldrynne#GEM,Zephiroth,HONOR_UP,Honor Increased!,"Chejopatán increased their honor, reaching level 4","{""to"":""4"",""from"":""3"",""gained"":""1"",""points"":""300""}",2025-10-29 14:46:53.283929+00
430,5a8753ad-43bd-45fd-b0c0-caf0339a1e7b,47,Chejopatán,GEM Lageldrynne#GEM,Zephiroth,WIN,Victory!,Chejopatán won 2 wins in GEM Lageldrynne#GEM,"{""wins"":""2"",""points"":""140"",""totalWins"":""30""}",2025-10-29 18:58:45.044332+00
434,5a8753ad-43bd-45fd-b0c0-caf0339a1e7b,47,Chejopatán,GEM Lageldrynne#GEM,Zephiroth,WIN,Victory!,Chejopatán won 1 win in GEM Lageldrynne#GEM,"{""wins"":""1"",""points"":""70"",""totalWins"":""30""}",2025-10-30 02:50:59.079981+00
435,e55f6073-25c5-4c73-a220-4b6327f7ba5e,41,Hunny,GEM Religerness#GEM,Primogenit,WIN,Victory!,Hunny won 1 win in GEM Religerness#GEM,"{""wins"":""1"",""points"":""70"",""totalWins"":""30""}",2025-10-30 02:51:32.772347+00
436,c446637c-3582-44fd-a26b-93eaadb027b4,20,jony_lu,GEM Deestellirys#GEM,Zephiroth,WIN,Victory!,jony_lu won 1 win in GEM Deestellirys#GEM,"{""wins"":""1"",""points"":""70"",""totalWins"":""225""}",2025-10-30 02:51:40.735823+00
437,c446637c-3582-44fd-a26b-93eaadb027b4,21,jony_lu,GEM Envicingess#GEM,Zephiroth,WIN,Victory!,jony_lu won 1 win in GEM Envicingess#GEM,"{""wins"":""1"",""points"":""70"",""totalWins"":""39""}",2025-10-30 02:51:42.947765+00
438,e55f6073-25c5-4c73-a220-4b6327f7ba5e,41,Hunny,GEM Religerness#GEM,Primogenit,WIN,Victory!,Hunny won 1 win in GEM Religerness#GEM,"{""wins"":""1"",""points"":""70"",""totalWins"":""30""}",2025-10-30 02:51:45.704749+00
439,5a8753ad-43bd-45fd-b0c0-caf0339a1e7b,47,Chejopatán,GEM Lageldrynne#GEM,Zephiroth,MASTERY_LEVEL_UP,Mastery Upgrade!,Chejopatán reached mastery level 1 with Yuumi in GEM Lageldrynne#GEM,"{""to"":""1"",""from"":""0"",""points"":""50"",""championId"":""350"",""championName"":""Yuumi""}",2025-10-30 20:56:04.469919+00
440,c446637c-3582-44fd-a26b-93eaadb027b4,40,jony_lu,GEM Veldraveth#GEM,Primogenit,WIN,Victory!,jony_lu won 1 win in GEM Veldraveth#GEM,"{""wins"":""1"",""points"":""70"",""totalWins"":""58""}",2025-10-31 01:08:09.721971+00
441,5a8753ad-43bd-45fd-b0c0-caf0339a1e7b,47,Chejopatán,GEM Lageldrynne#GEM,Zephiroth,WIN,Victory!,Chejopatán won 1 win in GEM Lageldrynne#GEM,"{""wins"":""1"",""points"":""70"",""totalWins"":""30""}",2025-10-31 01:10:02.261173+00
442,c446637c-3582-44fd-a26b-93eaadb027b4,40,jony_lu,GEM Veldraveth#GEM,Primogenit,HONOR_UP,Honor Increased!,"jony_lu increased their honor, reaching level 4","{""to"":""4"",""from"":""3"",""gained"":""1"",""points"":""300""}",2025-10-31 02:05:05.218573+00
443,5a8753ad-43bd-45fd-b0c0-caf0339a1e7b,47,Chejopatán,GEM Lageldrynne#GEM,Zephiroth,WIN,Victory!,Chejopatán won 1 win in GEM Lageldrynne#GEM,"{""wins"":""1"",""points"":""70"",""totalWins"":""30""}",2025-10-31 20:16:12.669189+00
444,5a8753ad-43bd-45fd-b0c0-caf0339a1e7b,47,Chejopatán,GEM Lageldrynne#GEM,Zephiroth,WIN,Victory!,Chejopatán won 1 win in GEM Lageldrynne#GEM,"{""wins"":""1"",""points"":""70"",""totalWins"":""30""}",2025-10-31 21:03:15.584878+00
445,5a8753ad-43bd-45fd-b0c0-caf0339a1e7b,47,Chejopatán,GEM Lageldrynne#GEM,Zephiroth,WIN,Victory!,Chejopatán won 1 win in GEM Lageldrynne#GEM,"{""wins"":""1"",""points"":""70"",""totalWins"":""30""}",2025-10-31 21:40:41.908413+00
446,5a8753ad-43bd-45fd-b0c0-caf0339a1e7b,47,Chejopatán,GEM Lageldrynne#GEM,Zephiroth,LEVEL_UP,Level Up!,Chejopatán leveled up to 32 in GEM Lageldrynne#GEM,"{""to"":""32"",""from"":""30"",""gained"":""2"",""points"":""160""}",2025-10-31 21:41:16.669887+00
447,e55f6073-25c5-4c73-a220-4b6327f7ba5e,41,Hunny,GEM Religerness#GEM,Primogenit,WIN,Victory!,Hunny won 1 win in GEM Religerness#GEM,"{""wins"":""1"",""points"":""70"",""totalWins"":""30""}",2025-10-31 21:41:32.360773+00
449,e55f6073-25c5-4c73-a220-4b6327f7ba5e,41,Hunny,GEM Religerness#GEM,Primogenit,WIN,Victory!,Hunny won 1 win in GEM Religerness#GEM,"{""wins"":""1"",""points"":""70"",""totalWins"":""30""}",2025-10-31 22:32:06.551856+00
450,5a8753ad-43bd-45fd-b0c0-caf0339a1e7b,47,Chejopatán,GEM Lageldrynne#GEM,Zephiroth,WIN,Victory!,Chejopatán won 1 win in GEM Lageldrynne#GEM,"{""wins"":""1"",""points"":""70"",""totalWins"":""32""}",2025-10-31 22:32:15.22232+00
451,5a8753ad-43bd-45fd-b0c0-caf0339a1e7b,47,Chejopatán,GEM Lageldrynne#GEM,Zephiroth,RANK_UP,Flex Promotion!,Chejopatán climbed in Flex from Unranked to EMERALD  in GEM Lageldrynne#GEM,"{""queue"":""Flex"",""points"":""500"",""toTier"":""emerald"",""fromTier"":""UNRANKED"",""toDivision"":""0"",""fromDivision"":""0"",""divisionsGained"":""20""}",2025-10-31 23:25:44.083836+00
452,5a8753ad-43bd-45fd-b0c0-caf0339a1e7b,47,Chejopatán,GEM Lageldrynne#GEM,Zephiroth,RANK_UP,SoloQ Promotion!,Chejopatán climbed in SoloQ from Unranked to SILVER II in GEM Lageldrynne#GEM,"{""queue"":""SoloQ"",""points"":""250"",""toTier"":""silver"",""fromTier"":""UNRANKED"",""toDivision"":""2"",""fromDivision"":""0"",""divisionsGained"":""10""}",2025-10-31 23:26:34.788935+00
453,3f9f2d3a-b36c-447e-91e7-fd985cc209ed,17,kaztyga2r,GEM Blaandelvals#GEM,Zephiroth,HONOR_UP,Honor Increased!,"kaztyga2r increased their honor, reaching level 4","{""to"":""4"",""from"":""3"",""gained"":""1"",""points"":""300""}",2025-11-01 00:03:00.907304+00
455,a098c50f-409f-4fc7-bb2c-c77b073e66cc,13,Gusta_L,GEM PelsNpurmips#GEM,Spadelline,HONOR_UP,Honor Increased!,"Gusta_L increased their honor, reaching level 5","{""to"":""5"",""from"":""4"",""gained"":""1"",""points"":""300""}",2025-11-01 01:26:59.530544+00
456,a098c50f-409f-4fc7-bb2c-c77b073e66cc,13,Gusta_L,GEM PelsNpurmips#GEM,Spadelline,WIN,Victory!,Gusta_L won 4 wins in GEM PelsNpurmips#GEM,"{""wins"":""4"",""points"":""280"",""totalWins"":""42""}",2025-11-01 01:28:17.253114+00
457,a098c50f-409f-4fc7-bb2c-c77b073e66cc,13,Gusta_L,GEM PelsNpurmips#GEM,Spadelline,WIN,Victory!,Gusta_L won 4 wins in GEM PelsNpurmips#GEM,"{""wins"":""4"",""points"":""280"",""totalWins"":""42""}",2025-11-01 01:28:17.410107+00
458,a098c50f-409f-4fc7-bb2c-c77b073e66cc,13,Gusta_L,GEM PelsNpurmips#GEM,Spadelline,WIN,Victory!,Gusta_L won 4 wins in GEM PelsNpurmips#GEM,"{""wins"":""4"",""points"":""280"",""totalWins"":""42""}",2025-11-01 01:28:17.422832+00
459,a098c50f-409f-4fc7-bb2c-c77b073e66cc,13,Gusta_L,GEM PelsNpurmips#GEM,Spadelline,LEVEL_UP,Level Up!,Gusta_L leveled up to 43 in GEM PelsNpurmips#GEM,"{""to"":""43"",""from"":""42"",""gained"":""1"",""points"":""80""}",2025-11-01 01:29:04.246381+00
460,a098c50f-409f-4fc7-bb2c-c77b073e66cc,13,Gusta_L,GEM PelsNpurmips#GEM,Spadelline,RANK_UP,Flex Promotion!,Gusta_L climbed in Flex from GOLD II to GOLD I in GEM PelsNpurmips#GEM,"{""queue"":""Flex"",""points"":""25"",""toTier"":""GOLD"",""fromTier"":""GOLD"",""toDivision"":""1"",""fromDivision"":""2"",""divisionsGained"":""1""}",2025-11-01 01:29:04.579439+00
461,5a8753ad-43bd-45fd-b0c0-caf0339a1e7b,47,Chejopatán,GEM Lageldrynne#GEM,Zephiroth,WIN,Victory!,Chejopatán won 1 win in GEM Lageldrynne#GEM,"{""wins"":""1"",""points"":""70"",""totalWins"":""32""}",2025-11-01 02:33:08.041799+00
462,c446637c-3582-44fd-a26b-93eaadb027b4,40,jony_lu,GEM Veldraveth#GEM,Primogenit,WIN,Victory!,jony_lu won 1 win in GEM Veldraveth#GEM,"{""wins"":""1"",""points"":""70"",""totalWins"":""58""}",2025-11-01 03:10:12.821532+00
466,c446637c-3582-44fd-a26b-93eaadb027b4,40,jony_lu,GEM Veldraveth#GEM,Primogenit,WIN,Victory!,jony_lu won 1 win in GEM Veldraveth#GEM,"{""wins"":""1"",""points"":""70"",""totalWins"":""58""}",2025-11-01 04:23:05.742063+00
468,f3254e34-8239-4641-b404-d679548ded03,39,peraltadoctor,GEM Deliquesence#LAS,Primogenit,MEMBER,New Member!,peraltadoctor redeemed the Majesty account GEM Deliquesence#LAS,"{""points"":""0"",""username"":""GEM Deliquesence#LAS"",""bloodline"":""Primogenit""}",2025-11-01 04:28:49.660506+00
469,a098c50f-409f-4fc7-bb2c-c77b073e66cc,13,Gusta_L,GEM PelsNpurmips#GEM,Spadelline,WIN,Victory!,Gusta_L won 1 win in GEM PelsNpurmips#GEM,"{""wins"":""1"",""points"":""70"",""totalWins"":""42""}",2025-11-01 05:03:14.572383+00
470,5a8753ad-43bd-45fd-b0c0-caf0339a1e7b,47,Chejopatán,GEM Lageldrynne#GEM,Zephiroth,WIN,Victory!,Chejopatán won 1 win in GEM Lageldrynne#GEM,"{""wins"":""1"",""points"":""70"",""totalWins"":""32""}",2025-11-01 05:13:34.736978+00
471,5a8753ad-43bd-45fd-b0c0-caf0339a1e7b,47,Chejopatán,GEM Lageldrynne#GEM,Zephiroth,MASTERY_LEVEL_UP,Mastery Upgrade!,Chejopatán reached mastery level 5 with Rell in GEM Lageldrynne#GEM,"{""to"":""5"",""from"":""0"",""points"":""250"",""championId"":""526"",""championName"":""Rell""}",2025-11-01 05:19:02.545274+00
472,a098c50f-409f-4fc7-bb2c-c77b073e66cc,13,Gusta_L,GEM PelsNpurmips#GEM,Spadelline,WIN,Victory!,Gusta_L won 1 win in GEM PelsNpurmips#GEM,"{""wins"":""1"",""points"":""70"",""totalWins"":""42""}",2025-11-01 18:16:53.276621+00
473,a098c50f-409f-4fc7-bb2c-c77b073e66cc,13,Gusta_L,GEM PelsNpurmips#GEM,Spadelline,RANK_UP,Flex Promotion!,Gusta_L climbed in Flex from GOLD I to PLATINUM IV in GEM PelsNpurmips#GEM,"{""queue"":""Flex"",""points"":""25"",""toTier"":""platinum"",""fromTier"":""GOLD"",""toDivision"":""4"",""fromDivision"":""1"",""divisionsGained"":""1""}",2025-11-01 18:17:53.047745+00
474,5a8753ad-43bd-45fd-b0c0-caf0339a1e7b,47,Chejopatán,GEM Lageldrynne#GEM,Zephiroth,LEVEL_UP,Level Up!,Chejopatán leveled up to 33 in GEM Lageldrynne#GEM,"{""to"":""33"",""from"":""32"",""gained"":""1"",""points"":""80""}",2025-11-01 19:58:59.65623+00
475,5a8753ad-43bd-45fd-b0c0-caf0339a1e7b,47,Chejopatán,GEM Lageldrynne#GEM,Zephiroth,HONOR_UP,Honor Increased!,"Chejopatán increased their honor, reaching level 5","{""to"":""5"",""from"":""4"",""gained"":""1"",""points"":""300""}",2025-11-01 20:07:49.176154+00
476,c446637c-3582-44fd-a26b-93eaadb027b4,40,jony_lu,GEM Veldraveth#GEM,Primogenit,WIN,Victory!,jony_lu won 1 win in GEM Veldraveth#GEM,"{""wins"":""1"",""points"":""70"",""totalWins"":""58""}",2025-11-02 01:15:38.376928+00
477,5a8753ad-43bd-45fd-b0c0-caf0339a1e7b,47,Chejopatán,GEM Lageldrynne#GEM,Zephiroth,WIN,Victory!,Chejopatán won 1 win in GEM Lageldrynne#GEM,"{""wins"":""1"",""points"":""70"",""totalWins"":""33""}",2025-11-02 01:26:07.442299+00
480,a098c50f-409f-4fc7-bb2c-c77b073e66cc,13,Gusta_L,GEM PelsNpurmips#GEM,Spadelline,WIN,Victory!,Gusta_L won 1 win in GEM PelsNpurmips#GEM,"{""wins"":""1"",""points"":""70"",""totalWins"":""42""}",2025-11-02 06:49:23.205846+00
481,f3254e34-8239-4641-b404-d679548ded03,39,peraltadoctor,GEM Deliquesence#LAS,Primogenit,WIN,Victory!,peraltadoctor won 13 wins in GEM Deliquesence#LAS,"{""wins"":""13"",""points"":""910"",""totalWins"":""40""}",2025-11-02 14:37:20.742735+00
482,f3254e34-8239-4641-b404-d679548ded03,39,peraltadoctor,GEM Deliquesence#LAS,Primogenit,HONOR_UP,Honor Increased!,"peraltadoctor increased their honor, reaching level 4","{""to"":""4"",""from"":""3"",""gained"":""1"",""points"":""300""}",2025-11-02 14:38:46.998091+00
484,e55f6073-25c5-4c73-a220-4b6327f7ba5e,24,Hunny,GEM Lahallayd#GEM,Zephiroth,MASTERY_LEVEL_UP,Mastery Upgrade!,Hunny reached mastery level 7 with Yuumi in GEM Lahallayd#GEM,"{""to"":""7"",""from"":""0"",""points"":""350"",""championId"":""350"",""championName"":""Yuumi""}",2025-11-02 15:01:20.556511+00
485,e55f6073-25c5-4c73-a220-4b6327f7ba5e,41,Hunny,GEM Religerness#GEM,Primogenit,MASTERY_LEVEL_UP,Mastery Upgrade!,Hunny reached mastery level 3 with Campeón #233 in GEM Religerness#GEM,"{""to"":""3"",""from"":""0"",""points"":""150"",""championId"":""233"",""championName"":""Campeón #233""}",2025-11-02 15:04:14.908134+00
486,e55f6073-25c5-4c73-a220-4b6327f7ba5e,41,Hunny,GEM Religerness#GEM,Primogenit,MASTERY_LEVEL_UP,Mastery Upgrade!,Hunny reached mastery level 2 with Ivern in GEM Religerness#GEM,"{""to"":""2"",""from"":""0"",""points"":""100"",""championId"":""427"",""championName"":""Ivern""}",2025-11-02 15:04:27.583409+00
487,f3254e34-8239-4641-b404-d679548ded03,39,peraltadoctor,GEM Deliquesence#LAS,Primogenit,MASTERY_LEVEL_UP,Mastery Upgrade!,peraltadoctor reached mastery level 3 with Diana in GEM Deliquesence#LAS,"{""to"":""3"",""from"":""0"",""points"":""150"",""championId"":""131"",""championName"":""Diana""}",2025-11-02 15:06:12.705298+00
488,f3254e34-8239-4641-b404-d679548ded03,39,peraltadoctor,GEM Deliquesence#LAS,Primogenit,MASTERY_LEVEL_UP,Mastery Upgrade!,peraltadoctor reached mastery level 3 with Katarina in GEM Deliquesence#LAS,"{""to"":""3"",""from"":""0"",""points"":""150"",""championId"":""55"",""championName"":""Katarina""}",2025-11-02 15:06:23.988099+00
489,f3254e34-8239-4641-b404-d679548ded03,39,peraltadoctor,GEM Deliquesence#LAS,Primogenit,MASTERY_LEVEL_UP,Mastery Upgrade!,peraltadoctor reached mastery level 3 with Yasuo in GEM Deliquesence#LAS,"{""to"":""3"",""from"":""0"",""points"":""150"",""championId"":""157"",""championName"":""Yasuo""}",2025-11-02 15:06:43.025457+00
490,f3254e34-8239-4641-b404-d679548ded03,39,peraltadoctor,GEM Deliquesence#LAS,Primogenit,WIN,Victory!,peraltadoctor won 1 win in GEM Deliquesence#LAS,"{""wins"":""1"",""points"":""70"",""totalWins"":""40""}",2025-11-02 16:01:05.067321+00
492,f3254e34-8239-4641-b404-d679548ded03,39,peraltadoctor,GEM Deliquesence#LAS,Primogenit,WIN,Victory!,peraltadoctor won 1 win in GEM Deliquesence#LAS,"{""wins"":""1"",""points"":""70"",""totalWins"":""40""}",2025-11-02 17:55:28.264514+00
493,a098c50f-409f-4fc7-bb2c-c77b073e66cc,13,Gusta_L,GEM PelsNpurmips#GEM,Spadelline,WIN,Victory!,Gusta_L won 1 win in GEM PelsNpurmips#GEM,"{""wins"":""1"",""points"":""70"",""totalWins"":""42""}",2025-11-02 18:35:57.349411+00
494,a098c50f-409f-4fc7-bb2c-c77b073e66cc,13,Gusta_L,GEM PelsNpurmips#GEM,Spadelline,RANK_UP,Flex Promotion!,Gusta_L climbed in Flex from PLATINUM IV to PLATINUM III in GEM PelsNpurmips#GEM,"{""queue"":""Flex"",""points"":""25"",""toTier"":""platinum"",""fromTier"":""platinum"",""toDivision"":""3"",""fromDivision"":""4"",""divisionsGained"":""1""}",2025-11-02 18:36:54.563346+00
496,a098c50f-409f-4fc7-bb2c-c77b073e66cc,13,Gusta_L,GEM PelsNpurmips#GEM,Spadelline,WIN,Victory!,Gusta_L won 1 win in GEM PelsNpurmips#GEM,"{""wins"":""1"",""points"":""70"",""totalWins"":""42""}",2025-11-02 21:00:48.122689+00
497,d7895f20-abd6-4552-a559-63ba2626b88f,3,Gemy,GEM Dreemurdomme#GEM,Porveldam,WIN,Victory!,Gemy won 1 win in GEM Dreemurdomme#GEM,"{""wins"":""1"",""points"":""70"",""totalWins"":""90""}",2025-11-02 21:43:08.444782+00
500,c446637c-3582-44fd-a26b-93eaadb027b4,40,jony_lu,GEM Veldraveth#GEM,Primogenit,WIN,Victory!,jony_lu won 1 win in GEM Veldraveth#GEM,"{""wins"":""1"",""points"":""70"",""totalWins"":""58""}",2025-11-03 01:37:47.633788+00
501,d7895f20-abd6-4552-a559-63ba2626b88f,3,Gemy,GEM Dreemurdomme#GEM,Porveldam,WIN,Victory!,Gemy won 1 win in GEM Dreemurdomme#GEM,"{""wins"":""1"",""points"":""70"",""totalWins"":""90""}",2025-11-03 01:38:01.542607+00
502,c446637c-3582-44fd-a26b-93eaadb027b4,40,jony_lu,GEM Veldraveth#GEM,Primogenit,WIN,Victory!,jony_lu won 1 win in GEM Veldraveth#GEM,"{""wins"":""1"",""points"":""70"",""totalWins"":""58""}",2025-11-03 02:15:48.298337+00
503,d7895f20-abd6-4552-a559-63ba2626b88f,3,Gemy,GEM Dreemurdomme#GEM,Porveldam,WIN,Victory!,Gemy won 1 win in GEM Dreemurdomme#GEM,"{""wins"":""1"",""points"":""70"",""totalWins"":""90""}",2025-11-03 02:16:16.439155+00
504,c446637c-3582-44fd-a26b-93eaadb027b4,21,jony_lu,GEM Envicingess#GEM,Zephiroth,WIN,Victory!,jony_lu won 1 win in GEM Envicingess#GEM,"{""wins"":""1"",""points"":""70"",""totalWins"":""39""}",2025-11-03 02:57:49.579778+00
505,d7895f20-abd6-4552-a559-63ba2626b88f,30,Gemy,GEM Dellablivien#GEM,Gladasmy,WIN,Victory!,Gemy won 1 win in GEM Dellablivien#GEM,"{""wins"":""1"",""points"":""70"",""totalWins"":""55""}",2025-11-03 02:58:39.308758+00
506,d7895f20-abd6-4552-a559-63ba2626b88f,3,Gemy,GEM Dreemurdomme#GEM,Porveldam,WIN,Victory!,Gemy won 1 win in GEM Dreemurdomme#GEM,"{""wins"":""1"",""points"":""70"",""totalWins"":""90""}",2025-11-03 02:58:52.434634+00
507,d7895f20-abd6-4552-a559-63ba2626b88f,3,Gemy,GEM Dreemurdomme#GEM,Porveldam,HONOR_UP,Honor Increased!,"Gemy increased their honor, reaching level 5","{""to"":""5"",""from"":""4"",""gained"":""1"",""points"":""300""}",2025-11-03 03:00:07.239666+00
508,d7895f20-abd6-4552-a559-63ba2626b88f,3,Gemy,GEM Dreemurdomme#GEM,Porveldam,MASTERY_LEVEL_UP,Mastery Upgrade!,Gemy reached mastery level 4 with Rell in GEM Dreemurdomme#GEM,"{""to"":""4"",""from"":""2"",""points"":""100"",""championId"":""526"",""championName"":""Rell""}",2025-11-03 04:21:54.07742+00
509,c446637c-3582-44fd-a26b-93eaadb027b4,21,jony_lu,GEM Envicingess#GEM,Zephiroth,RANK_UP,SoloQ Promotion!,jony_lu climbed in SoloQ from SILVER III to GOLD III in GEM Envicingess#GEM,"{""queue"":""SoloQ"",""points"":""100"",""toTier"":""gold"",""fromTier"":""silver"",""toDivision"":""3"",""fromDivision"":""3"",""divisionsGained"":""4""}",2025-11-03 05:12:38.985554+00
510,c446637c-3582-44fd-a26b-93eaadb027b4,40,jony_lu,GEM Veldraveth#GEM,Primogenit,RANK_UP,Flex Promotion!,jony_lu climbed in Flex from EMERALD III to EMERALD II in GEM Veldraveth#GEM,"{""queue"":""Flex"",""points"":""25"",""toTier"":""EMERALD"",""fromTier"":""EMERALD"",""toDivision"":""2"",""fromDivision"":""3"",""divisionsGained"":""1""}",2025-11-03 05:13:27.114418+00
511,c446637c-3582-44fd-a26b-93eaadb027b4,21,jony_lu,GEM Envicingess#GEM,Zephiroth,HONOR_UP,Honor Increased!,"jony_lu increased their honor, reaching level 4","{""to"":""4"",""from"":""3"",""gained"":""1"",""points"":""300""}",2025-11-03 05:13:48.81294+00
512,c446637c-3582-44fd-a26b-93eaadb027b4,40,jony_lu,GEM Veldraveth#GEM,Primogenit,RANK_UP,Flex Promotion!,jony_lu climbed in Flex from EMERALD II to EMERALD I in GEM Veldraveth#GEM,"{""queue"":""Flex"",""points"":""25"",""toTier"":""EMERALD"",""fromTier"":""EMERALD"",""toDivision"":""1"",""fromDivision"":""2"",""divisionsGained"":""1""}",2025-11-03 12:50:16.854857+00
513,c446637c-3582-44fd-a26b-93eaadb027b4,43,jony_lu,GEM Gliecernice#GEM,Gladasmy,MASTERY_LEVEL_UP,Mastery Upgrade!,jony_lu reached mastery level 2 with Lucian in GEM Gliecernice#GEM,"{""to"":""2"",""from"":""1"",""points"":""50"",""championId"":""236"",""championName"":""Lucian""}",2025-11-03 13:17:14.321934+00
514,c446637c-3582-44fd-a26b-93eaadb027b4,43,jony_lu,GEM Gliecernice#GEM,Gladasmy,MASTERY_LEVEL_UP,Mastery Upgrade!,jony_lu reached mastery level 3 with Campeón #914 in GEM Gliecernice#GEM,"{""to"":""3"",""from"":""2"",""points"":""50"",""championId"":""914"",""championName"":""Campeón #914""}",2025-11-03 13:54:33.594074+00
515,e55f6073-25c5-4c73-a220-4b6327f7ba5e,48,Hunny,GEM Furninscorce#GEM,Porveldam,MEMBER,New Member!,Hunny redeemed the Majesty account GEM Furninscorce#GEM,"{""points"":""0"",""username"":""GEM Furninscorce#GEM"",""bloodline"":""Porveldam""}",2025-11-03 14:34:54.571739+00
516,e55f6073-25c5-4c73-a220-4b6327f7ba5e,48,Hunny,GEM Furninscorce#GEM,Porveldam,MASTERY_LEVEL_UP,Mastery Upgrade!,Hunny reached mastery level 1 with Ivern in GEM Furninscorce#GEM,"{""to"":""1"",""from"":""0"",""points"":""50"",""championId"":""427"",""championName"":""Ivern""}",2025-11-03 14:39:22.430233+00
517,e55f6073-25c5-4c73-a220-4b6327f7ba5e,49,Hunny,GEM Arklyndarce#GEM,Porveldam,MASTERY_LEVEL_UP,Mastery Upgrade!,Hunny reached mastery level 2 with Amumu in GEM Arklyndarce#GEM,"{""to"":""2"",""from"":""0"",""points"":""100"",""championId"":""32"",""championName"":""Amumu""}",2025-11-03 14:46:06.841854+00
518,e55f6073-25c5-4c73-a220-4b6327f7ba5e,49,Hunny,GEM Arklyndarce#GEM,Porveldam,MASTERY_LEVEL_UP,Mastery Upgrade!,Hunny reached mastery level 2 with Thresh in GEM Arklyndarce#GEM,"{""to"":""2"",""from"":""0"",""points"":""100"",""championId"":""412"",""championName"":""Thresh""}",2025-11-03 14:46:23.578442+00
519,e55f6073-25c5-4c73-a220-4b6327f7ba5e,49,Hunny,GEM Arklyndarce#GEM,Porveldam,MASTERY_LEVEL_UP,Mastery Upgrade!,Hunny reached mastery level 1 with Soraka in GEM Arklyndarce#GEM,"{""to"":""1"",""from"":""0"",""points"":""50"",""championId"":""16"",""championName"":""Soraka""}",2025-11-03 14:46:42.902675+00
520,e55f6073-25c5-4c73-a220-4b6327f7ba5e,49,Hunny,GEM Arklyndarce#GEM,Porveldam,MASTERY_LEVEL_UP,Mastery Upgrade!,Hunny reached mastery level 1 with Syndra in GEM Arklyndarce#GEM,"{""to"":""1"",""from"":""0"",""points"":""50"",""championId"":""134"",""championName"":""Syndra""}",2025-11-03 14:47:43.432654+00
521,e55f6073-25c5-4c73-a220-4b6327f7ba5e,49,Hunny,GEM Arklyndarce#GEM,Porveldam,MASTERY_LEVEL_UP,Mastery Upgrade!,Hunny reached mastery level 1 with Fiddlesticks in GEM Arklyndarce#GEM,"{""to"":""1"",""from"":""0"",""points"":""50"",""championId"":""9"",""championName"":""Fiddlesticks""}",2025-11-03 14:48:08.438593+00
522,e55f6073-25c5-4c73-a220-4b6327f7ba5e,49,Hunny,GEM Arklyndarce#GEM,Porveldam,MASTERY_LEVEL_UP,Mastery Upgrade!,Hunny reached mastery level 1 with Pantheon in GEM Arklyndarce#GEM,"{""to"":""1"",""from"":""0"",""points"":""50"",""championId"":""80"",""championName"":""Pantheon""}",2025-11-03 14:48:20.22035+00
523,d7895f20-abd6-4552-a559-63ba2626b88f,48,Hunny,GEM Furninscorce#GEM,Porveldam,MISSION_COMPLETED,Mission Completed!,Hunny completed a mission in GEM Furninscorce#GEM,"{""points"":""10"",""progress"":""1/12"",""missionNumber"":""1"",""totalMissions"":""12""}",2025-11-03 14:54:09.333655+00
524,e55f6073-25c5-4c73-a220-4b6327f7ba5e,48,Hunny,GEM Furninscorce#GEM,Porveldam,MISSION_COMPLETED,Mission Completed!,Hunny completed a mission in GEM Furninscorce#GEM,"{""progress"":""1/15"",""ranked_id"":""48"",""total_missions"":""15"",""current_missions"":""1"",""missions_completed"":""1""}",2025-11-03 14:54:12.441745+00
525,c446637c-3582-44fd-a26b-93eaadb027b4,43,jony_lu,GEM Gliecernice#GEM,Gladasmy,MISSION_COMPLETED,Mission Completed!,jony_lu completed a mission in GEM Gliecernice#GEM,"{""points"":""10"",""progress"":""2/12"",""missionNumber"":""2"",""totalMissions"":""12""}",2025-11-03 15:18:35.535942+00
526,c446637c-3582-44fd-a26b-93eaadb027b4,43,jony_lu,GEM Gliecernice#GEM,Gladasmy,MISSION_COMPLETED,Mission Completed!,jony_lu completed a mission in GEM Gliecernice#GEM,"{""points"":""10"",""progress"":""4/12"",""missionNumber"":""4"",""totalMissions"":""12""}",2025-11-03 15:18:36.416618+00
527,c446637c-3582-44fd-a26b-93eaadb027b4,43,jony_lu,GEM Gliecernice#GEM,Gladasmy,MISSION_COMPLETED,Mission Completed!,jony_lu completed a mission in GEM Gliecernice#GEM,"{""points"":""10"",""progress"":""6/12"",""missionNumber"":""6"",""totalMissions"":""12""}",2025-11-03 15:18:37.787028+00
528,c446637c-3582-44fd-a26b-93eaadb027b4,43,jony_lu,GEM Gliecernice#GEM,Gladasmy,MISSION_COMPLETED,Mission Completed!,jony_lu completed a mission in GEM Gliecernice#GEM,"{""progress"":""2/15"",""ranked_id"":""43"",""total_missions"":""15"",""current_missions"":""2"",""missions_completed"":""2""}",2025-11-03 15:18:38.743057+00
529,c446637c-3582-44fd-a26b-93eaadb027b4,43,jony_lu,GEM Gliecernice#GEM,Gladasmy,MISSION_COMPLETED,Mission Completed!,jony_lu completed a mission in GEM Gliecernice#GEM,"{""progress"":""4/15"",""ranked_id"":""43"",""total_missions"":""15"",""current_missions"":""4"",""missions_completed"":""2""}",2025-11-03 15:18:42.485607+00
530,c446637c-3582-44fd-a26b-93eaadb027b4,43,jony_lu,GEM Gliecernice#GEM,Gladasmy,MISSION_COMPLETED,Mission Completed!,jony_lu completed a mission in GEM Gliecernice#GEM,"{""progress"":""6/15"",""ranked_id"":""43"",""total_missions"":""15"",""current_missions"":""6"",""missions_completed"":""2""}",2025-11-03 15:18:46.364547+00
531,e55f6073-25c5-4c73-a220-4b6327f7ba5e,24,Hunny,GEM Lahallayd#GEM,Zephiroth,MASTERY_LEVEL_UP,Mastery Upgrade!,Hunny reached mastery level 6 with Ashe in GEM Lahallayd#GEM,"{""to"":""6"",""from"":""0"",""points"":""300"",""championId"":""22"",""championName"":""Ashe""}",2025-11-03 15:40:51.592752+00
532,e55f6073-25c5-4c73-a220-4b6327f7ba5e,24,Hunny,GEM Lahallayd#GEM,Zephiroth,MASTERY_LEVEL_UP,Mastery Upgrade!,Hunny reached mastery level 6 with Thresh in GEM Lahallayd#GEM,"{""to"":""6"",""from"":""0"",""points"":""300"",""championId"":""412"",""championName"":""Thresh""}",2025-11-03 15:41:08.475343+00
533,e55f6073-25c5-4c73-a220-4b6327f7ba5e,24,Hunny,GEM Lahallayd#GEM,Zephiroth,MASTERY_LEVEL_UP,Mastery Upgrade!,Hunny reached mastery level 6 with Poppy in GEM Lahallayd#GEM,"{""to"":""6"",""from"":""0"",""points"":""300"",""championId"":""78"",""championName"":""Poppy""}",2025-11-03 15:41:23.861032+00
534,e55f6073-25c5-4c73-a220-4b6327f7ba5e,24,Hunny,GEM Lahallayd#GEM,Zephiroth,MASTERY_LEVEL_UP,Mastery Upgrade!,Hunny reached mastery level 5 with Twitch in GEM Lahallayd#GEM,"{""to"":""5"",""from"":""0"",""points"":""250"",""championId"":""29"",""championName"":""Twitch""}",2025-11-03 15:42:07.58157+00
535,e55f6073-25c5-4c73-a220-4b6327f7ba5e,24,Hunny,GEM Lahallayd#GEM,Zephiroth,MASTERY_LEVEL_UP,Mastery Upgrade!,Hunny reached mastery level 5 with Lux in GEM Lahallayd#GEM,"{""to"":""5"",""from"":""0"",""points"":""250"",""championId"":""99"",""championName"":""Lux""}",2025-11-03 15:42:24.820068+00
536,e55f6073-25c5-4c73-a220-4b6327f7ba5e,24,Hunny,GEM Lahallayd#GEM,Zephiroth,MASTERY_LEVEL_UP,Mastery Upgrade!,Hunny reached mastery level 4 with Nocturne in GEM Lahallayd#GEM,"{""to"":""4"",""from"":""0"",""points"":""200"",""championId"":""56"",""championName"":""Nocturne""}",2025-11-03 15:42:40.088699+00
537,e55f6073-25c5-4c73-a220-4b6327f7ba5e,24,Hunny,GEM Lahallayd#GEM,Zephiroth,MASTERY_LEVEL_UP,Mastery Upgrade!,Hunny reached mastery level 3 with Darius in GEM Lahallayd#GEM,"{""to"":""3"",""from"":""0"",""points"":""150"",""championId"":""122"",""championName"":""Darius""}",2025-11-03 15:42:55.679854+00
538,e55f6073-25c5-4c73-a220-4b6327f7ba5e,24,Hunny,GEM Lahallayd#GEM,Zephiroth,MASTERY_LEVEL_UP,Mastery Upgrade!,Hunny reached mastery level 3 with Caitlyn in GEM Lahallayd#GEM,"{""to"":""3"",""from"":""0"",""points"":""150"",""championId"":""51"",""championName"":""Caitlyn""}",2025-11-03 15:43:06.213794+00
539,e55f6073-25c5-4c73-a220-4b6327f7ba5e,24,Hunny,GEM Lahallayd#GEM,Zephiroth,MASTERY_LEVEL_UP,Mastery Upgrade!,Hunny reached mastery level 2 with Urgot in GEM Lahallayd#GEM,"{""to"":""2"",""from"":""0"",""points"":""100"",""championId"":""6"",""championName"":""Urgot""}",2025-11-03 15:43:21.386381+00
540,e55f6073-25c5-4c73-a220-4b6327f7ba5e,24,Hunny,GEM Lahallayd#GEM,Zephiroth,MASTERY_LEVEL_UP,Mastery Upgrade!,Hunny reached mastery level 2 with Shen in GEM Lahallayd#GEM,"{""to"":""2"",""from"":""0"",""points"":""100"",""championId"":""98"",""championName"":""Shen""}",2025-11-03 15:43:31.65121+00
541,e55f6073-25c5-4c73-a220-4b6327f7ba5e,24,Hunny,GEM Lahallayd#GEM,Zephiroth,MASTERY_LEVEL_UP,Mastery Upgrade!,Hunny reached mastery level 2 with Trundle in GEM Lahallayd#GEM,"{""to"":""2"",""from"":""0"",""points"":""100"",""championId"":""48"",""championName"":""Trundle""}",2025-11-03 15:44:02.890416+00
542,e55f6073-25c5-4c73-a220-4b6327f7ba5e,24,Hunny,GEM Lahallayd#GEM,Zephiroth,MASTERY_LEVEL_UP,Mastery Upgrade!,Hunny reached mastery level 2 with Kayle in GEM Lahallayd#GEM,"{""to"":""2"",""from"":""0"",""points"":""100"",""championId"":""10"",""championName"":""Kayle""}",2025-11-03 15:44:19.031525+00
543,e55f6073-25c5-4c73-a220-4b6327f7ba5e,24,Hunny,GEM Lahallayd#GEM,Zephiroth,MASTERY_LEVEL_UP,Mastery Upgrade!,Hunny reached mastery level 2 with Milio in GEM Lahallayd#GEM,"{""to"":""2"",""from"":""0"",""points"":""100"",""championId"":""902"",""championName"":""Milio""}",2025-11-03 15:44:29.614328+00
544,e55f6073-25c5-4c73-a220-4b6327f7ba5e,24,Hunny,GEM Lahallayd#GEM,Zephiroth,MASTERY_LEVEL_UP,Mastery Upgrade!,Hunny reached mastery level 2 with Sivir in GEM Lahallayd#GEM,"{""to"":""2"",""from"":""0"",""points"":""100"",""championId"":""15"",""championName"":""Sivir""}",2025-11-03 15:44:43.025668+00
545,e55f6073-25c5-4c73-a220-4b6327f7ba5e,24,Hunny,GEM Lahallayd#GEM,Zephiroth,MASTERY_LEVEL_UP,Mastery Upgrade!,Hunny reached mastery level 2 with Kayn in GEM Lahallayd#GEM,"{""to"":""2"",""from"":""0"",""points"":""100"",""championId"":""141"",""championName"":""Kayn""}",2025-11-03 15:44:58.844917+00
546,e55f6073-25c5-4c73-a220-4b6327f7ba5e,24,Hunny,GEM Lahallayd#GEM,Zephiroth,MASTERY_LEVEL_UP,Mastery Upgrade!,Hunny reached mastery level 2 with Dr. Mundo in GEM Lahallayd#GEM,"{""to"":""2"",""from"":""0"",""points"":""100"",""championId"":""36"",""championName"":""Dr. Mundo""}",2025-11-03 15:45:09.784119+00
547,e55f6073-25c5-4c73-a220-4b6327f7ba5e,24,Hunny,GEM Lahallayd#GEM,Zephiroth,MASTERY_LEVEL_UP,Mastery Upgrade!,Hunny reached mastery level 2 with Warwick in GEM Lahallayd#GEM,"{""to"":""2"",""from"":""0"",""points"":""100"",""championId"":""19"",""championName"":""Warwick""}",2025-11-03 15:45:19.982415+00
548,e55f6073-25c5-4c73-a220-4b6327f7ba5e,24,Hunny,GEM Lahallayd#GEM,Zephiroth,MASTERY_LEVEL_UP,Mastery Upgrade!,Hunny reached mastery level 2 with Sejuani in GEM Lahallayd#GEM,"{""to"":""2"",""from"":""0"",""points"":""100"",""championId"":""113"",""championName"":""Sejuani""}",2025-11-03 15:45:33.936438+00
549,e55f6073-25c5-4c73-a220-4b6327f7ba5e,24,Hunny,GEM Lahallayd#GEM,Zephiroth,MASTERY_LEVEL_UP,Mastery Upgrade!,Hunny reached mastery level 2 with Soraka in GEM Lahallayd#GEM,"{""to"":""2"",""from"":""0"",""points"":""100"",""championId"":""16"",""championName"":""Soraka""}",2025-11-03 15:45:45.395077+00
550,e55f6073-25c5-4c73-a220-4b6327f7ba5e,24,Hunny,GEM Lahallayd#GEM,Zephiroth,MASTERY_LEVEL_UP,Mastery Upgrade!,Hunny reached mastery level 2 with Fiora in GEM Lahallayd#GEM,"{""to"":""2"",""from"":""0"",""points"":""100"",""championId"":""114"",""championName"":""Fiora""}",2025-11-03 15:45:59.969419+00
551,e55f6073-25c5-4c73-a220-4b6327f7ba5e,24,Hunny,GEM Lahallayd#GEM,Zephiroth,MASTERY_LEVEL_UP,Mastery Upgrade!,Hunny reached mastery level 2 with Annie in GEM Lahallayd#GEM,"{""to"":""2"",""from"":""0"",""points"":""100"",""championId"":""1"",""championName"":""Annie""}",2025-11-03 15:46:11.241076+00
552,e55f6073-25c5-4c73-a220-4b6327f7ba5e,24,Hunny,GEM Lahallayd#GEM,Zephiroth,MASTERY_LEVEL_UP,Mastery Upgrade!,Hunny reached mastery level 1 with Lulu in GEM Lahallayd#GEM,"{""to"":""1"",""from"":""0"",""points"":""50"",""championId"":""117"",""championName"":""Lulu""}",2025-11-03 15:46:23.889553+00
553,e55f6073-25c5-4c73-a220-4b6327f7ba5e,24,Hunny,GEM Lahallayd#GEM,Zephiroth,MASTERY_LEVEL_UP,Mastery Upgrade!,Hunny reached mastery level 1 with Brand in GEM Lahallayd#GEM,"{""to"":""1"",""from"":""0"",""points"":""50"",""championId"":""63"",""championName"":""Brand""}",2025-11-03 15:46:36.661932+00
554,e55f6073-25c5-4c73-a220-4b6327f7ba5e,24,Hunny,GEM Lahallayd#GEM,Zephiroth,MASTERY_LEVEL_UP,Mastery Upgrade!,Hunny reached mastery level 1 with Pantheon in GEM Lahallayd#GEM,"{""to"":""1"",""from"":""0"",""points"":""50"",""championId"":""80"",""championName"":""Pantheon""}",2025-11-03 15:46:48.496908+00
555,e55f6073-25c5-4c73-a220-4b6327f7ba5e,24,Hunny,GEM Lahallayd#GEM,Zephiroth,MASTERY_LEVEL_UP,Mastery Upgrade!,Hunny reached mastery level 1 with Maokai in GEM Lahallayd#GEM,"{""to"":""1"",""from"":""0"",""points"":""50"",""championId"":""57"",""championName"":""Maokai""}",2025-11-03 15:46:58.771351+00
556,e55f6073-25c5-4c73-a220-4b6327f7ba5e,24,Hunny,GEM Lahallayd#GEM,Zephiroth,MASTERY_LEVEL_UP,Mastery Upgrade!,Hunny reached mastery level 1 with Seraphine in GEM Lahallayd#GEM,"{""to"":""1"",""from"":""0"",""points"":""50"",""championId"":""147"",""championName"":""Seraphine""}",2025-11-03 15:47:11.955857+00
557,e55f6073-25c5-4c73-a220-4b6327f7ba5e,24,Hunny,GEM Lahallayd#GEM,Zephiroth,MASTERY_LEVEL_UP,Mastery Upgrade!,Hunny reached mastery level 1 with Nidalee in GEM Lahallayd#GEM,"{""to"":""1"",""from"":""0"",""points"":""50"",""championId"":""76"",""championName"":""Nidalee""}",2025-11-03 15:47:27.507322+00
558,e55f6073-25c5-4c73-a220-4b6327f7ba5e,24,Hunny,GEM Lahallayd#GEM,Zephiroth,MASTERY_LEVEL_UP,Mastery Upgrade!,Hunny reached mastery level 1 with Zed in GEM Lahallayd#GEM,"{""to"":""1"",""from"":""0"",""points"":""50"",""championId"":""238"",""championName"":""Zed""}",2025-11-03 15:47:42.053374+00
559,e55f6073-25c5-4c73-a220-4b6327f7ba5e,24,Hunny,GEM Lahallayd#GEM,Zephiroth,MASTERY_LEVEL_UP,Mastery Upgrade!,Hunny reached mastery level 1 with Mordekaiser in GEM Lahallayd#GEM,"{""to"":""1"",""from"":""0"",""points"":""50"",""championId"":""82"",""championName"":""Mordekaiser""}",2025-11-03 15:47:56.781677+00
560,e55f6073-25c5-4c73-a220-4b6327f7ba5e,24,Hunny,GEM Lahallayd#GEM,Zephiroth,MASTERY_LEVEL_UP,Mastery Upgrade!,Hunny reached mastery level 1 with Yone in GEM Lahallayd#GEM,"{""to"":""1"",""from"":""0"",""points"":""50"",""championId"":""777"",""championName"":""Yone""}",2025-11-03 15:48:14.223594+00
561,e55f6073-25c5-4c73-a220-4b6327f7ba5e,24,Hunny,GEM Lahallayd#GEM,Zephiroth,MASTERY_LEVEL_UP,Mastery Upgrade!,Hunny reached mastery level 1 with Kled in GEM Lahallayd#GEM,"{""to"":""1"",""from"":""0"",""points"":""50"",""championId"":""240"",""championName"":""Kled""}",2025-11-03 15:48:25.272686+00
562,e55f6073-25c5-4c73-a220-4b6327f7ba5e,24,Hunny,GEM Lahallayd#GEM,Zephiroth,MASTERY_LEVEL_UP,Mastery Upgrade!,Hunny reached mastery level 1 with Jax in GEM Lahallayd#GEM,"{""to"":""1"",""from"":""0"",""points"":""50"",""championId"":""24"",""championName"":""Jax""}",2025-11-03 15:48:36.883978+00
563,e55f6073-25c5-4c73-a220-4b6327f7ba5e,24,Hunny,GEM Lahallayd#GEM,Zephiroth,MASTERY_LEVEL_UP,Mastery Upgrade!,Hunny reached mastery level 1 with Elise in GEM Lahallayd#GEM,"{""to"":""1"",""from"":""0"",""points"":""50"",""championId"":""60"",""championName"":""Elise""}",2025-11-03 15:48:53.033917+00
564,e55f6073-25c5-4c73-a220-4b6327f7ba5e,24,Hunny,GEM Lahallayd#GEM,Zephiroth,MASTERY_LEVEL_UP,Mastery Upgrade!,Hunny reached mastery level 1 with Kha'Zix in GEM Lahallayd#GEM,"{""to"":""1"",""from"":""0"",""points"":""50"",""championId"":""121"",""championName"":""Kha'Zix""}",2025-11-03 15:49:16.989665+00
565,e55f6073-25c5-4c73-a220-4b6327f7ba5e,24,Hunny,GEM Lahallayd#GEM,Zephiroth,MASTERY_LEVEL_UP,Mastery Upgrade!,Hunny reached mastery level 1 with Morgana in GEM Lahallayd#GEM,"{""to"":""1"",""from"":""0"",""points"":""50"",""championId"":""25"",""championName"":""Morgana""}",2025-11-03 15:49:28.260434+00
566,e55f6073-25c5-4c73-a220-4b6327f7ba5e,24,Hunny,GEM Lahallayd#GEM,Zephiroth,MASTERY_LEVEL_UP,Mastery Upgrade!,Hunny reached mastery level 1 with Volibear in GEM Lahallayd#GEM,"{""to"":""1"",""from"":""0"",""points"":""50"",""championId"":""106"",""championName"":""Volibear""}",2025-11-03 15:49:42.861794+00
567,e55f6073-25c5-4c73-a220-4b6327f7ba5e,24,Hunny,GEM Lahallayd#GEM,Zephiroth,MASTERY_LEVEL_UP,Mastery Upgrade!,Hunny reached mastery level 1 with Garen in GEM Lahallayd#GEM,"{""to"":""1"",""from"":""0"",""points"":""50"",""championId"":""86"",""championName"":""Garen""}",2025-11-03 15:49:55.764226+00
568,e55f6073-25c5-4c73-a220-4b6327f7ba5e,24,Hunny,GEM Lahallayd#GEM,Zephiroth,MASTERY_LEVEL_UP,Mastery Upgrade!,Hunny reached mastery level 1 with Lucian in GEM Lahallayd#GEM,"{""to"":""1"",""from"":""0"",""points"":""50"",""championId"":""236"",""championName"":""Lucian""}",2025-11-03 15:50:08.865932+00
569,e55f6073-25c5-4c73-a220-4b6327f7ba5e,24,Hunny,GEM Lahallayd#GEM,Zephiroth,MASTERY_LEVEL_UP,Mastery Upgrade!,Hunny reached mastery level 1 with Graves in GEM Lahallayd#GEM,"{""to"":""1"",""from"":""0"",""points"":""50"",""championId"":""104"",""championName"":""Graves""}",2025-11-03 15:50:21.899952+00
570,c446637c-3582-44fd-a26b-93eaadb027b4,40,jony_lu,GEM Veldraveth#GEM,Primogenit,MISSION_COMPLETED,Mission Completed!,jony_lu completed a mission in GEM Veldraveth#GEM,"{""points"":""10"",""progress"":""2/12"",""missionNumber"":""2"",""totalMissions"":""12""}",2025-11-03 19:02:32.904916+00
571,c446637c-3582-44fd-a26b-93eaadb027b4,40,jony_lu,GEM Veldraveth#GEM,Primogenit,MISSION_COMPLETED,Mission Completed!,jony_lu completed a mission in GEM Veldraveth#GEM,"{""points"":""10"",""progress"":""4/12"",""missionNumber"":""4"",""totalMissions"":""12""}",2025-11-03 19:02:33.413309+00
572,c446637c-3582-44fd-a26b-93eaadb027b4,40,jony_lu,GEM Veldraveth#GEM,Primogenit,MISSION_COMPLETED,Mission Completed!,jony_lu completed a mission in GEM Veldraveth#GEM,"{""progress"":""2/61"",""ranked_id"":""40"",""total_missions"":""61"",""current_missions"":""2"",""missions_completed"":""2""}",2025-11-03 19:02:35.806319+00
573,c446637c-3582-44fd-a26b-93eaadb027b4,40,jony_lu,GEM Veldraveth#GEM,Primogenit,MISSION_COMPLETED,Mission Completed!,jony_lu completed a mission in GEM Veldraveth#GEM,"{""progress"":""4/61"",""ranked_id"":""40"",""total_missions"":""61"",""current_missions"":""4"",""missions_completed"":""2""}",2025-11-03 19:02:39.234065+00
574,c446637c-3582-44fd-a26b-93eaadb027b4,21,jony_lu,GEM Envicingess#GEM,Zephiroth,MISSION_COMPLETED,Mission Completed!,jony_lu completed a mission in GEM Envicingess#GEM,"{""points"":""10"",""progress"":""2/12"",""missionNumber"":""2"",""totalMissions"":""12""}",2025-11-03 19:03:01.891542+00
575,c446637c-3582-44fd-a26b-93eaadb027b4,21,jony_lu,GEM Envicingess#GEM,Zephiroth,MISSION_COMPLETED,Mission Completed!,jony_lu completed a mission in GEM Envicingess#GEM,"{""points"":""10"",""progress"":""4/12"",""missionNumber"":""4"",""totalMissions"":""12""}",2025-11-03 19:03:03.128977+00
576,c446637c-3582-44fd-a26b-93eaadb027b4,21,jony_lu,GEM Envicingess#GEM,Zephiroth,MISSION_COMPLETED,Mission Completed!,jony_lu completed a mission in GEM Envicingess#GEM,"{""points"":""10"",""progress"":""5/12"",""missionNumber"":""5"",""totalMissions"":""12""}",2025-11-03 19:03:04.060589+00
577,c446637c-3582-44fd-a26b-93eaadb027b4,43,jony_lu,GEM Gliecernice#GEM,Gladasmy,MISSION_COMPLETED,Mission Completed!,jony_lu completed a mission in GEM Gliecernice#GEM,"{""points"":""10"",""progress"":""8/12"",""missionNumber"":""8"",""totalMissions"":""12""}",2025-11-03 19:03:18.643566+00
578,c446637c-3582-44fd-a26b-93eaadb027b4,43,jony_lu,GEM Gliecernice#GEM,Gladasmy,MISSION_COMPLETED,Mission Completed!,jony_lu completed a mission in GEM Gliecernice#GEM,"{""progress"":""8/15"",""ranked_id"":""43"",""total_missions"":""15"",""current_missions"":""8"",""missions_completed"":""2""}",2025-11-03 19:03:21.286825+00
579,c446637c-3582-44fd-a26b-93eaadb027b4,21,jony_lu,GEM Envicingess#GEM,Zephiroth,MISSION_COMPLETED,Mission Completed!,jony_lu completed a mission in GEM Envicingess#GEM,"{""progress"":""5/61"",""ranked_id"":""21"",""total_missions"":""61"",""current_missions"":""5"",""missions_completed"":""5""}",2025-11-03 19:04:24.821832+00
580,e55f6073-25c5-4c73-a220-4b6327f7ba5e,48,Hunny,GEM Furninscorce#GEM,Porveldam,MASTERY_LEVEL_UP,Mastery Upgrade!,Hunny reached mastery level 2 with Rell in GEM Furninscorce#GEM,"{""to"":""2"",""from"":""1"",""points"":""50"",""championId"":""526"",""championName"":""Rell""}",2025-11-03 19:46:42.146347+00
583,f3254e34-8239-4641-b404-d679548ded03,39,peraltadoctor,GEM Deliquesence#LAS,Primogenit,HONOR_UP,Honor Increased!,"peraltadoctor increased their honor, reaching level 5","{""to"":""5"",""from"":""4"",""gained"":""1"",""points"":""300""}",2025-11-04 16:17:48.061282+00
584,c446637c-3582-44fd-a26b-93eaadb027b4,43,jony_lu,GEM Gliecernice#GEM,Gladasmy,MISSION_COMPLETED,Mission Completed!,jony_lu completed a mission in GEM Gliecernice#GEM,"{""points"":""10"",""progress"":""9/12"",""missionNumber"":""9"",""totalMissions"":""12""}",2025-11-04 18:14:47.842619+00
585,c446637c-3582-44fd-a26b-93eaadb027b4,43,jony_lu,GEM Gliecernice#GEM,Gladasmy,MISSION_COMPLETED,Mission Completed!,jony_lu completed a mission in GEM Gliecernice#GEM,"{""points"":""10"",""progress"":""10/12"",""missionNumber"":""10"",""totalMissions"":""12""}",2025-11-04 18:14:48.412048+00
586,c446637c-3582-44fd-a26b-93eaadb027b4,43,jony_lu,GEM Gliecernice#GEM,Gladasmy,MISSION_COMPLETED,Mission Completed!,jony_lu completed a mission in GEM Gliecernice#GEM,"{""points"":""10"",""progress"":""11/12"",""missionNumber"":""11"",""totalMissions"":""12""}",2025-11-04 18:14:49.212365+00
587,c446637c-3582-44fd-a26b-93eaadb027b4,43,jony_lu,GEM Gliecernice#GEM,Gladasmy,MISSION_COMPLETED,Mission Completed!,jony_lu completed a mission in GEM Gliecernice#GEM,"{""points"":""10"",""progress"":""12/12"",""missionNumber"":""12"",""totalMissions"":""12""}",2025-11-04 18:14:50.171965+00
588,c446637c-3582-44fd-a26b-93eaadb027b4,43,jony_lu,GEM Gliecernice#GEM,Gladasmy,MISSION_COMPLETED,Mission Completed!,jony_lu completed a mission in GEM Gliecernice#GEM,"{""progress"":""9/15"",""ranked_id"":""43"",""total_missions"":""15"",""current_missions"":""9"",""missions_completed"":""1""}",2025-11-04 18:14:51.147898+00
589,c446637c-3582-44fd-a26b-93eaadb027b4,43,jony_lu,GEM Gliecernice#GEM,Gladasmy,MISSION_COMPLETED,Mission Completed!,jony_lu completed a mission in GEM Gliecernice#GEM,"{""progress"":""10/15"",""ranked_id"":""43"",""total_missions"":""15"",""current_missions"":""10"",""missions_completed"":""1""}",2025-11-04 18:14:54.550793+00
590,c446637c-3582-44fd-a26b-93eaadb027b4,43,jony_lu,GEM Gliecernice#GEM,Gladasmy,MISSION_COMPLETED,Mission Completed!,jony_lu completed a mission in GEM Gliecernice#GEM,"{""progress"":""11/15"",""ranked_id"":""43"",""total_missions"":""15"",""current_missions"":""11"",""missions_completed"":""1""}",2025-11-04 18:14:58.00038+00
591,c446637c-3582-44fd-a26b-93eaadb027b4,43,jony_lu,GEM Gliecernice#GEM,Gladasmy,MISSION_COMPLETED,Mission Completed!,jony_lu completed a mission in GEM Gliecernice#GEM,"{""progress"":""12/15"",""ranked_id"":""43"",""total_missions"":""15"",""current_missions"":""12"",""missions_completed"":""1""}",2025-11-04 18:15:01.3795+00
592,2b7efafc-3a83-48f8-8e0e-60b052ffcd98,12,Supblime,GEM Lacellire#LAS,Spadelline,WIN,Victory!,Supblime won 1 win in GEM Lacellire#LAS,"{""wins"":""1"",""points"":""70"",""totalWins"":""87""}",2025-11-06 03:33:40.259723+00
593,2b7efafc-3a83-48f8-8e0e-60b052ffcd98,12,Supblime,GEM Lacellire#LAS,Spadelline,WIN,Victory!,Supblime won 7 wins in GEM Lacellire#LAS,"{""wins"":""7"",""points"":""490"",""totalWins"":""87""}",2025-11-06 03:33:51.116445+00
594,2b7efafc-3a83-48f8-8e0e-60b052ffcd98,12,Supblime,GEM Lacellire#LAS,Spadelline,HONOR_UP,Honor Increased!,"Supblime increased their honor, reaching level 4","{""to"":""4"",""from"":""3"",""gained"":""1"",""points"":""300""}",2025-11-06 03:33:58.070436+00
595,2b7efafc-3a83-48f8-8e0e-60b052ffcd98,12,Supblime,GEM Lacellire#LAS,Spadelline,MASTERY_LEVEL_UP,Mastery Upgrade!,Supblime reached mastery level 2 with Veigar in GEM Lacellire#LAS,"{""to"":""2"",""from"":""1"",""points"":""50"",""championId"":""45"",""championName"":""Veigar""}",2025-11-06 03:35:08.110418+00
599,2d926f04-c40a-404e-9772-bf458d31f2e2,26,Matutte,GEM Plissevelary#GEM,Zephiroth,WIN,Victory!,Matutte won 1 win in GEM Plissevelary#GEM,"{""wins"":""1"",""points"":""70"",""totalWins"":""34""}",2025-11-06 22:43:32.549125+00
600,d7895f20-abd6-4552-a559-63ba2626b88f,51,Gemy,GEM Depurallire#GEM,Spadelline,MISSION_COMPLETED,Mission Completed!,Gemy completed a mission in GEM Depurallire#GEM,"{""points"":""10"",""progress"":""3/12"",""missionNumber"":""3"",""totalMissions"":""12""}",2025-11-08 02:26:56.480846+00
601,d7895f20-abd6-4552-a559-63ba2626b88f,51,Gemy,GEM Depurallire#GEM,Spadelline,MISSION_COMPLETED,Mission Completed!,Gemy completed a mission in GEM Depurallire#GEM,"{""points"":""10"",""progress"":""5/12"",""missionNumber"":""5"",""totalMissions"":""12""}",2025-11-08 02:26:58.286893+00
602,d7895f20-abd6-4552-a559-63ba2626b88f,51,Gemy,GEM Depurallire#GEM,Spadelline,MISSION_COMPLETED,Mission Completed!,Gemy completed a mission in GEM Depurallire#GEM,"{""progress"":""3/0"",""ranked_id"":""51"",""total_missions"":""0"",""current_missions"":""3"",""missions_completed"":""3""}",2025-11-08 02:26:59.255712+00
603,d7895f20-abd6-4552-a559-63ba2626b88f,51,Gemy,GEM Depurallire#GEM,Spadelline,MISSION_COMPLETED,Mission Completed!,Gemy completed a mission in GEM Depurallire#GEM,"{""progress"":""5/0"",""ranked_id"":""51"",""total_missions"":""0"",""current_missions"":""5"",""missions_completed"":""2""}",2025-11-08 02:27:02.387404+00
604,e55f6073-25c5-4c73-a220-4b6327f7ba5e,49,Hunny,GEM Arklyndarce#GEM,Porveldam,LEVEL_UP,Level Up!,Hunny leveled up to 25 in GEM Arklyndarce#GEM,"{""to"":""25"",""from"":""23"",""gained"":""2"",""points"":""160""}",2025-11-08 03:08:54.765146+00
605,e55f6073-25c5-4c73-a220-4b6327f7ba5e,49,Hunny,GEM Arklyndarce#GEM,Porveldam,MISSION_COMPLETED,Mission Completed!,Hunny completed a mission in GEM Arklyndarce#GEM,"{""points"":""10"",""progress"":""2/12"",""missionNumber"":""2"",""totalMissions"":""12""}",2025-11-08 05:05:33.329538+00
606,e55f6073-25c5-4c73-a220-4b6327f7ba5e,49,Hunny,GEM Arklyndarce#GEM,Porveldam,MISSION_COMPLETED,Mission Completed!,Hunny completed a mission in GEM Arklyndarce#GEM,"{""points"":""10"",""progress"":""3/12"",""missionNumber"":""3"",""totalMissions"":""12""}",2025-11-08 05:05:33.869583+00
607,e55f6073-25c5-4c73-a220-4b6327f7ba5e,49,Hunny,GEM Arklyndarce#GEM,Porveldam,MISSION_COMPLETED,Mission Completed!,Hunny completed a mission in GEM Arklyndarce#GEM,"{""points"":""10"",""progress"":""4/12"",""missionNumber"":""4"",""totalMissions"":""12""}",2025-11-08 05:05:34.580551+00
608,e55f6073-25c5-4c73-a220-4b6327f7ba5e,49,Hunny,GEM Arklyndarce#GEM,Porveldam,MISSION_COMPLETED,Mission Completed!,Hunny completed a mission in GEM Arklyndarce#GEM,"{""points"":""10"",""progress"":""5/12"",""missionNumber"":""5"",""totalMissions"":""12""}",2025-11-08 05:05:35.500369+00
609,e55f6073-25c5-4c73-a220-4b6327f7ba5e,49,Hunny,GEM Arklyndarce#GEM,Porveldam,MISSION_COMPLETED,Mission Completed!,Hunny completed a mission in GEM Arklyndarce#GEM,"{""progress"":""2/0"",""ranked_id"":""49"",""total_missions"":""0"",""current_missions"":""2"",""missions_completed"":""2""}",2025-11-08 05:05:36.025965+00
610,e55f6073-25c5-4c73-a220-4b6327f7ba5e,49,Hunny,GEM Arklyndarce#GEM,Porveldam,MISSION_COMPLETED,Mission Completed!,Hunny completed a mission in GEM Arklyndarce#GEM,"{""points"":""10"",""progress"":""6/12"",""missionNumber"":""6"",""totalMissions"":""12""}",2025-11-08 05:05:36.440737+00
611,e55f6073-25c5-4c73-a220-4b6327f7ba5e,49,Hunny,GEM Arklyndarce#GEM,Porveldam,MISSION_COMPLETED,Mission Completed!,Hunny completed a mission in GEM Arklyndarce#GEM,"{""points"":""10"",""progress"":""7/12"",""missionNumber"":""7"",""totalMissions"":""12""}",2025-11-08 05:05:37.328574+00
612,e55f6073-25c5-4c73-a220-4b6327f7ba5e,49,Hunny,GEM Arklyndarce#GEM,Porveldam,MISSION_COMPLETED,Mission Completed!,Hunny completed a mission in GEM Arklyndarce#GEM,"{""points"":""10"",""progress"":""8/12"",""missionNumber"":""8"",""totalMissions"":""12""}",2025-11-08 05:05:37.871512+00
613,e55f6073-25c5-4c73-a220-4b6327f7ba5e,49,Hunny,GEM Arklyndarce#GEM,Porveldam,MISSION_COMPLETED,Mission Completed!,Hunny completed a mission in GEM Arklyndarce#GEM,"{""progress"":""7/0"",""ranked_id"":""49"",""total_missions"":""0"",""current_missions"":""7"",""missions_completed"":""5""}",2025-11-08 05:05:39.977507+00
614,e55f6073-25c5-4c73-a220-4b6327f7ba5e,49,Hunny,GEM Arklyndarce#GEM,Porveldam,MISSION_COMPLETED,Mission Completed!,Hunny completed a mission in GEM Arklyndarce#GEM,"{""progress"":""5/0"",""ranked_id"":""49"",""total_missions"":""0"",""current_missions"":""5"",""missions_completed"":""1""}",2025-11-08 05:05:46.217354+00
615,e55f6073-25c5-4c73-a220-4b6327f7ba5e,49,Hunny,GEM Arklyndarce#GEM,Porveldam,MISSION_COMPLETED,Mission Completed!,Hunny completed a mission in GEM Arklyndarce#GEM,"{""progress"":""6/0"",""ranked_id"":""49"",""total_missions"":""0"",""current_missions"":""6"",""missions_completed"":""1""}",2025-11-08 05:05:48.945125+00
616,d7895f20-abd6-4552-a559-63ba2626b88f,51,Gemy,GEM Depurallire#GEM,Spadelline,LEVEL_UP,Level Up!,Gemy leveled up to 24 in GEM Depurallire#GEM,"{""to"":""24"",""from"":""23"",""gained"":""1"",""points"":""80""}",2025-11-08 05:07:34.576887+00
617,d7895f20-abd6-4552-a559-63ba2626b88f,51,Gemy,GEM Depurallire#GEM,Spadelline,MISSION_COMPLETED,Mission Completed!,Gemy completed a mission in GEM Depurallire#GEM,"{""points"":""10"",""progress"":""7/12"",""missionNumber"":""7"",""totalMissions"":""12""}",2025-11-08 05:44:40.830945+00
618,d7895f20-abd6-4552-a559-63ba2626b88f,51,Gemy,GEM Depurallire#GEM,Spadelline,MISSION_COMPLETED,Mission Completed!,Gemy completed a mission in GEM Depurallire#GEM,"{""points"":""10"",""progress"":""8/12"",""missionNumber"":""8"",""totalMissions"":""12""}",2025-11-08 05:44:41.817822+00
619,d7895f20-abd6-4552-a559-63ba2626b88f,51,Gemy,GEM Depurallire#GEM,Spadelline,MISSION_COMPLETED,Mission Completed!,Gemy completed a mission in GEM Depurallire#GEM,"{""points"":""10"",""progress"":""7/12"",""missionNumber"":""7"",""totalMissions"":""12""}",2025-11-08 05:44:46.858101+00
620,d7895f20-abd6-4552-a559-63ba2626b88f,51,Gemy,GEM Depurallire#GEM,Spadelline,MISSION_COMPLETED,Mission Completed!,Gemy completed a mission in GEM Depurallire#GEM,"{""progress"":""7/0"",""ranked_id"":""51"",""total_missions"":""0"",""current_missions"":""7"",""missions_completed"":""2""}",2025-11-08 05:45:13.094331+00
621,d7895f20-abd6-4552-a559-63ba2626b88f,51,Gemy,GEM Depurallire#GEM,Spadelline,MASTERY_LEVEL_UP,Mastery Upgrade!,Gemy reached mastery level 1 with Varus in GEM Depurallire#GEM,"{""to"":""1"",""from"":""0"",""points"":""50"",""championId"":""110"",""championName"":""Varus""}",2025-11-08 18:55:01.417844+00
622,2d926f04-c40a-404e-9772-bf458d31f2e2,26,Matutte,GEM Plissevelary#GEM,Zephiroth,MASTERY_LEVEL_UP,Mastery Upgrade!,Matutte reached mastery level 6 with Akali in GEM Plissevelary#GEM,"{""to"":""6"",""from"":""5"",""points"":""50"",""championId"":""84"",""championName"":""Akali""}",2025-11-09 14:42:10.062864+00
623,2d926f04-c40a-404e-9772-bf458d31f2e2,26,Matutte,GEM Plissevelary#GEM,Zephiroth,LEVEL_UP,Level Up!,Matutte leveled up to 38 in GEM Plissevelary#GEM,"{""to"":""38"",""from"":""34"",""gained"":""4"",""points"":""320""}",2025-11-09 14:43:09.168586+00
624,d7895f20-abd6-4552-a559-63ba2626b88f,51,Gemy,GEM Depurallire#GEM,Spadelline,MASTERY_LEVEL_UP,Mastery Upgrade!,Gemy reached mastery level 4 with Twitch in GEM Depurallire#GEM,"{""to"":""4"",""from"":""2"",""points"":""100"",""championId"":""29"",""championName"":""Twitch""}",2025-11-09 14:44:40.200156+00
625,d7895f20-abd6-4552-a559-63ba2626b88f,51,Gemy,GEM Depurallire#GEM,Spadelline,MASTERY_LEVEL_UP,Mastery Upgrade!,Gemy reached mastery level 3 with Jinx in GEM Depurallire#GEM,"{""to"":""3"",""from"":""2"",""points"":""50"",""championId"":""222"",""championName"":""Jinx""}",2025-11-09 14:44:52.886072+00
626,d7895f20-abd6-4552-a559-63ba2626b88f,51,Gemy,GEM Depurallire#GEM,Spadelline,MASTERY_LEVEL_UP,Mastery Upgrade!,Gemy reached mastery level 2 with Yuumi in GEM Depurallire#GEM,"{""to"":""2"",""from"":""0"",""points"":""100"",""championId"":""350"",""championName"":""Yuumi""}",2025-11-09 14:45:18.236622+00
627,d7895f20-abd6-4552-a559-63ba2626b88f,51,Gemy,GEM Depurallire#GEM,Spadelline,MASTERY_LEVEL_UP,Mastery Upgrade!,Gemy reached mastery level 1 with Samira in GEM Depurallire#GEM,"{""to"":""1"",""from"":""0"",""points"":""50"",""championId"":""360"",""championName"":""Samira""}",2025-11-09 14:45:37.652286+00
628,d7895f20-abd6-4552-a559-63ba2626b88f,51,Gemy,GEM Depurallire#GEM,Spadelline,MASTERY_LEVEL_UP,Mastery Upgrade!,Gemy reached mastery level 1 with Ashe in GEM Depurallire#GEM,"{""to"":""1"",""from"":""0"",""points"":""50"",""championId"":""22"",""championName"":""Ashe""}",2025-11-09 14:45:48.503822+00
629,d7895f20-abd6-4552-a559-63ba2626b88f,51,Gemy,GEM Depurallire#GEM,Spadelline,MASTERY_LEVEL_UP,Mastery Upgrade!,Gemy reached mastery level 1 with Warwick in GEM Depurallire#GEM,"{""to"":""1"",""from"":""0"",""points"":""50"",""championId"":""19"",""championName"":""Warwick""}",2025-11-09 14:46:09.92365+00
630,d7895f20-abd6-4552-a559-63ba2626b88f,51,Gemy,GEM Depurallire#GEM,Spadelline,MASTERY_LEVEL_UP,Mastery Upgrade!,Gemy reached mastery level 1 with Vayne in GEM Depurallire#GEM,"{""to"":""1"",""from"":""0"",""points"":""50"",""championId"":""67"",""championName"":""Vayne""}",2025-11-09 14:46:47.291816+00
631,d7895f20-abd6-4552-a559-63ba2626b88f,3,Gemy,GEM Dreemurdomme#GEM,Porveldam,MASTERY_LEVEL_UP,Mastery Upgrade!,Gemy reached mastery level 4 with Katarina in GEM Dreemurdomme#GEM,"{""to"":""4"",""from"":""3"",""points"":""50"",""championId"":""55"",""championName"":""Katarina""}",2025-11-09 14:47:54.436753+00
634,d7895f20-abd6-4552-a559-63ba2626b88f,3,Gemy,GEM Dreemurdomme#GEM,Porveldam,WIN,Victory!,Gemy won 1 win in GEM Dreemurdomme#GEM,"{""wins"":""1"",""points"":""70"",""totalWins"":""90""}",2025-11-09 21:04:18.57013+00
635,d7895f20-abd6-4552-a559-63ba2626b88f,3,Gemy,GEM Dreemurdomme#GEM,Porveldam,WIN,Victory!,Gemy won 1 win in GEM Dreemurdomme#GEM,"{""wins"":""1"",""points"":""70"",""totalWins"":""90""}",2025-11-09 21:04:29.192044+00
636,2d926f04-c40a-404e-9772-bf458d31f2e2,26,Matutte,GEM Plissevelary#GEM,Zephiroth,WIN,Victory!,Matutte won 1 win in GEM Plissevelary#GEM,"{""wins"":""1"",""points"":""70"",""totalWins"":""38""}",2025-11-09 22:26:54.113215+00
637,d7895f20-abd6-4552-a559-63ba2626b88f,3,Gemy,GEM Dreemurdomme#GEM,Porveldam,WIN,Victory!,Gemy won 1 win in GEM Dreemurdomme#GEM,"{""wins"":""1"",""points"":""70"",""totalWins"":""90""}",2025-11-09 23:13:11.41227+00
638,d7895f20-abd6-4552-a559-63ba2626b88f,51,Gemy,GEM Depurallire#GEM,Spadelline,LEVEL_UP,Level Up!,Gemy leveled up to 26 in GEM Depurallire#GEM,"{""to"":""26"",""from"":""24"",""gained"":""2"",""points"":""160""}",2025-11-09 23:14:32.602472+00
639,2d926f04-c40a-404e-9772-bf458d31f2e2,26,Matutte,GEM Plissevelary#GEM,Zephiroth,WIN,Victory!,Matutte won 3 wins in GEM Plissevelary#GEM,"{""wins"":""3"",""points"":""210"",""totalWins"":""38""}",2025-11-09 23:50:04.048167+00
640,d7895f20-abd6-4552-a559-63ba2626b88f,51,Gemy,GEM Depurallire#GEM,Spadelline,MISSION_COMPLETED,Mission Completed!,Gemy completed a mission in GEM Depurallire#GEM,"{""points"":""10"",""progress"":""9/12"",""missionNumber"":""9"",""totalMissions"":""12""}",2025-11-10 04:31:41.391295+00
641,d7895f20-abd6-4552-a559-63ba2626b88f,51,Gemy,GEM Depurallire#GEM,Spadelline,MISSION_COMPLETED,Mission Completed!,Gemy completed a mission in GEM Depurallire#GEM,"{""points"":""10"",""progress"":""11/12"",""missionNumber"":""11"",""totalMissions"":""12""}",2025-11-10 04:31:42.057317+00
642,d7895f20-abd6-4552-a559-63ba2626b88f,51,Gemy,GEM Depurallire#GEM,Spadelline,MISSION_COMPLETED,Mission Completed!,Gemy completed a mission in GEM Depurallire#GEM,"{""points"":""10"",""progress"":""12/12"",""missionNumber"":""12"",""totalMissions"":""12""}",2025-11-10 04:31:43.668471+00
643,d7895f20-abd6-4552-a559-63ba2626b88f,51,Gemy,GEM Depurallire#GEM,Spadelline,MISSION_COMPLETED,Mission Completed!,Gemy completed a mission in GEM Depurallire#GEM,"{""progress"":""9/0"",""ranked_id"":""51"",""total_missions"":""0"",""current_missions"":""9"",""missions_completed"":""2""}",2025-11-10 04:31:44.016369+00
644,d7895f20-abd6-4552-a559-63ba2626b88f,51,Gemy,GEM Depurallire#GEM,Spadelline,MISSION_COMPLETED,Mission Completed!,Gemy completed a mission in GEM Depurallire#GEM,"{""progress"":""11/0"",""ranked_id"":""51"",""total_missions"":""0"",""current_missions"":""11"",""missions_completed"":""2""}",2025-11-10 04:31:47.408238+00
645,d7895f20-abd6-4552-a559-63ba2626b88f,51,Gemy,GEM Depurallire#GEM,Spadelline,MISSION_COMPLETED,Mission Completed!,Gemy completed a mission in GEM Depurallire#GEM,"{""progress"":""12/0"",""ranked_id"":""51"",""total_missions"":""0"",""current_missions"":""12"",""missions_completed"":""1""}",2025-11-10 04:31:50.859698+00
646,d7895f20-abd6-4552-a559-63ba2626b88f,51,Gemy,GEM Depurallire#GEM,Spadelline,MASTERY_LEVEL_UP,Mastery Upgrade!,Gemy reached mastery level 1 with Rakan in GEM Depurallire#GEM,"{""to"":""1"",""from"":""0"",""points"":""50"",""championId"":""497"",""championName"":""Rakan""}",2025-11-10 05:13:55.940843+00
647,d7895f20-abd6-4552-a559-63ba2626b88f,51,Gemy,GEM Depurallire#GEM,Spadelline,MASTERY_LEVEL_UP,Mastery Upgrade!,Gemy reached mastery level 2 with Warwick in GEM Depurallire#GEM,"{""to"":""2"",""from"":""1"",""points"":""50"",""championId"":""19"",""championName"":""Warwick""}",2025-11-11 02:22:02.05771+00
648,c446637c-3582-44fd-a26b-93eaadb027b4,43,jony_lu,GEM Gliecernice#GEM,Gladasmy,LEVEL_UP,Level Up!,jony_lu leveled up to 24 in GEM Gliecernice#GEM,"{""to"":""24"",""from"":""23"",""gained"":""1"",""points"":""80""}",2025-11-11 03:01:53.987183+00
649,2d926f04-c40a-404e-9772-bf458d31f2e2,2,Matutte,GEM Cordacrimory#GEM,Porveldam,MEMBER,New Member!,Matutte redeemed the Majesty account GEM Cordacrimory#GEM,"{""points"":""0"",""username"":""GEM Cordacrimory#GEM"",""bloodline"":""Porveldam""}",2025-11-11 20:56:48.906212+00
650,d7895f20-abd6-4552-a559-63ba2626b88f,51,Gemy,GEM Depurallire#GEM,Spadelline,LEVEL_UP,Level Up!,Gemy leveled up to 28 in GEM Depurallire#GEM,"{""to"":""28"",""from"":""24"",""gained"":""4"",""points"":""320""}",2025-11-11 21:31:20.351945+00
651,f3254e34-8239-4641-b404-d679548ded03,34,peraltadoctor,GEM Phrasimfasya#GEM,Gladasmy,MEMBER,New Member!,peraltadoctor redeemed the Majesty account GEM Phrasimfasya#GEM,"{""points"":""0"",""username"":""GEM Phrasimfasya#GEM"",""bloodline"":""Gladasmy""}",2025-11-11 21:56:40.000295+00
652,c446637c-3582-44fd-a26b-93eaadb027b4,43,jony_lu,GEM Gliecernice#GEM,Gladasmy,LEVEL_UP,Level Up!,jony_lu leveled up to 30 in GEM Gliecernice#GEM,"{""to"":""30"",""from"":""24"",""gained"":""6"",""points"":""480""}",2025-11-12 01:01:35.509304+00
655,d7895f20-abd6-4552-a559-63ba2626b88f,51,Gemy,GEM Depurallire#GEM,Spadelline,LEVEL_UP,Level Up!,Gemy leveled up to 29 in GEM Depurallire#GEM,"{""to"":""29"",""from"":""28"",""gained"":""1"",""points"":""80""}",2025-11-12 02:46:05.495214+00
656,d7895f20-abd6-4552-a559-63ba2626b88f,3,Gemy,GEM Dreemurdomme#GEM,Porveldam,WIN,Victory!,Gemy won 1 win in GEM Dreemurdomme#GEM,"{""wins"":""1"",""points"":""70"",""totalWins"":""90""}",2025-11-12 02:46:23.732669+00
659,f3254e34-8239-4641-b404-d679548ded03,34,peraltadoctor,GEM Phrasimfasya#GEM,Gladasmy,WIN,Victory!,peraltadoctor won 1 win in GEM Phrasimfasya#GEM,"{""wins"":""1"",""points"":""70"",""totalWins"":""30""}",2025-11-12 05:11:40.927373+00
660,f3254e34-8239-4641-b404-d679548ded03,34,peraltadoctor,GEM Phrasimfasya#GEM,Gladasmy,WIN,Victory!,peraltadoctor won 1 win in GEM Phrasimfasya#GEM,"{""wins"":""1"",""points"":""70"",""totalWins"":""30""}",2025-11-12 05:11:52.966015+00
661,c446637c-3582-44fd-a26b-93eaadb027b4,43,jony_lu,GEM Gliecernice#GEM,Gladasmy,WIN,Victory!,jony_lu won 1 win in GEM Gliecernice#GEM,"{""wins"":""1"",""points"":""70"",""totalWins"":""30""}",2025-11-13 02:45:47.776931+00
662,c446637c-3582-44fd-a26b-93eaadb027b4,43,jony_lu,GEM Gliecernice#GEM,Gladasmy,MASTERY_LEVEL_UP,Mastery Upgrade!,jony_lu reached mastery level 4 with Aphelios in GEM Gliecernice#GEM,"{""to"":""4"",""from"":""3"",""points"":""50"",""championId"":""523"",""championName"":""Aphelios""}",2025-11-13 02:46:04.276414+00
663,c446637c-3582-44fd-a26b-93eaadb027b4,43,jony_lu,GEM Gliecernice#GEM,Gladasmy,MASTERY_LEVEL_UP,Mastery Upgrade!,jony_lu reached mastery level 2 with Xayah in GEM Gliecernice#GEM,"{""to"":""2"",""from"":""0"",""points"":""100"",""championId"":""498"",""championName"":""Xayah""}",2025-11-13 02:46:45.824635+00
664,d7895f20-abd6-4552-a559-63ba2626b88f,51,Gemy,GEM Depurallire#GEM,Spadelline,LEVEL_UP,Level Up!,Gemy leveled up to 30 in GEM Depurallire#GEM,"{""to"":""30"",""from"":""29"",""gained"":""1"",""points"":""80""}",2025-11-14 05:06:08.114522+00
665,d7895f20-abd6-4552-a559-63ba2626b88f,51,Gemy,GEM Depurallire#GEM,Spadelline,LEVEL_30_ACHIEVED,Level 30 Achieved!,Gemy reached level 30 from level 29 in GEM Depurallire#GEM - 1000 BONUS POINTS!,"{""to"":""30"",""from"":""29"",""bonus"":""1000"",""points"":""1000""}",2025-11-14 05:06:08.483382+00
666,d6bd7eee-de31-4878-932e-12f3378e39c9,46,AmNightmare,GEM Ornetchreans#GEM,Primogenit,LEVEL_UP,Level Up!,AmNightmare leveled up to 21 in GEM Ornetchreans#GEM,"{""to"":""21"",""from"":""18"",""gained"":""3"",""points"":""240""}",2025-11-15 01:10:27.184048+00
667,d6bd7eee-de31-4878-932e-12f3378e39c9,46,AmNightmare,GEM Ornetchreans#GEM,Primogenit,MASTERY_LEVEL_UP,Mastery Upgrade!,AmNightmare reached mastery level 2 with Rakan in GEM Ornetchreans#GEM,"{""to"":""2"",""from"":""0"",""points"":""100"",""championId"":""497"",""championName"":""Rakan""}",2025-11-15 03:00:39.366293+00
668,d6bd7eee-de31-4878-932e-12f3378e39c9,46,AmNightmare,GEM Ornetchreans#GEM,Primogenit,MASTERY_LEVEL_UP,Mastery Upgrade!,AmNightmare reached mastery level 2 with Rakan in GEM Ornetchreans#GEM,"{""to"":""2"",""from"":""0"",""points"":""100"",""championId"":""497"",""championName"":""Rakan""}",2025-11-15 03:00:39.496209+00
669,e55f6073-25c5-4c73-a220-4b6327f7ba5e,48,Hunny,GEM Furninscorce#GEM,Porveldam,HONOR_UP,Honor Increased!,"Hunny increased their honor, reaching level 5","{""to"":""5"",""from"":""4"",""gained"":""1"",""points"":""300""}",2025-11-15 18:44:34.043986+00
670,2d926f04-c40a-404e-9772-bf458d31f2e2,2,Matutte,GEM Cordacrimory#GEM,Porveldam,WIN,Victory!,Matutte won 1 win in GEM Cordacrimory#GEM,"{""wins"":""1"",""points"":""70"",""totalWins"":""98""}",2025-11-16 00:21:19.81151+00
671,2d926f04-c40a-404e-9772-bf458d31f2e2,2,Matutte,GEM Cordacrimory#GEM,Porveldam,WIN,Victory!,Matutte won 1 win in GEM Cordacrimory#GEM,"{""wins"":""1"",""points"":""70"",""totalWins"":""98""}",2025-11-16 00:21:31.176842+00
672,2d926f04-c40a-404e-9772-bf458d31f2e2,2,Matutte,GEM Cordacrimory#GEM,Porveldam,RANK_UP,SoloQ Promotion!,Matutte climbed in SoloQ from PLATINUM IV to PLATINUM III in GEM Cordacrimory#GEM,"{""queue"":""SoloQ"",""points"":""25"",""toTier"":""PLATINUM"",""fromTier"":""PLATINUM"",""toDivision"":""3"",""fromDivision"":""4"",""divisionsGained"":""1""}",2025-11-16 00:21:35.039452+00
673,d6bd7eee-de31-4878-932e-12f3378e39c9,46,AmNightmare,GEM Ornetchreans#GEM,Primogenit,LEVEL_UP,Level Up!,AmNightmare leveled up to 22 in GEM Ornetchreans#GEM,"{""to"":""22"",""from"":""21"",""gained"":""1"",""points"":""80""}",2025-11-16 02:13:28.901888+00
674,2b7efafc-3a83-48f8-8e0e-60b052ffcd98,12,Supblime,GEM Lacellire#LAS,Spadelline,WIN,Victory!,Supblime won 1 win in GEM Lacellire#LAS,"{""wins"":""1"",""points"":""70"",""totalWins"":""87""}",2025-11-16 03:37:22.591826+00
675,d6bd7eee-de31-4878-932e-12f3378e39c9,10,AmNightmare,GEM Deellycella#GEM,Spadelline,MASTERY_LEVEL_UP,Mastery Upgrade!,AmNightmare reached mastery level 3 with Ezreal in GEM Deellycella#GEM,"{""to"":""3"",""from"":""2"",""points"":""50"",""championId"":""81"",""championName"":""Ezreal""}",2025-11-16 04:12:48.385145+00
676,2b7efafc-3a83-48f8-8e0e-60b052ffcd98,12,Supblime,GEM Lacellire#LAS,Spadelline,HONOR_UP,Honor Increased!,"Supblime increased their honor, reaching level 5","{""to"":""5"",""from"":""4"",""gained"":""1"",""points"":""300""}",2025-11-16 04:16:21.647453+00
677,d6bd7eee-de31-4878-932e-12f3378e39c9,10,AmNightmare,GEM Deellycella#GEM,Spadelline,HONOR_UP,Honor Increased!,"AmNightmare increased their honor, reaching level 5","{""to"":""5"",""from"":""4"",""gained"":""1"",""points"":""300""}",2025-11-16 04:16:37.52436+00
678,d6bd7eee-de31-4878-932e-12f3378e39c9,10,AmNightmare,GEM Deellycella#GEM,Spadelline,WIN,Victory!,AmNightmare won 1 win in GEM Deellycella#GEM,"{""wins"":""1"",""points"":""70"",""totalWins"":""72""}",2025-11-16 04:17:46.327748+00
679,d6bd7eee-de31-4878-932e-12f3378e39c9,10,AmNightmare,GEM Deellycella#GEM,Spadelline,WIN,Victory!,AmNightmare won 1 win in GEM Deellycella#GEM,"{""wins"":""1"",""points"":""70"",""totalWins"":""72""}",2025-11-16 05:01:56.387653+00
680,2d926f04-c40a-404e-9772-bf458d31f2e2,2,Matutte,GEM Cordacrimory#GEM,Porveldam,WIN,Victory!,Matutte won 1 win in GEM Cordacrimory#GEM,"{""wins"":""1"",""points"":""70"",""totalWins"":""98""}",2025-11-16 15:57:57.362844+00
681,f3254e34-8239-4641-b404-d679548ded03,34,peraltadoctor,GEM Phrasimfasya#GEM,Gladasmy,WIN,Victory!,peraltadoctor won 1 win in GEM Phrasimfasya#GEM,"{""wins"":""1"",""points"":""70"",""totalWins"":""30""}",2025-11-16 16:22:47.445816+00
682,f3254e34-8239-4641-b404-d679548ded03,34,peraltadoctor,GEM Phrasimfasya#GEM,Gladasmy,WIN,Victory!,peraltadoctor won 1 win in GEM Phrasimfasya#GEM,"{""wins"":""1"",""points"":""70"",""totalWins"":""30""}",2025-11-16 16:22:57.702234+00
683,2d926f04-c40a-404e-9772-bf458d31f2e2,2,Matutte,GEM Cordacrimory#GEM,Porveldam,WIN,Victory!,Matutte won 1 win in GEM Cordacrimory#GEM,"{""wins"":""1"",""points"":""70"",""totalWins"":""98""}",2025-11-16 20:35:05.145276+00
684,2d926f04-c40a-404e-9772-bf458d31f2e2,2,Matutte,GEM Cordacrimory#GEM,Porveldam,WIN,Victory!,Matutte won 1 win in GEM Cordacrimory#GEM,"{""wins"":""1"",""points"":""70"",""totalWins"":""98""}",2025-11-16 21:34:42.893015+00
685,c446637c-3582-44fd-a26b-93eaadb027b4,43,jony_lu,GEM Gliecernice#GEM,Gladasmy,WIN,Victory!,jony_lu won 1 win in GEM Gliecernice#GEM,"{""wins"":""1"",""points"":""70"",""totalWins"":""30""}",2025-11-17 02:47:14.798076+00
686,c446637c-3582-44fd-a26b-93eaadb027b4,43,jony_lu,GEM Gliecernice#GEM,Gladasmy,MASTERY_LEVEL_UP,Mastery Upgrade!,jony_lu reached mastery level 4 with Caitlyn in GEM Gliecernice#GEM,"{""to"":""4"",""from"":""3"",""points"":""50"",""championId"":""51"",""championName"":""Caitlyn""}",2025-11-17 02:47:42.009641+00
687,2b7efafc-3a83-48f8-8e0e-60b052ffcd98,12,Supblime,GEM Lacellire#LAS,Spadelline,MASTERY_LEVEL_UP,Mastery Upgrade!,Supblime reached mastery level 9 with Yuumi in GEM Lacellire#LAS,"{""to"":""9"",""from"":""8"",""points"":""50"",""championId"":""350"",""championName"":""Yuumi""}",2025-11-17 04:55:57.461955+00
688,d6bd7eee-de31-4878-932e-12f3378e39c9,46,AmNightmare,GEM Ornetchreans#GEM,Primogenit,HONOR_UP,Honor Increased!,"AmNightmare increased their honor, reaching level 5","{""to"":""5"",""from"":""4"",""gained"":""1"",""points"":""300""}",2025-11-17 19:43:04.010716+00
689,2b7efafc-3a83-48f8-8e0e-60b052ffcd98,12,Supblime,GEM Lacellire#LAS,Spadelline,WIN,Victory!,Supblime won 1 win in GEM Lacellire#LAS,"{""wins"":""1"",""points"":""70"",""totalWins"":""87""}",2025-11-17 19:43:55.434554+00
690,2d926f04-c40a-404e-9772-bf458d31f2e2,2,Matutte,GEM Cordacrimory#GEM,Porveldam,WIN,Victory!,Matutte won 1 win in GEM Cordacrimory#GEM,"{""wins"":""1"",""points"":""70"",""totalWins"":""98""}",2025-11-17 22:33:02.326615+00
691,c446637c-3582-44fd-a26b-93eaadb027b4,43,jony_lu,GEM Gliecernice#GEM,Gladasmy,WIN,Victory!,jony_lu won 1 win in GEM Gliecernice#GEM,"{""wins"":""1"",""points"":""70"",""totalWins"":""30""}",2025-11-18 01:50:49.712346+00
692,c446637c-3582-44fd-a26b-93eaadb027b4,43,jony_lu,GEM Gliecernice#GEM,Gladasmy,RANK_UP,SoloQ Promotion!,jony_lu climbed in SoloQ from Unranked to SILVER  in GEM Gliecernice#GEM,"{""queue"":""SoloQ"",""points"":""200"",""toTier"":""silver"",""fromTier"":""UNRANKED"",""toDivision"":""0"",""fromDivision"":""0"",""divisionsGained"":""8""}",2025-11-18 01:52:04.860599+00
693,c446637c-3582-44fd-a26b-93eaadb027b4,43,jony_lu,GEM Gliecernice#GEM,Gladasmy,RANK_UP,SoloQ Promotion!,jony_lu climbed in SoloQ from SILVER  to SILVER II in GEM Gliecernice#GEM,"{""queue"":""SoloQ"",""points"":""50"",""toTier"":""silver"",""fromTier"":""silver"",""toDivision"":""2"",""fromDivision"":""0"",""divisionsGained"":""2""}",2025-11-18 01:52:23.350584+00
694,c446637c-3582-44fd-a26b-93eaadb027b4,43,jony_lu,GEM Gliecernice#GEM,Gladasmy,WIN,Victory!,jony_lu won 1 win in GEM Gliecernice#GEM,"{""wins"":""1"",""points"":""70"",""totalWins"":""30""}",2025-11-18 02:30:17.082475+00
695,a098c50f-409f-4fc7-bb2c-c77b073e66cc,19,Gusta_L,GEM Damglantine#GEM,Zephiroth,WIN,Victory!,Gusta_L won 1 win in GEM Damglantine#GEM,"{""wins"":""1"",""points"":""70"",""totalWins"":""85""}",2025-11-18 03:57:52.768326+00
696,2b7efafc-3a83-48f8-8e0e-60b052ffcd98,12,Supblime,GEM Lacellire#LAS,Spadelline,WIN,Victory!,Supblime won 1 win in GEM Lacellire#LAS,"{""wins"":""1"",""points"":""70"",""totalWins"":""87""}",2025-11-18 04:10:50.838277+00
697,c446637c-3582-44fd-a26b-93eaadb027b4,43,jony_lu,GEM Gliecernice#GEM,Gladasmy,LEVEL_UP,Level Up!,jony_lu leveled up to 31 in GEM Gliecernice#GEM,"{""to"":""31"",""from"":""30"",""gained"":""1"",""points"":""80""}",2025-11-18 15:04:20.793506+00
698,2d926f04-c40a-404e-9772-bf458d31f2e2,2,Matutte,GEM Cordacrimory#GEM,Porveldam,WIN,Victory!,Matutte won 1 win in GEM Cordacrimory#GEM,"{""wins"":""1"",""points"":""70"",""totalWins"":""98""}",2025-11-18 23:01:12.138936+00
699,c446637c-3582-44fd-a26b-93eaadb027b4,43,jony_lu,GEM Gliecernice#GEM,Gladasmy,WIN,Victory!,jony_lu won 1 win in GEM Gliecernice#GEM,"{""wins"":""1"",""points"":""70"",""totalWins"":""31""}",2025-11-19 00:42:08.461567+00
702,51f4d626-c81c-4446-9c7f-4b410b8a5cbb,51,skadiantonioo,GEM Depurallire#GEM,Spadelline,MEMBER,New Member!,skadiantonioo redeemed the Majesty account GEM Depurallire#GEM,"{""points"":""0"",""username"":""GEM Depurallire#GEM"",""bloodline"":""Spadelline""}",2025-11-19 05:18:16.180744+00
703,51f4d626-c81c-4446-9c7f-4b410b8a5cbb,51,skadiantonioo,GEM Depurallire#GEM,Spadelline,WIN,Victory!,skadiantonioo won 1 win in GEM Depurallire#GEM,"{""wins"":""1"",""points"":""70"",""totalWins"":""30""}",2025-11-19 05:25:49.197813+00
704,51f4d626-c81c-4446-9c7f-4b410b8a5cbb,51,skadiantonioo,GEM Depurallire#GEM,Spadelline,MISSION_COMPLETED,Mission Completed!,skadiantonioo completed a mission in GEM Depurallire#GEM,"{""points"":""10"",""progress"":""1/12"",""missionNumber"":""1"",""totalMissions"":""12""}",2025-11-19 08:35:31.179806+00
705,51f4d626-c81c-4446-9c7f-4b410b8a5cbb,51,skadiantonioo,GEM Depurallire#GEM,Spadelline,MISSION_COMPLETED,Mission Completed!,skadiantonioo completed a mission in GEM Depurallire#GEM,"{""points"":""10"",""progress"":""1/12"",""missionNumber"":""1"",""totalMissions"":""12""}",2025-11-19 08:35:33.711555+00
706,51f4d626-c81c-4446-9c7f-4b410b8a5cbb,51,skadiantonioo,GEM Depurallire#GEM,Spadelline,MISSION_COMPLETED,Mission Completed!,skadiantonioo completed a mission in GEM Depurallire#GEM,"{""points"":""10"",""progress"":""1/12"",""missionNumber"":""1"",""totalMissions"":""12""}",2025-11-19 08:35:35.558538+00
707,51f4d626-c81c-4446-9c7f-4b410b8a5cbb,51,skadiantonioo,GEM Depurallire#GEM,Spadelline,MISSION_COMPLETED,Mission Completed!,skadiantonioo completed a mission in GEM Depurallire#GEM,"{""points"":""10"",""progress"":""2/12"",""missionNumber"":""2"",""totalMissions"":""12""}",2025-11-19 08:35:36.853453+00
708,51f4d626-c81c-4446-9c7f-4b410b8a5cbb,51,skadiantonioo,GEM Depurallire#GEM,Spadelline,RANK_UP,SoloQ Promotion!,skadiantonioo climbed in SoloQ from Unranked to Unranked in GEM Depurallire#GEM,"{""queue"":""SoloQ"",""points"":""50"",""toTier"":""UNRANKED"",""fromTier"":""UNRANKED"",""toDivision"":""2"",""fromDivision"":""0"",""divisionsGained"":""2""}",2025-11-19 08:36:02.172228+00
709,2d926f04-c40a-404e-9772-bf458d31f2e2,2,Matutte,GEM Cordacrimory#GEM,Porveldam,WIN,Victory!,Matutte won 1 win in GEM Cordacrimory#GEM,"{""wins"":""1"",""points"":""70"",""totalWins"":""98""}",2025-11-19 20:28:43.573927+00
710,2d926f04-c40a-404e-9772-bf458d31f2e2,2,Matutte,GEM Cordacrimory#GEM,Porveldam,MASTERY_LEVEL_UP,Mastery Upgrade!,Matutte reached mastery level 4 with Yasuo in GEM Cordacrimory#GEM,"{""to"":""4"",""from"":""3"",""points"":""50"",""championId"":""157"",""championName"":""Yasuo""}",2025-11-19 20:29:37.367535+00
711,2d926f04-c40a-404e-9772-bf458d31f2e2,2,Matutte,GEM Cordacrimory#GEM,Porveldam,MASTERY_LEVEL_UP,Mastery Upgrade!,Matutte reached mastery level 6 with Kai'Sa in GEM Cordacrimory#GEM,"{""to"":""6"",""from"":""4"",""points"":""100"",""championId"":""145"",""championName"":""Kai'Sa""}",2025-11-19 20:30:30.856159+00
712,f3254e34-8239-4641-b404-d679548ded03,34,peraltadoctor,GEM Phrasimfasya#GEM,Gladasmy,WIN,Victory!,peraltadoctor won 1 win in GEM Phrasimfasya#GEM,"{""wins"":""1"",""points"":""70"",""totalWins"":""30""}",2025-11-19 20:43:40.690967+00
713,f3254e34-8239-4641-b404-d679548ded03,34,peraltadoctor,GEM Phrasimfasya#GEM,Gladasmy,WIN,Victory!,peraltadoctor won 1 win in GEM Phrasimfasya#GEM,"{""wins"":""1"",""points"":""70"",""totalWins"":""30""}",2025-11-19 20:43:51.41467+00
714,f3254e34-8239-4641-b404-d679548ded03,34,peraltadoctor,GEM Phrasimfasya#GEM,Gladasmy,WIN,Victory!,peraltadoctor won 1 win in GEM Phrasimfasya#GEM,"{""wins"":""1"",""points"":""70"",""totalWins"":""30""}",2025-11-19 20:45:14.643208+00
715,f3254e34-8239-4641-b404-d679548ded03,34,peraltadoctor,GEM Phrasimfasya#GEM,Gladasmy,RANK_UP,Flex Promotion!,peraltadoctor climbed in Flex from Unranked to GOLD IV in GEM Phrasimfasya#GEM,"{""queue"":""Flex"",""points"":""300"",""toTier"":""gold"",""fromTier"":""UNRANKED"",""toDivision"":""4"",""fromDivision"":""0"",""divisionsGained"":""12""}",2025-11-19 20:45:15.028068+00
716,e55f6073-25c5-4c73-a220-4b6327f7ba5e,49,Hunny,GEM Arklyndarce#GEM,Porveldam,LEVEL_UP,Level Up!,Hunny leveled up to 30 in GEM Arklyndarce#GEM,"{""to"":""30"",""from"":""25"",""gained"":""5"",""points"":""400""}",2025-11-19 21:30:29.218779+00
717,e55f6073-25c5-4c73-a220-4b6327f7ba5e,49,Hunny,GEM Arklyndarce#GEM,Porveldam,LEVEL_30_ACHIEVED,Level 30 Achieved!,Hunny reached level 30 from level 25 in GEM Arklyndarce#GEM - 1000 BONUS POINTS!,"{""to"":""30"",""from"":""25"",""bonus"":""1000"",""points"":""1000""}",2025-11-19 21:30:29.690362+00
718,f3254e34-8239-4641-b404-d679548ded03,34,peraltadoctor,GEM Phrasimfasya#GEM,Gladasmy,WIN,Victory!,peraltadoctor won 1 win in GEM Phrasimfasya#GEM,"{""wins"":""1"",""points"":""70"",""totalWins"":""30""}",2025-11-19 21:40:23.818112+00
719,f3254e34-8239-4641-b404-d679548ded03,34,peraltadoctor,GEM Phrasimfasya#GEM,Gladasmy,WIN,Victory!,peraltadoctor won 1 win in GEM Phrasimfasya#GEM,"{""wins"":""1"",""points"":""70"",""totalWins"":""30""}",2025-11-19 21:41:28.659427+00
720,f3254e34-8239-4641-b404-d679548ded03,34,peraltadoctor,GEM Phrasimfasya#GEM,Gladasmy,RANK_UP,Flex Promotion!,peraltadoctor climbed in Flex from Unranked to GOLD  in GEM Phrasimfasya#GEM,"{""queue"":""Flex"",""points"":""300"",""toTier"":""gold"",""fromTier"":""UNRANKED"",""toDivision"":""0"",""fromDivision"":""0"",""divisionsGained"":""12""}",2025-11-19 21:41:29.047289+00
721,51f4d626-c81c-4446-9c7f-4b410b8a5cbb,51,skadiantonioo,GEM Depurallire#GEM,Spadelline,RANK_UP,Flex Promotion!,skadiantonioo climbed in Flex from Unranked to Unranked in GEM Depurallire#GEM,"{""queue"":""Flex"",""points"":""25"",""toTier"":""UNRANKED"",""fromTier"":""UNRANKED"",""toDivision"":""3"",""fromDivision"":""0"",""divisionsGained"":""1""}",2025-11-20 05:26:21.548254+00
722,51f4d626-c81c-4446-9c7f-4b410b8a5cbb,51,skadiantonioo,GEM Depurallire#GEM,Spadelline,WIN,Victory!,skadiantonioo won 1 win in GEM Depurallire#GEM,"{""wins"":""1"",""points"":""70"",""totalWins"":""30""}",2025-11-20 05:26:55.037228+00
723,51f4d626-c81c-4446-9c7f-4b410b8a5cbb,51,skadiantonioo,GEM Depurallire#GEM,Spadelline,RANK_UP,Flex Promotion!,skadiantonioo climbed in Flex from Unranked to SILVER III in GEM Depurallire#GEM,"{""queue"":""Flex"",""points"":""200"",""toTier"":""silver"",""fromTier"":""UNRANKED"",""toDivision"":""3"",""fromDivision"":""3"",""divisionsGained"":""8""}",2025-11-20 05:26:55.364026+00
724,51f4d626-c81c-4446-9c7f-4b410b8a5cbb,51,skadiantonioo,GEM Depurallire#GEM,Spadelline,WIN,Victory!,skadiantonioo won 1 win in GEM Depurallire#GEM,"{""wins"":""1"",""points"":""70"",""totalWins"":""30""}",2025-11-20 06:02:52.183791+00
725,51f4d626-c81c-4446-9c7f-4b410b8a5cbb,51,skadiantonioo,GEM Depurallire#GEM,Spadelline,RANK_UP,Flex Promotion!,skadiantonioo climbed in Flex from SILVER III to SILVER II in GEM Depurallire#GEM,"{""queue"":""Flex"",""points"":""25"",""toTier"":""silver"",""fromTier"":""silver"",""toDivision"":""2"",""fromDivision"":""3"",""divisionsGained"":""1""}",2025-11-20 06:02:54.597422+00
726,51f4d626-c81c-4446-9c7f-4b410b8a5cbb,51,skadiantonioo,GEM Depurallire#GEM,Spadelline,WIN,Victory!,skadiantonioo won 1 win in GEM Depurallire#GEM,"{""wins"":""1"",""points"":""70"",""totalWins"":""30""}",2025-11-20 07:25:09.338108+00
727,51f4d626-c81c-4446-9c7f-4b410b8a5cbb,51,skadiantonioo,GEM Depurallire#GEM,Spadelline,RANK_UP,SoloQ Promotion!,skadiantonioo climbed in SoloQ from Unranked to SILVER II in GEM Depurallire#GEM,"{""queue"":""SoloQ"",""points"":""200"",""toTier"":""silver"",""fromTier"":""UNRANKED"",""toDivision"":""2"",""fromDivision"":""2"",""divisionsGained"":""8""}",2025-11-20 08:21:53.416392+00
728,2d926f04-c40a-404e-9772-bf458d31f2e2,2,Matutte,GEM Cordacrimory#GEM,Porveldam,WIN,Victory!,Matutte won 1 win in GEM Cordacrimory#GEM,"{""wins"":""1"",""points"":""70"",""totalWins"":""98""}",2025-11-20 18:48:44.870148+00
729,d6bd7eee-de31-4878-932e-12f3378e39c9,46,AmNightmare,GEM Ornetchreans#GEM,Primogenit,MASTERY_LEVEL_UP,Mastery Upgrade!,AmNightmare reached mastery level 3 with Ezreal in GEM Ornetchreans#GEM,"{""to"":""3"",""from"":""2"",""points"":""50"",""championId"":""81"",""championName"":""Ezreal""}",2025-11-20 23:28:25.607819+00
730,d6bd7eee-de31-4878-932e-12f3378e39c9,46,AmNightmare,GEM Ornetchreans#GEM,Primogenit,LEVEL_UP,Level Up!,AmNightmare leveled up to 23 in GEM Ornetchreans#GEM,"{""to"":""23"",""from"":""22"",""gained"":""1"",""points"":""80""}",2025-11-21 00:25:57.355793+00
731,51f4d626-c81c-4446-9c7f-4b410b8a5cbb,51,skadiantonioo,GEM Depurallire#GEM,Spadelline,WIN,Victory!,skadiantonioo won 1 win in GEM Depurallire#GEM,"{""wins"":""1"",""points"":""70"",""totalWins"":""30""}",2025-11-21 04:27:27.235881+00
732,51f4d626-c81c-4446-9c7f-4b410b8a5cbb,51,skadiantonioo,GEM Depurallire#GEM,Spadelline,RANK_UP,Flex Promotion!,skadiantonioo climbed in Flex from SILVER II to SILVER I in GEM Depurallire#GEM,"{""queue"":""Flex"",""points"":""25"",""toTier"":""silver"",""fromTier"":""silver"",""toDivision"":""1"",""fromDivision"":""2"",""divisionsGained"":""1""}",2025-11-21 04:27:30.771457+00
733,2d926f04-c40a-404e-9772-bf458d31f2e2,49,Matutte,GEM Arklyndarce#GEM,Porveldam,MEMBER,New Member!,Matutte redeemed the Majesty account GEM Arklyndarce#GEM,"{""points"":""0"",""username"":""GEM Arklyndarce#GEM"",""bloodline"":""Porveldam""}",2025-11-21 19:35:38.204036+00
734,2d926f04-c40a-404e-9772-bf458d31f2e2,49,Matutte,GEM Arklyndarce#GEM,Porveldam,WIN,Victory!,Matutte won 1 win in GEM Arklyndarce#GEM,"{""wins"":""1"",""points"":""70"",""totalWins"":""30""}",2025-11-21 19:41:44.912819+00
735,2d926f04-c40a-404e-9772-bf458d31f2e2,49,Matutte,GEM Arklyndarce#GEM,Porveldam,RANK_UP,SoloQ Promotion!,Matutte climbed in SoloQ from Unranked to BRONZE  in GEM Arklyndarce#GEM,"{""queue"":""SoloQ"",""points"":""100"",""toTier"":""bronze"",""fromTier"":""UNRANKED"",""toDivision"":""0"",""fromDivision"":""0"",""divisionsGained"":""4""}",2025-11-21 19:42:40.171198+00
736,2d926f04-c40a-404e-9772-bf458d31f2e2,49,Matutte,GEM Arklyndarce#GEM,Porveldam,RANK_UP,SoloQ Promotion!,Matutte climbed in SoloQ from BRONZE  to BRONZE II in GEM Arklyndarce#GEM,"{""queue"":""SoloQ"",""points"":""50"",""toTier"":""bronze"",""fromTier"":""bronze"",""toDivision"":""2"",""fromDivision"":""0"",""divisionsGained"":""2""}",2025-11-21 19:42:57.349115+00
737,2d926f04-c40a-404e-9772-bf458d31f2e2,49,Matutte,GEM Arklyndarce#GEM,Porveldam,WIN,Victory!,Matutte won 1 win in GEM Arklyndarce#GEM,"{""wins"":""1"",""points"":""70"",""totalWins"":""30""}",2025-11-21 19:43:06.150284+00
738,2d926f04-c40a-404e-9772-bf458d31f2e2,49,Matutte,GEM Arklyndarce#GEM,Porveldam,WIN,Victory!,Matutte won 1 win in GEM Arklyndarce#GEM,"{""wins"":""1"",""points"":""70"",""totalWins"":""30""}",2025-11-21 20:10:00.097888+00
739,2d926f04-c40a-404e-9772-bf458d31f2e2,49,Matutte,GEM Arklyndarce#GEM,Porveldam,RANK_UP,SoloQ Promotion!,Matutte climbed in SoloQ from BRONZE II to BRONZE I in GEM Arklyndarce#GEM,"{""queue"":""SoloQ"",""points"":""25"",""toTier"":""bronze"",""fromTier"":""bronze"",""toDivision"":""1"",""fromDivision"":""2"",""divisionsGained"":""1""}",2025-11-21 20:55:10.805488+00
740,2d926f04-c40a-404e-9772-bf458d31f2e2,49,Matutte,GEM Arklyndarce#GEM,Porveldam,WIN,Victory!,Matutte won 1 win in GEM Arklyndarce#GEM,"{""wins"":""1"",""points"":""70"",""totalWins"":""30""}",2025-11-21 20:55:14.381398+00
741,2d926f04-c40a-404e-9772-bf458d31f2e2,49,Matutte,GEM Arklyndarce#GEM,Porveldam,WIN,Victory!,Matutte won 1 win in GEM Arklyndarce#GEM,"{""wins"":""1"",""points"":""70"",""totalWins"":""30""}",2025-11-21 21:29:43.240534+00
742,2d926f04-c40a-404e-9772-bf458d31f2e2,49,Matutte,GEM Arklyndarce#GEM,Porveldam,MISSION_COMPLETED,Mission Completed!,Matutte completed a mission in GEM Arklyndarce#GEM,"{""points"":""10"",""progress"":""8/12"",""missionNumber"":""8"",""totalMissions"":""12""}",2025-11-23 04:01:07.652273+00
743,2d926f04-c40a-404e-9772-bf458d31f2e2,49,Matutte,GEM Arklyndarce#GEM,Porveldam,MISSION_COMPLETED,Mission Completed!,Matutte completed a mission in GEM Arklyndarce#GEM,"{""progress"":""8/0"",""ranked_id"":""49"",""total_missions"":""0"",""current_missions"":""8"",""missions_completed"":""2""}",2025-11-23 04:01:10.776855+00
744,2d926f04-c40a-404e-9772-bf458d31f2e2,49,Matutte,GEM Arklyndarce#GEM,Porveldam,MISSION_COMPLETED,Mission Completed!,Matutte completed a mission in GEM Arklyndarce#GEM,"{""points"":""10"",""progress"":""10/12"",""missionNumber"":""10"",""totalMissions"":""12""}",2025-11-23 04:01:21.719272+00
745,2d926f04-c40a-404e-9772-bf458d31f2e2,49,Matutte,GEM Arklyndarce#GEM,Porveldam,MISSION_COMPLETED,Mission Completed!,Matutte completed a mission in GEM Arklyndarce#GEM,"{""progress"":""10/0"",""ranked_id"":""49"",""total_missions"":""0"",""current_missions"":""10"",""missions_completed"":""2""}",2025-11-23 04:01:29.15348+00
746,51f4d626-c81c-4446-9c7f-4b410b8a5cbb,51,skadiantonioo,GEM Depurallire#GEM,Spadelline,WIN,Victory!,skadiantonioo won 1 win in GEM Depurallire#GEM,"{""wins"":""1"",""points"":""70"",""totalWins"":""30""}",2025-11-23 06:24:46.754421+00
747,2d926f04-c40a-404e-9772-bf458d31f2e2,49,Matutte,GEM Arklyndarce#GEM,Porveldam,WIN,Victory!,Matutte won 1 win in GEM Arklyndarce#GEM,"{""wins"":""1"",""points"":""70"",""totalWins"":""30""}",2025-11-23 06:25:30.830348+00
748,2d926f04-c40a-404e-9772-bf458d31f2e2,49,Matutte,GEM Arklyndarce#GEM,Porveldam,WIN,Victory!,Matutte won 1 win in GEM Arklyndarce#GEM,"{""wins"":""1"",""points"":""70"",""totalWins"":""30""}",2025-11-23 07:04:17.071038+00
749,2d926f04-c40a-404e-9772-bf458d31f2e2,49,Matutte,GEM Arklyndarce#GEM,Porveldam,RANK_UP,SoloQ Promotion!,Matutte climbed in SoloQ from BRONZE I to SILVER I in GEM Arklyndarce#GEM,"{""queue"":""SoloQ"",""points"":""100"",""toTier"":""silver"",""fromTier"":""bronze"",""toDivision"":""1"",""fromDivision"":""1"",""divisionsGained"":""4""}",2025-11-23 07:04:25.827105+00
750,51f4d626-c81c-4446-9c7f-4b410b8a5cbb,51,skadiantonioo,GEM Depurallire#GEM,Spadelline,WIN,Victory!,skadiantonioo won 1 win in GEM Depurallire#GEM,"{""wins"":""1"",""points"":""70"",""totalWins"":""30""}",2025-11-23 07:04:50.29607+00
751,51f4d626-c81c-4446-9c7f-4b410b8a5cbb,51,skadiantonioo,GEM Depurallire#GEM,Spadelline,RANK_UP,SoloQ Promotion!,skadiantonioo climbed in SoloQ from SILVER IV to SILVER III in GEM Depurallire#GEM,"{""queue"":""SoloQ"",""points"":""25"",""toTier"":""silver"",""fromTier"":""silver"",""toDivision"":""3"",""fromDivision"":""4"",""divisionsGained"":""1""}",2025-11-23 07:04:50.621988+00
752,2d926f04-c40a-404e-9772-bf458d31f2e2,49,Matutte,GEM Arklyndarce#GEM,Porveldam,WIN,Victory!,Matutte won 1 win in GEM Arklyndarce#GEM,"{""wins"":""1"",""points"":""70"",""totalWins"":""30""}",2025-11-23 07:06:14.93564+00
753,2d926f04-c40a-404e-9772-bf458d31f2e2,49,Matutte,GEM Arklyndarce#GEM,Porveldam,RANK_UP,SoloQ Promotion!,Matutte climbed in SoloQ from BRONZE I to SILVER IV in GEM Arklyndarce#GEM,"{""queue"":""SoloQ"",""points"":""25"",""toTier"":""silver"",""fromTier"":""bronze"",""toDivision"":""4"",""fromDivision"":""1"",""divisionsGained"":""1""}",2025-11-23 07:06:27.385993+00
754,51f4d626-c81c-4446-9c7f-4b410b8a5cbb,51,skadiantonioo,GEM Depurallire#GEM,Spadelline,WIN,Victory!,skadiantonioo won 1 win in GEM Depurallire#GEM,"{""wins"":""1"",""points"":""70"",""totalWins"":""30""}",2025-11-24 08:12:35.791493+00
755,2d926f04-c40a-404e-9772-bf458d31f2e2,49,Matutte,GEM Arklyndarce#GEM,Porveldam,WIN,Victory!,Matutte won 1 win in GEM Arklyndarce#GEM,"{""wins"":""1"",""points"":""70"",""totalWins"":""30""}",2025-11-24 15:06:55.705396+00
756,2d926f04-c40a-404e-9772-bf458d31f2e2,49,Matutte,GEM Arklyndarce#GEM,Porveldam,WIN,Victory!,Matutte won 1 win in GEM Arklyndarce#GEM,"{""wins"":""1"",""points"":""70"",""totalWins"":""30""}",2025-11-24 15:50:00.283666+00
757,51f4d626-c81c-4446-9c7f-4b410b8a5cbb,51,skadiantonioo,GEM Depurallire#GEM,Spadelline,WIN,Victory!,skadiantonioo won 1 win in GEM Depurallire#GEM,"{""wins"":""1"",""points"":""70"",""totalWins"":""30""}",2025-11-25 21:55:15.701371+00
758,51f4d626-c81c-4446-9c7f-4b410b8a5cbb,51,skadiantonioo,GEM Depurallire#GEM,Spadelline,WIN,Victory!,skadiantonioo won 1 win in GEM Depurallire#GEM,"{""wins"":""1"",""points"":""70"",""totalWins"":""30""}",2025-11-25 21:56:54.554131+00
759,51f4d626-c81c-4446-9c7f-4b410b8a5cbb,51,skadiantonioo,GEM Depurallire#GEM,Spadelline,WIN,Victory!,skadiantonioo won 1 win in GEM Depurallire#GEM,"{""wins"":""1"",""points"":""70"",""totalWins"":""30""}",2025-11-25 22:37:53.931682+00
760,51f4d626-c81c-4446-9c7f-4b410b8a5cbb,51,skadiantonioo,GEM Depurallire#GEM,Spadelline,RANK_UP,SoloQ Promotion!,skadiantonioo climbed in SoloQ from SILVER III to SILVER II in GEM Depurallire#GEM,"{""queue"":""SoloQ"",""points"":""25"",""toTier"":""silver"",""fromTier"":""silver"",""toDivision"":""2"",""fromDivision"":""3"",""divisionsGained"":""1""}",2025-11-25 22:38:59.684567+00
761,c446637c-3582-44fd-a26b-93eaadb027b4,43,jony_lu,GEM Gliecernice#GEM,Gladasmy,WIN,Victory!,jony_lu won 1 win in GEM Gliecernice#GEM,"{""wins"":""1"",""points"":""70"",""totalWins"":""31""}",2025-11-26 02:41:36.755215+00
762,d6bd7eee-de31-4878-932e-12f3378e39c9,46,AmNightmare,GEM Ornetchreans#GEM,Primogenit,MASTERY_LEVEL_UP,Mastery Upgrade!,AmNightmare reached mastery level 2 with Maokai in GEM Ornetchreans#GEM,"{""to"":""2"",""from"":""0"",""points"":""100"",""championId"":""57"",""championName"":""Maokai""}",2025-11-27 01:54:59.717288+00
763,2d926f04-c40a-404e-9772-bf458d31f2e2,49,Matutte,GEM Arklyndarce#GEM,Porveldam,WIN,Victory!,Matutte won 1 win in GEM Arklyndarce#GEM,"{""wins"":""1"",""points"":""70"",""totalWins"":""30""}",2025-11-27 21:29:30.199044+00
764,2d926f04-c40a-404e-9772-bf458d31f2e2,49,Matutte,GEM Arklyndarce#GEM,Porveldam,WIN,Victory!,Matutte won 1 win in GEM Arklyndarce#GEM,"{""wins"":""1"",""points"":""70"",""totalWins"":""30""}",2025-11-27 22:17:55.423092+00
765,2d926f04-c40a-404e-9772-bf458d31f2e2,49,Matutte,GEM Arklyndarce#GEM,Porveldam,MASTERY_LEVEL_UP,Mastery Upgrade!,Matutte reached mastery level 2 with Pantheon in GEM Arklyndarce#GEM,"{""to"":""2"",""from"":""1"",""points"":""50"",""championId"":""80"",""championName"":""Pantheon""}",2025-11-27 22:18:59.769225+00
766,2d926f04-c40a-404e-9772-bf458d31f2e2,49,Matutte,GEM Arklyndarce#GEM,Porveldam,MASTERY_LEVEL_UP,Mastery Upgrade!,Matutte reached mastery level 3 with Yasuo in GEM Arklyndarce#GEM,"{""to"":""3"",""from"":""0"",""points"":""150"",""championId"":""157"",""championName"":""Yasuo""}",2025-11-27 22:19:57.842947+00
767,2d926f04-c40a-404e-9772-bf458d31f2e2,49,Matutte,GEM Arklyndarce#GEM,Porveldam,MASTERY_LEVEL_UP,Mastery Upgrade!,Matutte reached mastery level 3 with Yasuo in GEM Arklyndarce#GEM,"{""to"":""3"",""from"":""0"",""points"":""150"",""championId"":""157"",""championName"":""Yasuo""}",2025-11-27 22:19:57.854028+00
768,2d926f04-c40a-404e-9772-bf458d31f2e2,49,Matutte,GEM Arklyndarce#GEM,Porveldam,MASTERY_LEVEL_UP,Mastery Upgrade!,Matutte reached mastery level 1 with Galio in GEM Arklyndarce#GEM,"{""to"":""1"",""from"":""0"",""points"":""50"",""championId"":""3"",""championName"":""Galio""}",2025-11-27 22:20:59.030165+00
769,2d926f04-c40a-404e-9772-bf458d31f2e2,49,Matutte,GEM Arklyndarce#GEM,Porveldam,MASTERY_LEVEL_UP,Mastery Upgrade!,Matutte reached mastery level 3 with Kai'Sa in GEM Arklyndarce#GEM,"{""to"":""3"",""from"":""0"",""points"":""150"",""championId"":""145"",""championName"":""Kai'Sa""}",2025-11-27 22:21:33.287343+00
770,2d926f04-c40a-404e-9772-bf458d31f2e2,49,Matutte,GEM Arklyndarce#GEM,Porveldam,MASTERY_LEVEL_UP,Mastery Upgrade!,Matutte reached mastery level 1 with Akali in GEM Arklyndarce#GEM,"{""to"":""1"",""from"":""0"",""points"":""50"",""championId"":""84"",""championName"":""Akali""}",2025-11-27 22:22:04.830948+00
771,2d926f04-c40a-404e-9772-bf458d31f2e2,49,Matutte,GEM Arklyndarce#GEM,Porveldam,MASTERY_LEVEL_UP,Mastery Upgrade!,Matutte reached mastery level 2 with Malphite in GEM Arklyndarce#GEM,"{""to"":""2"",""from"":""0"",""points"":""100"",""championId"":""54"",""championName"":""Malphite""}",2025-11-27 22:22:41.503437+00
772,2d926f04-c40a-404e-9772-bf458d31f2e2,49,Matutte,GEM Arklyndarce#GEM,Porveldam,MASTERY_LEVEL_UP,Mastery Upgrade!,Matutte reached mastery level 2 with Malphite in GEM Arklyndarce#GEM,"{""to"":""2"",""from"":""0"",""points"":""100"",""championId"":""54"",""championName"":""Malphite""}",2025-11-27 22:22:41.545546+00
773,c446637c-3582-44fd-a26b-93eaadb027b4,52,jony_lu,GEM Pracelgance#GEM,Spadelline,MEMBER,New Member!,jony_lu redeemed the Majesty account GEM Pracelgance#GEM,"{""points"":""0"",""username"":""GEM Pracelgance#GEM"",""bloodline"":""Spadelline""}",2025-11-29 00:03:29.409033+00
774,d6bd7eee-de31-4878-932e-12f3378e39c9,46,AmNightmare,GEM Ornetchreans#GEM,Primogenit,LEVEL_UP,Level Up!,AmNightmare leveled up to 24 in GEM Ornetchreans#GEM,"{""to"":""24"",""from"":""23"",""gained"":""1"",""points"":""80""}",2025-11-29 03:59:05.24409+00
775,2d926f04-c40a-404e-9772-bf458d31f2e2,49,Matutte,GEM Arklyndarce#GEM,Porveldam,WIN,Victory!,Matutte won 1 win in GEM Arklyndarce#GEM,"{""wins"":""1"",""points"":""70"",""totalWins"":""30""}",2025-11-29 15:26:55.997693+00
776,2d926f04-c40a-404e-9772-bf458d31f2e2,49,Matutte,GEM Arklyndarce#GEM,Porveldam,WIN,Victory!,Matutte won 1 win in GEM Arklyndarce#GEM,"{""wins"":""1"",""points"":""70"",""totalWins"":""30""}",2025-11-29 23:17:28.870318+00
777,2d926f04-c40a-404e-9772-bf458d31f2e2,49,Matutte,GEM Arklyndarce#GEM,Porveldam,WIN,Victory!,Matutte won 1 win in GEM Arklyndarce#GEM,"{""wins"":""1"",""points"":""70"",""totalWins"":""30""}",2025-11-30 21:51:40.891469+00
778,2d926f04-c40a-404e-9772-bf458d31f2e2,49,Matutte,GEM Arklyndarce#GEM,Porveldam,MASTERY_LEVEL_UP,Mastery Upgrade!,Matutte reached mastery level 4 with Yasuo in GEM Arklyndarce#GEM,"{""to"":""4"",""from"":""3"",""points"":""50"",""championId"":""157"",""championName"":""Yasuo""}",2025-11-30 21:55:41.097024+00
779,2d926f04-c40a-404e-9772-bf458d31f2e2,49,Matutte,GEM Arklyndarce#GEM,Porveldam,WIN,Victory!,Matutte won 1 win in GEM Arklyndarce#GEM,"{""wins"":""1"",""points"":""70"",""totalWins"":""30""}",2025-11-30 22:13:42.824573+00
780,2d926f04-c40a-404e-9772-bf458d31f2e2,49,Matutte,GEM Arklyndarce#GEM,Porveldam,RANK_UP,SoloQ Promotion!,Matutte climbed in SoloQ from SILVER IV to SILVER III in GEM Arklyndarce#GEM,"{""queue"":""SoloQ"",""points"":""25"",""toTier"":""silver"",""fromTier"":""silver"",""toDivision"":""3"",""fromDivision"":""4"",""divisionsGained"":""1""}",2025-11-30 22:14:23.746814+00
781,2d926f04-c40a-404e-9772-bf458d31f2e2,49,Matutte,GEM Arklyndarce#GEM,Porveldam,RANK_UP,SoloQ Promotion!,Matutte climbed in SoloQ from SILVER III to SILVER II in GEM Arklyndarce#GEM,"{""queue"":""SoloQ"",""points"":""25"",""toTier"":""silver"",""fromTier"":""silver"",""toDivision"":""2"",""fromDivision"":""3"",""divisionsGained"":""1""}",2025-11-30 22:14:44.409158+00
782,51f4d626-c81c-4446-9c7f-4b410b8a5cbb,51,skadiantonioo,GEM Depurallire#GEM,Spadelline,WIN,Victory!,skadiantonioo won 1 win in GEM Depurallire#GEM,"{""wins"":""1"",""points"":""70"",""totalWins"":""30""}",2025-11-30 22:39:51.429411+00
783,51f4d626-c81c-4446-9c7f-4b410b8a5cbb,51,skadiantonioo,GEM Depurallire#GEM,Spadelline,RANK_UP,SoloQ Promotion!,skadiantonioo climbed in SoloQ from SILVER III to SILVER II in GEM Depurallire#GEM,"{""queue"":""SoloQ"",""points"":""25"",""toTier"":""silver"",""fromTier"":""silver"",""toDivision"":""2"",""fromDivision"":""3"",""divisionsGained"":""1""}",2025-11-30 22:39:54.746966+00
784,51f4d626-c81c-4446-9c7f-4b410b8a5cbb,51,skadiantonioo,GEM Depurallire#GEM,Spadelline,WIN,Victory!,skadiantonioo won 1 win in GEM Depurallire#GEM,"{""wins"":""1"",""points"":""70"",""totalWins"":""30""}",2025-12-01 07:37:42.550742+00
785,51f4d626-c81c-4446-9c7f-4b410b8a5cbb,51,skadiantonioo,GEM Depurallire#GEM,Spadelline,RANK_UP,SoloQ Promotion!,skadiantonioo climbed in SoloQ from SILVER III to SILVER II in GEM Depurallire#GEM,"{""queue"":""SoloQ"",""points"":""25"",""toTier"":""silver"",""fromTier"":""silver"",""toDivision"":""2"",""fromDivision"":""3"",""divisionsGained"":""1""}",2025-12-01 07:37:45.768963+00
786,51f4d626-c81c-4446-9c7f-4b410b8a5cbb,51,skadiantonioo,GEM Depurallire#GEM,Spadelline,WIN,Victory!,skadiantonioo won 1 win in GEM Depurallire#GEM,"{""wins"":""1"",""points"":""70"",""totalWins"":""30""}",2025-12-01 20:05:28.297961+00
787,51f4d626-c81c-4446-9c7f-4b410b8a5cbb,51,skadiantonioo,GEM Depurallire#GEM,Spadelline,RANK_UP,SoloQ Promotion!,skadiantonioo climbed in SoloQ from SILVER II to SILVER I in GEM Depurallire#GEM,"{""queue"":""SoloQ"",""points"":""25"",""toTier"":""silver"",""fromTier"":""silver"",""toDivision"":""1"",""fromDivision"":""2"",""divisionsGained"":""1""}",2025-12-01 20:06:33.585577+00
788,51f4d626-c81c-4446-9c7f-4b410b8a5cbb,51,skadiantonioo,GEM Depurallire#GEM,Spadelline,WIN,Victory!,skadiantonioo won 1 win in GEM Depurallire#GEM,"{""wins"":""1"",""points"":""70"",""totalWins"":""30""}",2025-12-01 21:42:09.833322+00
789,51f4d626-c81c-4446-9c7f-4b410b8a5cbb,51,skadiantonioo,GEM Depurallire#GEM,Spadelline,WIN,Victory!,skadiantonioo won 1 win in GEM Depurallire#GEM,"{""wins"":""1"",""points"":""70"",""totalWins"":""30""}",2025-12-01 21:43:09.241305+00
790,51f4d626-c81c-4446-9c7f-4b410b8a5cbb,51,skadiantonioo,GEM Depurallire#GEM,Spadelline,WIN,Victory!,skadiantonioo won 1 win in GEM Depurallire#GEM,"{""wins"":""1"",""points"":""70"",""totalWins"":""30""}",2025-12-01 22:36:38.814425+00
791,51f4d626-c81c-4446-9c7f-4b410b8a5cbb,51,skadiantonioo,GEM Depurallire#GEM,Spadelline,WIN,Victory!,skadiantonioo won 1 win in GEM Depurallire#GEM,"{""wins"":""1"",""points"":""70"",""totalWins"":""30""}",2025-12-02 06:37:45.419843+00
792,51f4d626-c81c-4446-9c7f-4b410b8a5cbb,51,skadiantonioo,GEM Depurallire#GEM,Spadelline,RANK_UP,SoloQ Promotion!,skadiantonioo climbed in SoloQ from SILVER I to GOLD IV in GEM Depurallire#GEM,"{""queue"":""SoloQ"",""points"":""25"",""toTier"":""gold"",""fromTier"":""silver"",""toDivision"":""4"",""fromDivision"":""1"",""divisionsGained"":""1""}",2025-12-02 06:38:44.054062+00
793,51f4d626-c81c-4446-9c7f-4b410b8a5cbb,51,skadiantonioo,GEM Depurallire#GEM,Spadelline,LEVEL_UP,Level Up!,skadiantonioo leveled up to 32 in GEM Depurallire#GEM,"{""to"":""32"",""from"":""30"",""gained"":""2"",""points"":""160""}",2025-12-02 06:49:59.134705+00
794,51f4d626-c81c-4446-9c7f-4b410b8a5cbb,51,skadiantonioo,GEM Depurallire#GEM,Spadelline,MISSION_COMPLETED,Mission Completed!,skadiantonioo completed a mission in GEM Depurallire#GEM,"{""points"":""10"",""progress"":""1/12"",""missionNumber"":""1"",""totalMissions"":""12""}",2025-12-02 06:50:26.565162+00
795,51f4d626-c81c-4446-9c7f-4b410b8a5cbb,51,skadiantonioo,GEM Depurallire#GEM,Spadelline,MISSION_COMPLETED,Mission Completed!,skadiantonioo completed a mission in GEM Depurallire#GEM,"{""points"":""10"",""progress"":""2/12"",""missionNumber"":""2"",""totalMissions"":""12""}",2025-12-02 06:50:27.865597+00
796,51f4d626-c81c-4446-9c7f-4b410b8a5cbb,51,skadiantonioo,GEM Depurallire#GEM,Spadelline,MISSION_COMPLETED,Mission Completed!,skadiantonioo completed a mission in GEM Depurallire#GEM,"{""points"":""10"",""progress"":""3/12"",""missionNumber"":""3"",""totalMissions"":""12""}",2025-12-02 06:50:29.286399+00
797,51f4d626-c81c-4446-9c7f-4b410b8a5cbb,51,skadiantonioo,GEM Depurallire#GEM,Spadelline,MISSION_COMPLETED,Mission Completed!,skadiantonioo completed a mission in GEM Depurallire#GEM,"{""progress"":""1/0"",""ranked_id"":""51"",""total_missions"":""0"",""current_missions"":""1"",""missions_completed"":""1""}",2025-12-02 06:51:01.912747+00
798,46c3d5a5-0007-4c7b-b1d2-52ef20e9cb69,9,ElAspirinero,GEM Brincellezha#GEM,Spadelline,WIN,Victory!,ElAspirinero won 1 win in GEM Brincellezha#GEM,"{""wins"":""1"",""points"":""70"",""totalWins"":""91""}",2025-12-04 14:56:05.008518+00
799,c446637c-3582-44fd-a26b-93eaadb027b4,52,jony_lu,GEM Pracelgance#GEM,Spadelline,LEVEL_UP,Level Up!,jony_lu leveled up to 6 in GEM Pracelgance#GEM,"{""to"":""6"",""from"":""1"",""gained"":""5"",""points"":""400""}",2025-12-04 23:00:11.000228+00
800,d6bd7eee-de31-4878-932e-12f3378e39c9,46,AmNightmare,GEM Ornetchreans#GEM,Primogenit,LEVEL_UP,Level Up!,AmNightmare leveled up to 25 in GEM Ornetchreans#GEM,"{""to"":""25"",""from"":""24"",""gained"":""1"",""points"":""80""}",2025-12-05 02:02:07.154711+00
801,d6bd7eee-de31-4878-932e-12f3378e39c9,46,AmNightmare,GEM Ornetchreans#GEM,Primogenit,MASTERY_LEVEL_UP,Mastery Upgrade!,AmNightmare reached mastery level 2 with Lux in GEM Ornetchreans#GEM,"{""to"":""2"",""from"":""0"",""points"":""100"",""championId"":""99"",""championName"":""Lux""}",2025-12-05 02:04:09.357411+00
802,d6bd7eee-de31-4878-932e-12f3378e39c9,46,AmNightmare,GEM Ornetchreans#GEM,Primogenit,MASTERY_LEVEL_UP,Mastery Upgrade!,AmNightmare reached mastery level 2 with Zyra in GEM Ornetchreans#GEM,"{""to"":""2"",""from"":""0"",""points"":""100"",""championId"":""143"",""championName"":""Zyra""}",2025-12-05 02:04:51.870254+00
803,46c3d5a5-0007-4c7b-b1d2-52ef20e9cb69,9,ElAspirinero,GEM Brincellezha#GEM,Spadelline,WIN,Victory!,ElAspirinero won 1 win in GEM Brincellezha#GEM,"{""wins"":""1"",""points"":""70"",""totalWins"":""91""}",2025-12-05 14:07:36.759042+00
804,46c3d5a5-0007-4c7b-b1d2-52ef20e9cb69,9,-,GEM Brincellezha#GEM,Spadelline,RANK_UP,SoloQ Promotion!,- climbed in SoloQ from PLATINUM III to PLATINUM II in GEM Brincellezha#GEM,"{""queue"":""SoloQ"",""points"":""25"",""toTier"":""PLATINUM"",""fromTier"":""PLATINUM"",""toDivision"":""2"",""fromDivision"":""3"",""divisionsGained"":""1""}",2025-12-05 14:08:46.606123+00
805,46c3d5a5-0007-4c7b-b1d2-52ef20e9cb69,9,skadiantonioo,GEM Brincellezha#GEM,Spadelline,WIN,Victory!,skadiantonioo won 1 win in GEM Brincellezha#GEM,"{""wins"":""1"",""points"":""70"",""totalWins"":""91""}",2025-12-06 15:47:12.050778+00
806,e55f6073-25c5-4c73-a220-4b6327f7ba5e,48,Hunny,GEM Furninscorce#GEM,Porveldam,LEVEL_UP,Level Up!,Hunny leveled up to 25 in GEM Furninscorce#GEM,"{""to"":""25"",""from"":""16"",""gained"":""9"",""points"":""720""}",2025-12-06 15:48:18.584893+00
807,e55f6073-25c5-4c73-a220-4b6327f7ba5e,48,Hunny,GEM Furninscorce#GEM,Porveldam,LEVEL_UP,Level Up!,Hunny leveled up to 26 in GEM Furninscorce#GEM,"{""to"":""26"",""from"":""25"",""gained"":""1"",""points"":""80""}",2025-12-06 15:50:24.601579+00
808,2d926f04-c40a-404e-9772-bf458d31f2e2,44,Matutte,GEM Golzendants#GEM,Primogenit,LEVEL_UP,Level Up!,Matutte leveled up to 27 in GEM Golzendants#GEM,"{""to"":""27"",""from"":""25"",""gained"":""2"",""points"":""160""}",2025-12-06 15:51:22.385167+00
811,d6bd7eee-de31-4878-932e-12f3378e39c9,10,AmNightmare,GEM Deellycella#GEM,Spadelline,WIN,Victory!,AmNightmare won 1 win in GEM Deellycella#GEM,"{""wins"":""1"",""points"":""70"",""totalWins"":""72""}",2025-12-06 20:13:57.279303+00
812,d6bd7eee-de31-4878-932e-12f3378e39c9,46,AmNightmare,GEM Ornetchreans#GEM,Primogenit,LEVEL_UP,Level Up!,AmNightmare leveled up to 26 in GEM Ornetchreans#GEM,"{""to"":""26"",""from"":""25"",""gained"":""1"",""points"":""80""}",2025-12-07 17:52:46.338392+00
813,2d926f04-c40a-404e-9772-bf458d31f2e2,2,Matutte,GEM Cordacrimory#GEM,Porveldam,RANK_UP,Flex Promotion!,Matutte climbed in Flex from PLATINUM IV to PLATINUM III in GEM Cordacrimory#GEM,"{""queue"":""Flex"",""points"":""25"",""toTier"":""PLATINUM"",""fromTier"":""PLATINUM"",""toDivision"":""3"",""fromDivision"":""4"",""divisionsGained"":""1""}",2025-12-08 22:59:28.029279+00
814,c446637c-3582-44fd-a26b-93eaadb027b4,52,jony_lu,GEM Pracelgance#GEM,Spadelline,LEVEL_UP,Level Up!,jony_lu leveled up to 7 in GEM Pracelgance#GEM,"{""to"":""7"",""from"":""6"",""gained"":""1"",""points"":""80""}",2025-12-09 02:40:39.451115+00
815,c446637c-3582-44fd-a26b-93eaadb027b4,43,jony_lu,GEM Gliecernice#GEM,Gladasmy,WIN,Victory!,jony_lu won 1 win in GEM Gliecernice#GEM,"{""wins"":""1"",""points"":""70"",""totalWins"":""31""}",2025-12-09 03:48:48.37463+00
816,46c3d5a5-0007-4c7b-b1d2-52ef20e9cb69,9,skadiantonioo,GEM Brincellezha#GEM,Spadelline,WIN,Victory!,skadiantonioo won 1 win in GEM Brincellezha#GEM,"{""wins"":""1"",""points"":""70"",""totalWins"":""91""}",2025-12-09 19:37:28.324753+00
817,46c3d5a5-0007-4c7b-b1d2-52ef20e9cb69,9,skadiantonioo,GEM Brincellezha#GEM,Spadelline,WIN,Victory!,skadiantonioo won 1 win in GEM Brincellezha#GEM,"{""wins"":""1"",""points"":""70"",""totalWins"":""91""}",2025-12-09 20:26:52.986368+00
818,0aadc772-595d-4999-bef3-8ca0602a6e44,36,Toubie,GEM Vespianelian#GEM,Gladasmy,WIN,Victory!,Toubie won 1 win in GEM Vespianelian#GEM,"{""wins"":""1"",""points"":""70"",""totalWins"":""78""}",2025-12-09 20:31:14.627881+00
819,0aadc772-595d-4999-bef3-8ca0602a6e44,36,Toubie,GEM Vespianelian#GEM,Gladasmy,HONOR_UP,Honor Increased!,"Toubie increased their honor, reaching level 4","{""to"":""4"",""from"":""3"",""gained"":""1"",""points"":""300""}",2025-12-09 20:32:31.850557+00
820,0aadc772-595d-4999-bef3-8ca0602a6e44,36,Toubie,GEM Vespianelian#GEM,Gladasmy,WIN,Victory!,Toubie won 6 wins in GEM Vespianelian#GEM,"{""wins"":""6"",""points"":""420"",""totalWins"":""78""}",2025-12-09 20:32:32.223808+00
821,0aadc772-595d-4999-bef3-8ca0602a6e44,36,Toubie,GEM Vespianelian#GEM,Gladasmy,WIN,Victory!,Toubie won 1 win in GEM Vespianelian#GEM,"{""wins"":""1"",""points"":""70"",""totalWins"":""78""}",2025-12-10 01:33:06.251451+00
822,0aadc772-595d-4999-bef3-8ca0602a6e44,36,Toubie,GEM Vespianelian#GEM,Gladasmy,WIN,Victory!,Toubie won 2 wins in GEM Vespianelian#GEM,"{""wins"":""2"",""points"":""140"",""totalWins"":""78""}",2025-12-10 04:51:03.054469+00
823,d6bd7eee-de31-4878-932e-12f3378e39c9,15,AmNightmare,GEM Priscyumice#GEM,Spadelline,WIN,Victory!,AmNightmare won 2 wins in GEM Priscyumice#GEM,"{""wins"":""2"",""points"":""140"",""totalWins"":""113""}",2025-12-10 06:50:26.26786+00
824,46c3d5a5-0007-4c7b-b1d2-52ef20e9cb69,9,skadiantonioo,GEM Brincellezha#GEM,Spadelline,WIN,Victory!,skadiantonioo won 1 win in GEM Brincellezha#GEM,"{""wins"":""1"",""points"":""70"",""totalWins"":""91""}",2025-12-10 06:54:00.721746+00
825,d6bd7eee-de31-4878-932e-12f3378e39c9,15,AmNightmare,GEM Priscyumice#GEM,Spadelline,WIN,Victory!,AmNightmare won 1 win in GEM Priscyumice#GEM,"{""wins"":""1"",""points"":""70"",""totalWins"":""113""}",2025-12-11 00:40:10.061614+00
826,d6bd7eee-de31-4878-932e-12f3378e39c9,15,AmNightmare,GEM Priscyumice#GEM,Spadelline,HONOR_UP,Honor Increased!,"AmNightmare increased their honor, reaching level 5","{""to"":""5"",""from"":""4"",""gained"":""1"",""points"":""300""}",2025-12-11 00:41:30.920197+00
827,c446637c-3582-44fd-a26b-93eaadb027b4,43,jony_lu,GEM Gliecernice#GEM,Gladasmy,LEVEL_UP,Level Up!,jony_lu leveled up to 32 in GEM Gliecernice#GEM,"{""to"":""32"",""from"":""31"",""gained"":""1"",""points"":""80""}",2025-12-11 02:08:17.369391+00
828,c446637c-3582-44fd-a26b-93eaadb027b4,43,jony_lu,GEM Gliecernice#GEM,Gladasmy,WIN,Victory!,jony_lu won 1 win in GEM Gliecernice#GEM,"{""wins"":""1"",""points"":""70"",""totalWins"":""32""}",2025-12-11 02:14:48.657104+00
829,c446637c-3582-44fd-a26b-93eaadb027b4,43,jony_lu,GEM Gliecernice#GEM,Gladasmy,RANK_UP,SoloQ Promotion!,jony_lu climbed in SoloQ from SILVER IV to GOLD IV in GEM Gliecernice#GEM,"{""queue"":""SoloQ"",""points"":""100"",""toTier"":""gold"",""fromTier"":""silver"",""toDivision"":""4"",""fromDivision"":""4"",""divisionsGained"":""4""}",2025-12-11 02:19:06.882685+00
830,c446637c-3582-44fd-a26b-93eaadb027b4,43,jony_lu,GEM Gliecernice#GEM,Gladasmy,WIN,Victory!,jony_lu won 1 win in GEM Gliecernice#GEM,"{""wins"":""1"",""points"":""70"",""totalWins"":""32""}",2025-12-11 03:08:52.686317+00
831,c446637c-3582-44fd-a26b-93eaadb027b4,43,jony_lu,GEM Gliecernice#GEM,Gladasmy,MASTERY_LEVEL_UP,Mastery Upgrade!,jony_lu reached mastery level 5 with Aphelios in GEM Gliecernice#GEM,"{""to"":""5"",""from"":""4"",""points"":""50"",""championId"":""523"",""championName"":""Aphelios""}",2025-12-11 03:09:29.536511+00
832,d6bd7eee-de31-4878-932e-12f3378e39c9,15,AmNightmare,GEM Priscyumice#GEM,Spadelline,WIN,Victory!,AmNightmare won 1 win in GEM Priscyumice#GEM,"{""wins"":""1"",""points"":""70"",""totalWins"":""113""}",2025-12-11 04:31:30.041511+00
833,d6bd7eee-de31-4878-932e-12f3378e39c9,10,AmNightmare,GEM Deellycella#GEM,Spadelline,WIN,Victory!,AmNightmare won 1 win in GEM Deellycella#GEM,"{""wins"":""1"",""points"":""70"",""totalWins"":""72""}",2025-12-11 04:35:37.717755+00
834,d6bd7eee-de31-4878-932e-12f3378e39c9,10,AmNightmare,GEM Deellycella#GEM,Spadelline,LEVEL_UP,Level Up!,AmNightmare leveled up to 73 in GEM Deellycella#GEM,"{""to"":""73"",""from"":""72"",""gained"":""1"",""points"":""80""}",2025-12-11 04:36:52.586245+00
835,d6bd7eee-de31-4878-932e-12f3378e39c9,10,AmNightmare,GEM Deellycella#GEM,Spadelline,WIN,Victory!,AmNightmare won 1 win in GEM Deellycella#GEM,"{""wins"":""1"",""points"":""70"",""totalWins"":""73""}",2025-12-11 04:36:52.921297+00
836,d6bd7eee-de31-4878-932e-12f3378e39c9,15,AmNightmare,GEM Priscyumice#GEM,Spadelline,WIN,Victory!,AmNightmare won 1 win in GEM Priscyumice#GEM,"{""wins"":""1"",""points"":""70"",""totalWins"":""113""}",2025-12-11 06:04:52.960807+00
837,c446637c-3582-44fd-a26b-93eaadb027b4,43,jony_lu,GEM Gliecernice#GEM,Gladasmy,WIN,Victory!,jony_lu won 1 win in GEM Gliecernice#GEM,"{""wins"":""1"",""points"":""70"",""totalWins"":""31""}",2025-12-11 14:02:38.013982+00
838,c446637c-3582-44fd-a26b-93eaadb027b4,43,jony_lu,GEM Gliecernice#GEM,Gladasmy,RANK_UP,SoloQ Promotion!,jony_lu climbed in SoloQ from SILVER II to GOLD II in GEM Gliecernice#GEM,"{""queue"":""SoloQ"",""points"":""100"",""toTier"":""gold"",""fromTier"":""silver"",""toDivision"":""2"",""fromDivision"":""2"",""divisionsGained"":""4""}",2025-12-11 14:03:37.096986+00
839,c446637c-3582-44fd-a26b-93eaadb027b4,43,jony_lu,GEM Gliecernice#GEM,Gladasmy,RANK_UP,Flex Promotion!,jony_lu climbed in Flex from Unranked to SILVER I in GEM Gliecernice#GEM,"{""queue"":""Flex"",""points"":""275"",""toTier"":""silver"",""fromTier"":""UNRANKED"",""toDivision"":""1"",""fromDivision"":""0"",""divisionsGained"":""11""}",2025-12-11 14:04:23.634436+00
840,d6bd7eee-de31-4878-932e-12f3378e39c9,10,AmNightmare,GEM Deellycella#GEM,Spadelline,WIN,Victory!,AmNightmare won 1 win in GEM Deellycella#GEM,"{""wins"":""1"",""points"":""70"",""totalWins"":""72""}",2025-12-11 18:05:47.531628+00
841,d6bd7eee-de31-4878-932e-12f3378e39c9,10,AmNightmare,GEM Deellycella#GEM,Spadelline,LEVEL_UP,Level Up!,AmNightmare leveled up to 73 in GEM Deellycella#GEM,"{""to"":""73"",""from"":""72"",""gained"":""1"",""points"":""80""}",2025-12-11 18:07:05.885628+00
842,d6bd7eee-de31-4878-932e-12f3378e39c9,10,AmNightmare,GEM Deellycella#GEM,Spadelline,WIN,Victory!,AmNightmare won 1 win in GEM Deellycella#GEM,"{""wins"":""1"",""points"":""70"",""totalWins"":""73""}",2025-12-11 18:07:06.258092+00
843,d6bd7eee-de31-4878-932e-12f3378e39c9,10,AmNightmare,GEM Deellycella#GEM,Spadelline,WIN,Victory!,AmNightmare won 1 win in GEM Deellycella#GEM,"{""wins"":""1"",""points"":""70"",""totalWins"":""73""}",2025-12-11 19:09:57.923627+00
844,d6bd7eee-de31-4878-932e-12f3378e39c9,15,AmNightmare,GEM Priscyumice#GEM,Spadelline,WIN,Victory!,AmNightmare won 2 wins in GEM Priscyumice#GEM,"{""wins"":""2"",""points"":""140"",""totalWins"":""113""}",2025-12-11 22:50:27.464211+00
845,d6bd7eee-de31-4878-932e-12f3378e39c9,15,AmNightmare,GEM Priscyumice#GEM,Spadelline,WIN,Victory!,AmNightmare won 2 wins in GEM Priscyumice#GEM,"{""wins"":""2"",""points"":""140"",""totalWins"":""113""}",2025-12-11 22:50:27.643242+00
846,d6bd7eee-de31-4878-932e-12f3378e39c9,10,AmNightmare,GEM Deellycella#GEM,Spadelline,WIN,Victory!,AmNightmare won 1 win in GEM Deellycella#GEM,"{""wins"":""1"",""points"":""70"",""totalWins"":""73""}",2025-12-11 23:40:25.94907+00
847,d6bd7eee-de31-4878-932e-12f3378e39c9,15,AmNightmare,GEM Priscyumice#GEM,Spadelline,WIN,Victory!,AmNightmare won 1 win in GEM Priscyumice#GEM,"{""wins"":""1"",""points"":""70"",""totalWins"":""113""}",2025-12-12 02:16:12.050068+00
848,c446637c-3582-44fd-a26b-93eaadb027b4,43,jony_lu,GEM Gliecernice#GEM,Gladasmy,WIN,Victory!,jony_lu won 1 win in GEM Gliecernice#GEM,"{""wins"":""1"",""points"":""70"",""totalWins"":""31""}",2025-12-12 04:03:42.851273+00
849,46c3d5a5-0007-4c7b-b1d2-52ef20e9cb69,9,skadiantonioo,GEM Brincellezha#GEM,Spadelline,WIN,Victory!,skadiantonioo won 1 win in GEM Brincellezha#GEM,"{""wins"":""1"",""points"":""70"",""totalWins"":""91""}",2025-12-12 18:00:44.089993+00
850,a098c50f-409f-4fc7-bb2c-c77b073e66cc,19,Gusta_L,GEM Damglantine#GEM,Zephiroth,WIN,Victory!,Gusta_L won 1 win in GEM Damglantine#GEM,"{""wins"":""1"",""points"":""70"",""totalWins"":""85""}",2025-12-12 18:05:44.045347+00
851,d6bd7eee-de31-4878-932e-12f3378e39c9,10,AmNightmare,GEM Deellycella#GEM,Spadelline,WIN,Victory!,AmNightmare won 1 win in GEM Deellycella#GEM,"{""wins"":""1"",""points"":""70"",""totalWins"":""73""}",2025-12-12 21:19:37.731836+00
852,d6bd7eee-de31-4878-932e-12f3378e39c9,10,AmNightmare,GEM Deellycella#GEM,Spadelline,WIN,Victory!,AmNightmare won 1 win in GEM Deellycella#GEM,"{""wins"":""1"",""points"":""70"",""totalWins"":""73""}",2025-12-12 23:21:10.576547+00
853,d6bd7eee-de31-4878-932e-12f3378e39c9,8,AmNightmare,GEM Stridellarea#GEM,Porveldam,WIN,Victory!,AmNightmare won 1 win in GEM Stridellarea#GEM,"{""wins"":""1"",""points"":""70"",""totalWins"":""78""}",2025-12-12 23:36:00.273313+00
854,d6bd7eee-de31-4878-932e-12f3378e39c9,8,AmNightmare,GEM Stridellarea#GEM,Porveldam,WIN,Victory!,AmNightmare won 1 win in GEM Stridellarea#GEM,"{""wins"":""1"",""points"":""70"",""totalWins"":""78""}",2025-12-12 23:43:27.943968+00
855,d6bd7eee-de31-4878-932e-12f3378e39c9,8,AmNightmare,GEM Stridellarea#GEM,Porveldam,WIN,Victory!,AmNightmare won 1 win in GEM Stridellarea#GEM,"{""wins"":""1"",""points"":""70"",""totalWins"":""78""}",2025-12-12 23:45:15.540274+00
856,d6bd7eee-de31-4878-932e-12f3378e39c9,8,AmNightmare,GEM Stridellarea#GEM,Porveldam,WIN,Victory!,AmNightmare won 1 win in GEM Stridellarea#GEM,"{""wins"":""1"",""points"":""70"",""totalWins"":""78""}",2025-12-12 23:45:46.364164+00
857,d6bd7eee-de31-4878-932e-12f3378e39c9,8,AmNightmare,GEM Stridellarea#GEM,Porveldam,WIN,Victory!,AmNightmare won 1 win in GEM Stridellarea#GEM,"{""wins"":""1"",""points"":""70"",""totalWins"":""78""}",2025-12-12 23:55:08.231311+00
858,d6bd7eee-de31-4878-932e-12f3378e39c9,8,AmNightmare,GEM Stridellarea#GEM,Porveldam,WIN,Victory!,AmNightmare won 1 win in GEM Stridellarea#GEM,"{""wins"":""1"",""points"":""70"",""totalWins"":""78""}",2025-12-12 23:57:44.739843+00
859,d6bd7eee-de31-4878-932e-12f3378e39c9,8,AmNightmare,GEM Stridellarea#GEM,Porveldam,WIN,Victory!,AmNightmare won 1 win in GEM Stridellarea#GEM,"{""wins"":""1"",""points"":""70"",""totalWins"":""78""}",2025-12-12 23:59:43.146252+00
860,d6bd7eee-de31-4878-932e-12f3378e39c9,8,AmNightmare,GEM Stridellarea#GEM,Porveldam,WIN,Victory!,AmNightmare won 1 win in GEM Stridellarea#GEM,"{""wins"":""1"",""points"":""70"",""totalWins"":""78""}",2025-12-13 00:00:05.002185+00
861,d6bd7eee-de31-4878-932e-12f3378e39c9,8,AmNightmare,GEM Stridellarea#GEM,Porveldam,WIN,Victory!,AmNightmare won 1 win in GEM Stridellarea#GEM,"{""wins"":""1"",""points"":""70"",""totalWins"":""78""}",2025-12-13 00:00:26.540188+00
862,d6bd7eee-de31-4878-932e-12f3378e39c9,8,AmNightmare,GEM Stridellarea#GEM,Porveldam,WIN,Victory!,AmNightmare won 1 win in GEM Stridellarea#GEM,"{""wins"":""1"",""points"":""70"",""totalWins"":""78""}",2025-12-13 00:00:58.945683+00
863,d6bd7eee-de31-4878-932e-12f3378e39c9,46,AmNightmare,GEM Ornetchreans#GEM,Primogenit,LEVEL_UP,Level Up!,AmNightmare leveled up to 27 in GEM Ornetchreans#GEM,"{""to"":""27"",""from"":""26"",""gained"":""1"",""points"":""80""}",2025-12-13 02:31:33.244009+00
864,d6bd7eee-de31-4878-932e-12f3378e39c9,10,AmNightmare,GEM Deellycella#GEM,Spadelline,RANK_UP,SoloQ Promotion!,AmNightmare climbed in SoloQ from GOLD II to PLATINUM II in GEM Deellycella#GEM,"{""queue"":""SoloQ"",""points"":""100"",""toTier"":""platinum"",""fromTier"":""GOLD"",""toDivision"":""2"",""fromDivision"":""2"",""divisionsGained"":""4""}",2025-12-13 02:33:06.030641+00
865,d6bd7eee-de31-4878-932e-12f3378e39c9,46,AmNightmare,GEM Ornetchreans#GEM,Primogenit,MASTERY_LEVEL_UP,Mastery Upgrade!,AmNightmare reached mastery level 3 with Heimerdinger in GEM Ornetchreans#GEM,"{""to"":""3"",""from"":""0"",""points"":""150"",""championId"":""74"",""championName"":""Heimerdinger""}",2025-12-13 03:24:10.78272+00
866,46c3d5a5-0007-4c7b-b1d2-52ef20e9cb69,9,skadiantonioo,GEM Brincellezha#GEM,Spadelline,WIN,Victory!,skadiantonioo won 1 win in GEM Brincellezha#GEM,"{""wins"":""1"",""points"":""70"",""totalWins"":""91""}",2025-12-13 04:40:31.026105+00
867,46c3d5a5-0007-4c7b-b1d2-52ef20e9cb69,9,skadiantonioo,GEM Brincellezha#GEM,Spadelline,WIN,Victory!,skadiantonioo won 1 win in GEM Brincellezha#GEM,"{""wins"":""1"",""points"":""70"",""totalWins"":""91""}",2025-12-13 19:02:04.42556+00
868,51f4d626-c81c-4446-9c7f-4b410b8a5cbb,55,skadiantonioo,GEM Envealscenth#GEM,Gladasmy,MEMBER,New Member!,skadiantonioo redeemed the Majesty account GEM Envealscenth#GEM,"{""points"":""0"",""username"":""GEM Envealscenth#GEM"",""bloodline"":""Gladasmy""}",2025-12-13 20:50:18.744449+00
869,d6bd7eee-de31-4878-932e-12f3378e39c9,46,AmNightmare,GEM Ornetchreans#GEM,Primogenit,MASTERY_LEVEL_UP,Mastery Upgrade!,AmNightmare reached mastery level 3 with Bard in GEM Ornetchreans#GEM,"{""to"":""3"",""from"":""2"",""points"":""50"",""championId"":""432"",""championName"":""Bard""}",2025-12-13 20:58:42.636599+00
870,d6bd7eee-de31-4878-932e-12f3378e39c9,46,AmNightmare,GEM Ornetchreans#GEM,Primogenit,MASTERY_LEVEL_UP,Mastery Upgrade!,AmNightmare reached mastery level 9 with Bard in GEM Ornetchreans#GEM,"{""to"":""9"",""from"":""3"",""points"":""300"",""championId"":""432"",""championName"":""Bard""}",2025-12-13 20:58:54.85686+00
871,51f4d626-c81c-4446-9c7f-4b410b8a5cbb,55,skadiantonioo,GEM Envealscenth#GEM,Gladasmy,LEVEL_UP,Level Up!,skadiantonioo leveled up to 9 in GEM Envealscenth#GEM,"{""to"":""9"",""from"":""8"",""gained"":""1"",""points"":""80""}",2025-12-13 21:28:27.787967+00
872,d6bd7eee-de31-4878-932e-12f3378e39c9,46,AmNightmare,GEM Ornetchreans#GEM,Primogenit,MASTERY_LEVEL_UP,Mastery Upgrade!,AmNightmare reached mastery level 4 with Kayn in GEM Ornetchreans#GEM,"{""to"":""4"",""from"":""3"",""points"":""50"",""championId"":""141"",""championName"":""Kayn""}",2025-12-13 22:21:39.39116+00
875,71b26dfe-f225-49fb-b852-89b1c62fd894,45,Apolly0nx,GEM Argyndorness#GEM,Primogenit,MEMBER,New Member!,Apolly0nx redeemed the Majesty account GEM Argyndorness#GEM,"{""points"":""0"",""username"":""GEM Argyndorness#GEM"",""bloodline"":""Primogenit""}",2025-12-13 23:50:32.257459+00
876,d7895f20-abd6-4552-a559-63ba2626b88f,53,-,GEM Reamsetmours#GEM,Spadelline,MISSION_COMPLETED,Mission Completed!,- completed a mission in GEM Reamsetmours#GEM,"{""points"":""10"",""progress"":""12/12"",""missionNumber"":""12"",""totalMissions"":""12""}",2025-12-13 23:56:13.896669+00
877,d7895f20-abd6-4552-a559-63ba2626b88f,53,-,GEM Reamsetmours#GEM,Spadelline,MISSION_COMPLETED,Mission Completed!,- completed a mission in GEM Reamsetmours#GEM,"{""points"":""10"",""progress"":""12/12"",""missionNumber"":""12"",""totalMissions"":""12""}",2025-12-13 23:56:16.795064+00
878,e55f6073-25c5-4c73-a220-4b6327f7ba5e,48,Aegon,GEM Furninscorce#GEM,Porveldam,LEVEL_UP,Level Up!,Aegon leveled up to 30 in GEM Furninscorce#GEM,"{""to"":""30"",""from"":""26"",""gained"":""4"",""points"":""320""}",2025-12-13 23:57:18.565216+00
879,3d874267-f665-4c55-9f5d-9c06eea06a75,29,YeII0wDucky,GEM Asticedicair#GEM,Gladasmy,MEMBER,New Member!,YeII0wDucky redeemed the Majesty account GEM Asticedicair#GEM,"{""points"":""0"",""username"":""GEM Asticedicair#GEM"",""bloodline"":""Gladasmy""}",2025-12-14 00:12:51.33108+00
880,71b26dfe-f225-49fb-b852-89b1c62fd894,45,Apolly0nx,GEM Argyndorness#GEM,Primogenit,LEVEL_UP,Level Up!,Apolly0nx leveled up to 8 in GEM Argyndorness#GEM,"{""to"":""8"",""from"":""7"",""gained"":""1"",""points"":""80""}",2025-12-14 00:14:44.265414+00
881,d6bd7eee-de31-4878-932e-12f3378e39c9,46,AmNightmare,GEM Ornetchreans#GEM,Primogenit,MISSION_COMPLETED,Mission Completed!,AmNightmare completed a mission in GEM Ornetchreans#GEM,"{""points"":""10"",""progress"":""2/12"",""missionNumber"":""2"",""totalMissions"":""12""}",2025-12-14 00:24:28.378417+00
882,d6bd7eee-de31-4878-932e-12f3378e39c9,46,AmNightmare,GEM Ornetchreans#GEM,Primogenit,MISSION_COMPLETED,Mission Completed!,AmNightmare completed a mission in GEM Ornetchreans#GEM,"{""points"":""10"",""progress"":""4/12"",""missionNumber"":""4"",""totalMissions"":""12""}",2025-12-14 00:24:30.955311+00
883,d6bd7eee-de31-4878-932e-12f3378e39c9,46,AmNightmare,GEM Ornetchreans#GEM,Primogenit,MISSION_COMPLETED,Mission Completed!,AmNightmare completed a mission in GEM Ornetchreans#GEM,"{""progress"":""2/15"",""ranked_id"":""46"",""total_missions"":""15"",""current_missions"":""2"",""missions_completed"":""2""}",2025-12-14 00:24:30.999255+00
884,d6bd7eee-de31-4878-932e-12f3378e39c9,46,AmNightmare,GEM Ornetchreans#GEM,Primogenit,MISSION_COMPLETED,Mission Completed!,AmNightmare completed a mission in GEM Ornetchreans#GEM,"{""progress"":""4/15"",""ranked_id"":""46"",""total_missions"":""15"",""current_missions"":""4"",""missions_completed"":""2""}",2025-12-14 00:24:34.167072+00
885,71b26dfe-f225-49fb-b852-89b1c62fd894,45,Apolly0nx,GEM Argyndorness#GEM,Primogenit,LEVEL_UP,Level Up!,Apolly0nx leveled up to 9 in GEM Argyndorness#GEM,"{""to"":""9"",""from"":""8"",""gained"":""1"",""points"":""80""}",2025-12-14 00:47:42.273675+00
886,71b26dfe-f225-49fb-b852-89b1c62fd894,45,Apolly0nx,GEM Argyndorness#GEM,Primogenit,MASTERY_LEVEL_UP,Mastery Upgrade!,Apolly0nx reached mastery level 2 with Seraphine in GEM Argyndorness#GEM,"{""to"":""2"",""from"":""0"",""points"":""100"",""championId"":""147"",""championName"":""Seraphine""}",2025-12-14 01:09:05.175997+00
887,71b26dfe-f225-49fb-b852-89b1c62fd894,45,Apolly0nx,GEM Argyndorness#GEM,Primogenit,MISSION_COMPLETED,Mission Completed!,Apolly0nx completed a mission in GEM Argyndorness#GEM,"{""points"":""10"",""progress"":""2/12"",""missionNumber"":""2"",""totalMissions"":""12""}",2025-12-14 01:41:30.291658+00
888,71b26dfe-f225-49fb-b852-89b1c62fd894,45,Apolly0nx,GEM Argyndorness#GEM,Primogenit,MISSION_COMPLETED,Mission Completed!,Apolly0nx completed a mission in GEM Argyndorness#GEM,"{""progress"":""2/15"",""ranked_id"":""45"",""total_missions"":""15"",""current_missions"":""2"",""missions_completed"":""2""}",2025-12-14 01:41:33.1443+00
889,71b26dfe-f225-49fb-b852-89b1c62fd894,45,Apolly0nx,GEM Argyndorness#GEM,Primogenit,MISSION_COMPLETED,Mission Completed!,Apolly0nx completed a mission in GEM Argyndorness#GEM,"{""points"":""10"",""progress"":""2/12"",""missionNumber"":""2"",""totalMissions"":""12""}",2025-12-14 01:41:36.075664+00
890,71b26dfe-f225-49fb-b852-89b1c62fd894,45,Apolly0nx,GEM Argyndorness#GEM,Primogenit,MISSION_COMPLETED,Mission Completed!,Apolly0nx completed a mission in GEM Argyndorness#GEM,"{""points"":""10"",""progress"":""2/12"",""missionNumber"":""2"",""totalMissions"":""12""}",2025-12-14 01:41:38.864441+00
891,71b26dfe-f225-49fb-b852-89b1c62fd894,45,Apolly0nx,GEM Argyndorness#GEM,Primogenit,MISSION_COMPLETED,Mission Completed!,Apolly0nx completed a mission in GEM Argyndorness#GEM,"{""points"":""10"",""progress"":""3/12"",""missionNumber"":""3"",""totalMissions"":""12""}",2025-12-14 01:41:51.627036+00
892,71b26dfe-f225-49fb-b852-89b1c62fd894,45,Apolly0nx,GEM Argyndorness#GEM,Primogenit,MISSION_COMPLETED,Mission Completed!,Apolly0nx completed a mission in GEM Argyndorness#GEM,"{""points"":""10"",""progress"":""4/12"",""missionNumber"":""4"",""totalMissions"":""12""}",2025-12-14 01:41:52.873699+00
893,71b26dfe-f225-49fb-b852-89b1c62fd894,45,Apolly0nx,GEM Argyndorness#GEM,Primogenit,MISSION_COMPLETED,Mission Completed!,Apolly0nx completed a mission in GEM Argyndorness#GEM,"{""progress"":""4/15"",""ranked_id"":""45"",""total_missions"":""15"",""current_missions"":""4"",""missions_completed"":""3""}",2025-12-14 01:42:03.751696+00
894,d6bd7eee-de31-4878-932e-12f3378e39c9,46,AmNightmare,GEM Ornetchreans#GEM,Primogenit,LEVEL_UP,Level Up!,AmNightmare leveled up to 28 in GEM Ornetchreans#GEM,"{""to"":""28"",""from"":""27"",""gained"":""1"",""points"":""80""}",2025-12-14 01:46:20.896308+00
895,71b26dfe-f225-49fb-b852-89b1c62fd894,50,Apolly0nx,GEM Buddelizeth#GEM,Spadelline,MEMBER,New Member!,Apolly0nx redeemed the Majesty account GEM Buddelizeth#GEM,"{""points"":""0"",""username"":""GEM Buddelizeth#GEM"",""bloodline"":""Spadelline""}",2025-12-14 03:35:00.532968+00
896,71b26dfe-f225-49fb-b852-89b1c62fd894,50,Apolly0nx,GEM Buddelizeth#GEM,Spadelline,LEVEL_UP,Level Up!,Apolly0nx leveled up to 8 in GEM Buddelizeth#GEM,"{""to"":""8"",""from"":""3"",""gained"":""5"",""points"":""400""}",2025-12-14 06:26:18.587508+00
897,71b26dfe-f225-49fb-b852-89b1c62fd894,50,Apolly0nx,GEM Buddelizeth#GEM,Spadelline,MISSION_COMPLETED,Mission Completed!,Apolly0nx completed a mission in GEM Buddelizeth#GEM,"{""points"":""10"",""progress"":""2/12"",""missionNumber"":""2"",""totalMissions"":""12""}",2025-12-14 06:26:32.751788+00
898,71b26dfe-f225-49fb-b852-89b1c62fd894,50,Apolly0nx,GEM Buddelizeth#GEM,Spadelline,MISSION_COMPLETED,Mission Completed!,Apolly0nx completed a mission in GEM Buddelizeth#GEM,"{""progress"":""2/0"",""ranked_id"":""50"",""total_missions"":""0"",""current_missions"":""2"",""missions_completed"":""2""}",2025-12-14 06:27:29.901523+00
899,71b26dfe-f225-49fb-b852-89b1c62fd894,50,Apolly0nx,GEM Buddelizeth#GEM,Spadelline,MISSION_COMPLETED,Mission Completed!,Apolly0nx completed a mission in GEM Buddelizeth#GEM,"{""points"":""10"",""progress"":""4/12"",""missionNumber"":""4"",""totalMissions"":""12""}",2025-12-14 06:27:39.855162+00
900,71b26dfe-f225-49fb-b852-89b1c62fd894,50,Apolly0nx,GEM Buddelizeth#GEM,Spadelline,MISSION_COMPLETED,Mission Completed!,Apolly0nx completed a mission in GEM Buddelizeth#GEM,"{""points"":""10"",""progress"":""5/12"",""missionNumber"":""5"",""totalMissions"":""12""}",2025-12-14 06:27:40.410146+00
901,71b26dfe-f225-49fb-b852-89b1c62fd894,50,Apolly0nx,GEM Buddelizeth#GEM,Spadelline,MISSION_COMPLETED,Mission Completed!,Apolly0nx completed a mission in GEM Buddelizeth#GEM,"{""points"":""10"",""progress"":""6/12"",""missionNumber"":""6"",""totalMissions"":""12""}",2025-12-14 06:27:43.945794+00
902,71b26dfe-f225-49fb-b852-89b1c62fd894,50,Apolly0nx,GEM Buddelizeth#GEM,Spadelline,MISSION_COMPLETED,Mission Completed!,Apolly0nx completed a mission in GEM Buddelizeth#GEM,"{""points"":""10"",""progress"":""7/12"",""missionNumber"":""7"",""totalMissions"":""12""}",2025-12-14 06:27:44.832546+00
903,71b26dfe-f225-49fb-b852-89b1c62fd894,50,Apolly0nx,GEM Buddelizeth#GEM,Spadelline,MISSION_COMPLETED,Mission Completed!,Apolly0nx completed a mission in GEM Buddelizeth#GEM,"{""progress"":""7/0"",""ranked_id"":""50"",""total_missions"":""0"",""current_missions"":""7"",""missions_completed"":""5""}",2025-12-14 06:28:37.895409+00
904,71b26dfe-f225-49fb-b852-89b1c62fd894,50,Apolly0nx,GEM Buddelizeth#GEM,Spadelline,MISSION_COMPLETED,Mission Completed!,Apolly0nx completed a mission in GEM Buddelizeth#GEM,"{""progress"":""7/0"",""ranked_id"":""50"",""total_missions"":""0"",""current_missions"":""7"",""missions_completed"":""5""}",2025-12-14 06:28:38.155189+00
905,3d874267-f665-4c55-9f5d-9c06eea06a75,29,YeII0wDucky,GEM Asticedicair#GEM,Gladasmy,WIN,Victory!,YeII0wDucky won 1 win in GEM Asticedicair#GEM,"{""wins"":""1"",""points"":""70"",""totalWins"":""51""}",2025-12-14 14:25:41.703307+00
906,71b26dfe-f225-49fb-b852-89b1c62fd894,50,Apolly0nx,GEM Buddelizeth#GEM,Spadelline,LEVEL_UP,Level Up!,Apolly0nx leveled up to 10 in GEM Buddelizeth#GEM,"{""to"":""10"",""from"":""8"",""gained"":""2"",""points"":""160""}",2025-12-14 21:55:19.04425+00
907,71b26dfe-f225-49fb-b852-89b1c62fd894,50,Apolly0nx,GEM Buddelizeth#GEM,Spadelline,LEVEL_UP,Level Up!,Apolly0nx leveled up to 11 in GEM Buddelizeth#GEM,"{""to"":""11"",""from"":""10"",""gained"":""1"",""points"":""80""}",2025-12-14 22:43:02.115295+00
908,71b26dfe-f225-49fb-b852-89b1c62fd894,50,Apolly0nx,GEM Buddelizeth#GEM,Spadelline,MISSION_COMPLETED,Mission Completed!,Apolly0nx completed a mission in GEM Buddelizeth#GEM,"{""points"":""10"",""progress"":""8/12"",""missionNumber"":""8"",""totalMissions"":""12""}",2025-12-14 23:27:33.081982+00
909,71b26dfe-f225-49fb-b852-89b1c62fd894,50,Apolly0nx,GEM Buddelizeth#GEM,Spadelline,MISSION_COMPLETED,Mission Completed!,Apolly0nx completed a mission in GEM Buddelizeth#GEM,"{""progress"":""8/0"",""ranked_id"":""50"",""total_missions"":""0"",""current_missions"":""8"",""missions_completed"":""1""}",2025-12-14 23:27:35.859608+00
910,3d874267-f665-4c55-9f5d-9c06eea06a75,29,YeII0wDucky,GEM Asticedicair#GEM,Gladasmy,WIN,Victory!,YeII0wDucky won 1 win in GEM Asticedicair#GEM,"{""wins"":""1"",""points"":""70"",""totalWins"":""51""}",2025-12-15 00:13:02.032305+00
911,c446637c-3582-44fd-a26b-93eaadb027b4,43,jony_lu,GEM Gliecernice#GEM,Gladasmy,WIN,Victory!,jony_lu won 1 win in GEM Gliecernice#GEM,"{""wins"":""1"",""points"":""70"",""totalWins"":""31""}",2025-12-15 04:32:21.536226+00
912,51f4d626-c81c-4446-9c7f-4b410b8a5cbb,55,skadiantonioo,GEM Envealscenth#GEM,Gladasmy,LEVEL_UP,Level Up!,skadiantonioo leveled up to 10 in GEM Envealscenth#GEM,"{""to"":""10"",""from"":""9"",""gained"":""1"",""points"":""80""}",2025-12-15 06:08:08.886628+00
913,3d874267-f665-4c55-9f5d-9c06eea06a75,25,YeII0wDucky,GEM Lagrimelle#GEM,Zephiroth,HONOR_UP,Honor Increased!,"YeII0wDucky increased their honor, reaching level 5","{""to"":""5"",""from"":""4"",""gained"":""1"",""points"":""300""}",2025-12-16 00:19:01.306602+00
914,51f4d626-c81c-4446-9c7f-4b410b8a5cbb,55,skadiantonioo,GEM Envealscenth#GEM,Gladasmy,MISSION_COMPLETED,Mission Completed!,skadiantonioo completed a mission in GEM Envealscenth#GEM,"{""points"":""10"",""progress"":""1/12"",""missionNumber"":""1"",""totalMissions"":""12""}",2025-12-16 00:44:38.740457+00
915,51f4d626-c81c-4446-9c7f-4b410b8a5cbb,55,skadiantonioo,GEM Envealscenth#GEM,Gladasmy,MISSION_COMPLETED,Mission Completed!,skadiantonioo completed a mission in GEM Envealscenth#GEM,"{""progress"":""1/0"",""ranked_id"":""55"",""total_missions"":""0"",""current_missions"":""1"",""missions_completed"":""1""}",2025-12-16 00:44:42.207317+00
916,c446637c-3582-44fd-a26b-93eaadb027b4,52,jony_lu,GEM Pracelgance#GEM,Spadelline,LEVEL_UP,Level Up!,jony_lu leveled up to 10 in GEM Pracelgance#GEM,"{""to"":""10"",""from"":""7"",""gained"":""3"",""points"":""240""}",2025-12-16 00:49:33.077376+00
917,51f4d626-c81c-4446-9c7f-4b410b8a5cbb,55,skadiantonioo,GEM Envealscenth#GEM,Gladasmy,MISSION_COMPLETED,Mission Completed!,skadiantonioo completed a mission in GEM Envealscenth#GEM,"{""progress"":""1/0"",""ranked_id"":""55"",""total_missions"":""0"",""current_missions"":""1"",""missions_completed"":""1""}",2025-12-16 01:15:59.632226+00
918,51f4d626-c81c-4446-9c7f-4b410b8a5cbb,55,skadiantonioo,GEM Envealscenth#GEM,Gladasmy,LEVEL_UP,Level Up!,skadiantonioo leveled up to 11 in GEM Envealscenth#GEM,"{""to"":""11"",""from"":""10"",""gained"":""1"",""points"":""80""}",2025-12-16 01:16:00.176292+00
919,51f4d626-c81c-4446-9c7f-4b410b8a5cbb,55,skadiantonioo,GEM Envealscenth#GEM,Gladasmy,LEVEL_UP,Level Up!,skadiantonioo leveled up to 12 in GEM Envealscenth#GEM,"{""to"":""12"",""from"":""11"",""gained"":""1"",""points"":""80""}",2025-12-16 07:19:41.528029+00
920,51f4d626-c81c-4446-9c7f-4b410b8a5cbb,55,skadiantonioo,GEM Envealscenth#GEM,Gladasmy,LEVEL_UP,Level Up!,skadiantonioo leveled up to 13 in GEM Envealscenth#GEM,"{""to"":""13"",""from"":""12"",""gained"":""1"",""points"":""80""}",2025-12-16 08:02:30.462304+00
921,c446637c-3582-44fd-a26b-93eaadb027b4,43,jony_lu,GEM Gliecernice#GEM,Gladasmy,LEVEL_UP,Level Up!,jony_lu leveled up to 33 in GEM Gliecernice#GEM,"{""to"":""33"",""from"":""31"",""gained"":""2"",""points"":""160""}",2025-12-16 15:21:43.320398+00
922,c446637c-3582-44fd-a26b-93eaadb027b4,43,jony_lu,GEM Gliecernice#GEM,Gladasmy,RANK_UP,SoloQ Promotion!,jony_lu climbed in SoloQ from GOLD IV to GOLD III in GEM Gliecernice#GEM,"{""queue"":""SoloQ"",""points"":""25"",""toTier"":""gold"",""fromTier"":""gold"",""toDivision"":""3"",""fromDivision"":""4"",""divisionsGained"":""1""}",2025-12-16 15:22:52.169826+00
923,c446637c-3582-44fd-a26b-93eaadb027b4,43,jony_lu,GEM Gliecernice#GEM,Gladasmy,RANK_UP,Flex Promotion!,jony_lu climbed in Flex from SILVER I to GOLD IV in GEM Gliecernice#GEM,"{""queue"":""Flex"",""points"":""25"",""toTier"":""gold"",""fromTier"":""silver"",""toDivision"":""4"",""fromDivision"":""1"",""divisionsGained"":""1""}",2025-12-16 15:23:33.950552+00
924,c446637c-3582-44fd-a26b-93eaadb027b4,43,jony_lu,GEM Gliecernice#GEM,Gladasmy,WIN,Victory!,jony_lu won 1 win in GEM Gliecernice#GEM,"{""wins"":""1"",""points"":""70"",""totalWins"":""33""}",2025-12-16 15:25:47.773836+00
925,c446637c-3582-44fd-a26b-93eaadb027b4,43,jony_lu,GEM Gliecernice#GEM,Gladasmy,WIN,Victory!,jony_lu won 1 win in GEM Gliecernice#GEM,"{""wins"":""1"",""points"":""70"",""totalWins"":""33""}",2025-12-16 21:26:38.033137+00
926,e55f6073-25c5-4c73-a220-4b6327f7ba5e,48,Aegon,GEM Furninscorce#GEM,Porveldam,WIN,Victory!,Aegon won 11 wins in GEM Furninscorce#GEM,"{""wins"":""11"",""points"":""770"",""totalWins"":""30""}",2025-12-17 01:05:14.142279+00
927,e55f6073-25c5-4c73-a220-4b6327f7ba5e,48,Aegon,GEM Furninscorce#GEM,Porveldam,RANK_UP,SoloQ Promotion!,Aegon climbed in SoloQ from Unranked to GOLD IV in GEM Furninscorce#GEM,"{""queue"":""SoloQ"",""points"":""300"",""toTier"":""gold"",""fromTier"":""UNRANKED"",""toDivision"":""4"",""fromDivision"":""4"",""divisionsGained"":""12""}",2025-12-17 01:06:23.019562+00
928,c446637c-3582-44fd-a26b-93eaadb027b4,52,jony_lu,GEM Pracelgance#GEM,Spadelline,LEVEL_UP,Level Up!,jony_lu leveled up to 13 in GEM Pracelgance#GEM,"{""to"":""13"",""from"":""7"",""gained"":""6"",""points"":""480""}",2025-12-17 01:08:33.37901+00
929,3d874267-f665-4c55-9f5d-9c06eea06a75,25,YeII0wDucky,GEM Lagrimelle#GEM,Zephiroth,HONOR_UP,Honor Increased!,"YeII0wDucky increased their honor, reaching level 5","{""to"":""5"",""from"":""4"",""gained"":""1"",""points"":""300""}",2025-12-17 01:30:00.314736+00
930,c446637c-3582-44fd-a26b-93eaadb027b4,43,jony_lu,GEM Gliecernice#GEM,Gladasmy,WIN,Victory!,jony_lu won 1 win in GEM Gliecernice#GEM,"{""wins"":""1"",""points"":""70"",""totalWins"":""33""}",2025-12-17 04:13:44.775444+00
931,71b26dfe-f225-49fb-b852-89b1c62fd894,50,Apolly0nx,GEM Buddelizeth#GEM,Spadelline,LEVEL_UP,Level Up!,Apolly0nx leveled up to 12 in GEM Buddelizeth#GEM,"{""to"":""12"",""from"":""11"",""gained"":""1"",""points"":""80""}",2025-12-17 04:50:59.894844+00
932,51f4d626-c81c-4446-9c7f-4b410b8a5cbb,55,skadiantonioo,GEM Envealscenth#GEM,Gladasmy,LEVEL_UP,Level Up!,skadiantonioo leveled up to 14 in GEM Envealscenth#GEM,"{""to"":""14"",""from"":""13"",""gained"":""1"",""points"":""80""}",2025-12-17 07:34:56.411878+00
933,c446637c-3582-44fd-a26b-93eaadb027b4,52,jony_lu,GEM Pracelgance#GEM,Spadelline,LEVEL_UP,Level Up!,jony_lu leveled up to 15 in GEM Pracelgance#GEM,"{""to"":""15"",""from"":""13"",""gained"":""2"",""points"":""160""}",2025-12-17 20:16:05.509942+00
934,c446637c-3582-44fd-a26b-93eaadb027b4,52,jony_lu,GEM Pracelgance#GEM,Spadelline,HONOR_UP,Honor Increased!,"jony_lu increased their honor, reaching level 4","{""to"":""4"",""from"":""3"",""gained"":""1"",""points"":""300""}",2025-12-17 20:16:59.123421+00
935,c446637c-3582-44fd-a26b-93eaadb027b4,21,jony_lu,GEM Envicingess#GEM,Zephiroth,LEVEL_UP,Level Up!,jony_lu leveled up to 40 in GEM Envicingess#GEM,"{""to"":""40"",""from"":""39"",""gained"":""1"",""points"":""80""}",2025-12-19 02:14:40.171679+00
936,c446637c-3582-44fd-a26b-93eaadb027b4,52,jony_lu,GEM Pracelgance#GEM,Spadelline,HONOR_UP,Honor Increased!,"jony_lu increased their honor, reaching level 5","{""to"":""5"",""from"":""4"",""gained"":""1"",""points"":""300""}",2025-12-19 03:55:24.190155+00
937,c446637c-3582-44fd-a26b-93eaadb027b4,52,jony_lu,GEM Pracelgance#GEM,Spadelline,LEVEL_UP,Level Up!,jony_lu leveled up to 17 in GEM Pracelgance#GEM,"{""to"":""17"",""from"":""15"",""gained"":""2"",""points"":""160""}",2025-12-19 03:55:46.883748+00
938,71b26dfe-f225-49fb-b852-89b1c62fd894,50,Apolly0nx,GEM Buddelizeth#GEM,Spadelline,LEVEL_UP,Level Up!,Apolly0nx leveled up to 14 in GEM Buddelizeth#GEM,"{""to"":""14"",""from"":""1"",""gained"":""13"",""points"":""1040""}",2025-12-19 04:52:33.394156+00
939,71b26dfe-f225-49fb-b852-89b1c62fd894,50,Apolly0nx,GEM Buddelizeth#GEM,Spadelline,MISSION_COMPLETED,Mission Completed!,Apolly0nx completed a mission in GEM Buddelizeth#GEM,"{""points"":""10"",""progress"":""9/12"",""missionNumber"":""9"",""totalMissions"":""12""}",2025-12-19 04:52:56.880531+00
940,71b26dfe-f225-49fb-b852-89b1c62fd894,50,Apolly0nx,GEM Buddelizeth#GEM,Spadelline,MISSION_COMPLETED,Mission Completed!,Apolly0nx completed a mission in GEM Buddelizeth#GEM,"{""points"":""10"",""progress"":""10/12"",""missionNumber"":""10"",""totalMissions"":""12""}",2025-12-19 04:52:57.565353+00
941,71b26dfe-f225-49fb-b852-89b1c62fd894,50,Apolly0nx,GEM Buddelizeth#GEM,Spadelline,MISSION_COMPLETED,Mission Completed!,Apolly0nx completed a mission in GEM Buddelizeth#GEM,"{""points"":""10"",""progress"":""11/12"",""missionNumber"":""11"",""totalMissions"":""12""}",2025-12-19 04:52:58.285185+00
942,71b26dfe-f225-49fb-b852-89b1c62fd894,50,Apolly0nx,GEM Buddelizeth#GEM,Spadelline,MISSION_COMPLETED,Mission Completed!,Apolly0nx completed a mission in GEM Buddelizeth#GEM,"{""progress"":""9/0"",""ranked_id"":""50"",""total_missions"":""0"",""current_missions"":""9"",""missions_completed"":""1""}",2025-12-19 04:52:59.680549+00
943,71b26dfe-f225-49fb-b852-89b1c62fd894,50,Apolly0nx,GEM Buddelizeth#GEM,Spadelline,MISSION_COMPLETED,Mission Completed!,Apolly0nx completed a mission in GEM Buddelizeth#GEM,"{""progress"":""10/0"",""ranked_id"":""50"",""total_missions"":""0"",""current_missions"":""10"",""missions_completed"":""1""}",2025-12-19 04:53:02.739821+00
944,71b26dfe-f225-49fb-b852-89b1c62fd894,50,Apolly0nx,GEM Buddelizeth#GEM,Spadelline,MISSION_COMPLETED,Mission Completed!,Apolly0nx completed a mission in GEM Buddelizeth#GEM,"{""progress"":""11/0"",""ranked_id"":""50"",""total_missions"":""0"",""current_missions"":""11"",""missions_completed"":""1""}",2025-12-19 04:53:05.802926+00
945,71b26dfe-f225-49fb-b852-89b1c62fd894,50,Apolly0nx,GEM Buddelizeth#GEM,Spadelline,MASTERY_LEVEL_UP,Mastery Upgrade!,Apolly0nx reached mastery level 2 with Mordekaiser in GEM Buddelizeth#GEM,"{""to"":""2"",""from"":""0"",""points"":""100"",""championId"":""82"",""championName"":""Mordekaiser""}",2025-12-19 04:55:57.462308+00
946,71b26dfe-f225-49fb-b852-89b1c62fd894,50,Apolly0nx,GEM Buddelizeth#GEM,Spadelline,LEVEL_UP,Level Up!,Apolly0nx leveled up to 15 in GEM Buddelizeth#GEM,"{""to"":""15"",""from"":""14"",""gained"":""1"",""points"":""80""}",2025-12-19 05:12:47.065654+00
947,71b26dfe-f225-49fb-b852-89b1c62fd894,50,Apolly0nx,GEM Buddelizeth#GEM,Spadelline,MISSION_COMPLETED,Mission Completed!,Apolly0nx completed a mission in GEM Buddelizeth#GEM,"{""points"":""10"",""progress"":""12/12"",""missionNumber"":""12"",""totalMissions"":""12""}",2025-12-19 06:16:59.101564+00
948,71b26dfe-f225-49fb-b852-89b1c62fd894,50,Apolly0nx,GEM Buddelizeth#GEM,Spadelline,MISSION_COMPLETED,Mission Completed!,Apolly0nx completed a mission in GEM Buddelizeth#GEM,"{""progress"":""12/0"",""ranked_id"":""50"",""total_missions"":""0"",""current_missions"":""12"",""missions_completed"":""1""}",2025-12-19 06:17:02.161027+00
949,71b26dfe-f225-49fb-b852-89b1c62fd894,50,Apolly0nx,GEM Buddelizeth#GEM,Spadelline,LEVEL_UP,Level Up!,Apolly0nx leveled up to 16 in GEM Buddelizeth#GEM,"{""to"":""16"",""from"":""15"",""gained"":""1"",""points"":""80""}",2025-12-19 07:19:08.733106+00
950,71b26dfe-f225-49fb-b852-89b1c62fd894,50,Apolly0nx,GEM Buddelizeth#GEM,Spadelline,HONOR_UP,Honor Increased!,"Apolly0nx increased their honor, reaching level 4","{""to"":""4"",""from"":""3"",""gained"":""1"",""points"":""300""}",2025-12-19 07:19:09.059179+00
951,f3254e34-8239-4641-b404-d679548ded03,34,peraltadoctor,GEM Phrasimfasya#GEM,Gladasmy,RANK_UP,Flex Promotion!,peraltadoctor climbed in Flex from GOLD IV to PLATINUM IV in GEM Phrasimfasya#GEM,"{""queue"":""Flex"",""points"":""100"",""toTier"":""platinum"",""fromTier"":""gold"",""toDivision"":""4"",""fromDivision"":""4"",""divisionsGained"":""4""}",2025-12-19 08:00:55.853184+00
952,d9795c74-0656-41af-a563-330e5581c2dd,53,flashendyt,GEM Reamsetmours#GEM,Spadelline,MEMBER,New Member!,flashendyt redeemed the Majesty account GEM Reamsetmours#GEM,"{""points"":""0"",""username"":""GEM Reamsetmours#GEM"",""bloodline"":""Spadelline""}",2025-12-20 02:57:31.222749+00
953,d9795c74-0656-41af-a563-330e5581c2dd,53,flashendyt,GEM Reamsetmours#GEM,Spadelline,WIN,Victory!,flashendyt won 1 win in GEM Reamsetmours#GEM,"{""wins"":""1"",""points"":""70"",""totalWins"":""30""}",2025-12-20 22:11:03.136524+00
954,d9795c74-0656-41af-a563-330e5581c2dd,53,flashendyt,GEM Reamsetmours#GEM,Spadelline,WIN,Victory!,flashendyt won 1 win in GEM Reamsetmours#GEM,"{""wins"":""1"",""points"":""70"",""totalWins"":""30""}",2025-12-20 22:12:30.830506+00
955,d9795c74-0656-41af-a563-330e5581c2dd,53,flashendyt,GEM Reamsetmours#GEM,Spadelline,MASTERY_LEVEL_UP,Mastery Upgrade!,flashendyt reached mastery level 2 with Volibear in GEM Reamsetmours#GEM,"{""to"":""2"",""from"":""0"",""points"":""100"",""championId"":""106"",""championName"":""Volibear""}",2025-12-20 22:30:23.811507+00
956,d9795c74-0656-41af-a563-330e5581c2dd,53,flashendyt,GEM Reamsetmours#GEM,Spadelline,MASTERY_LEVEL_UP,Mastery Upgrade!,flashendyt reached mastery level 1 with Warwick in GEM Reamsetmours#GEM,"{""to"":""1"",""from"":""0"",""points"":""50"",""championId"":""19"",""championName"":""Warwick""}",2025-12-20 22:34:59.303806+00
957,d9795c74-0656-41af-a563-330e5581c2dd,53,flashendyt,GEM Reamsetmours#GEM,Spadelline,WIN,Victory!,flashendyt won 1 win in GEM Reamsetmours#GEM,"{""wins"":""1"",""points"":""70"",""totalWins"":""30""}",2025-12-20 22:35:39.58123+00
958,d9795c74-0656-41af-a563-330e5581c2dd,53,flashendyt,GEM Reamsetmours#GEM,Spadelline,RANK_UP,Flex Promotion!,flashendyt climbed in Flex from Unranked to SILVER I in GEM Reamsetmours#GEM,"{""queue"":""Flex"",""points"":""275"",""toTier"":""silver"",""fromTier"":""UNRANKED"",""toDivision"":""1"",""fromDivision"":""0"",""divisionsGained"":""11""}",2025-12-20 22:36:25.769501+00
959,2d926f04-c40a-404e-9772-bf458d31f2e2,44,Matutte,GEM Golzendants#GEM,Primogenit,WIN,Victory!,Matutte won 1 win in GEM Golzendants#GEM,"{""wins"":""1"",""points"":""70"",""totalWins"":""27""}",2025-12-21 01:56:09.154197+00
960,d9795c74-0656-41af-a563-330e5581c2dd,53,flashendyt,GEM Reamsetmours#GEM,Spadelline,WIN,Victory!,flashendyt won 1 win in GEM Reamsetmours#GEM,"{""wins"":""1"",""points"":""70"",""totalWins"":""30""}",2025-12-21 02:19:46.071625+00
961,d9795c74-0656-41af-a563-330e5581c2dd,53,flashendyt,GEM Reamsetmours#GEM,Spadelline,WIN,Victory!,flashendyt won 2 wins in GEM Reamsetmours#GEM,"{""wins"":""2"",""points"":""140"",""totalWins"":""30""}",2025-12-21 03:20:53.006599+00
962,2d926f04-c40a-404e-9772-bf458d31f2e2,44,Matutte,GEM Golzendants#GEM,Primogenit,WIN,Victory!,Matutte won 2 wins in GEM Golzendants#GEM,"{""wins"":""2"",""points"":""140"",""totalWins"":""27""}",2025-12-21 03:21:00.196731+00
963,2d926f04-c40a-404e-9772-bf458d31f2e2,44,Matutte,GEM Golzendants#GEM,Primogenit,WIN,Victory!,Matutte won 2 wins in GEM Golzendants#GEM,"{""wins"":""2"",""points"":""140"",""totalWins"":""27""}",2025-12-21 03:21:00.211967+00
964,d9795c74-0656-41af-a563-330e5581c2dd,53,flashendyt,GEM Reamsetmours#GEM,Spadelline,RANK_UP,Flex Promotion!,flashendyt climbed in Flex from SILVER I to GOLD IV in GEM Reamsetmours#GEM,"{""queue"":""Flex"",""points"":""25"",""toTier"":""gold"",""fromTier"":""silver"",""toDivision"":""4"",""fromDivision"":""1"",""divisionsGained"":""1""}",2025-12-21 03:21:33.299649+00
965,0aadc772-595d-4999-bef3-8ca0602a6e44,36,Toubie,GEM Vespianelian#GEM,Gladasmy,MASTERY_LEVEL_UP,Mastery Upgrade!,Toubie reached mastery level 6 with Tryndamere in GEM Vespianelian#GEM,"{""to"":""6"",""from"":""0"",""points"":""300"",""championId"":""23"",""championName"":""Tryndamere""}",2025-12-21 03:22:12.425624+00
966,0aadc772-595d-4999-bef3-8ca0602a6e44,36,Toubie,GEM Vespianelian#GEM,Gladasmy,MASTERY_LEVEL_UP,Mastery Upgrade!,Toubie reached mastery level 6 with Leona in GEM Vespianelian#GEM,"{""to"":""6"",""from"":""0"",""points"":""300"",""championId"":""89"",""championName"":""Leona""}",2025-12-21 03:22:12.602037+00
967,0aadc772-595d-4999-bef3-8ca0602a6e44,36,Toubie,GEM Vespianelian#GEM,Gladasmy,MASTERY_LEVEL_UP,Mastery Upgrade!,Toubie reached mastery level 6 with Lux in GEM Vespianelian#GEM,"{""to"":""6"",""from"":""0"",""points"":""300"",""championId"":""99"",""championName"":""Lux""}",2025-12-21 03:22:12.77461+00
968,0aadc772-595d-4999-bef3-8ca0602a6e44,36,Toubie,GEM Vespianelian#GEM,Gladasmy,MASTERY_LEVEL_UP,Mastery Upgrade!,Toubie reached mastery level 5 with Yuumi in GEM Vespianelian#GEM,"{""to"":""5"",""from"":""0"",""points"":""250"",""championId"":""350"",""championName"":""Yuumi""}",2025-12-21 03:22:12.945763+00
969,0aadc772-595d-4999-bef3-8ca0602a6e44,36,Toubie,GEM Vespianelian#GEM,Gladasmy,MASTERY_LEVEL_UP,Mastery Upgrade!,Toubie reached mastery level 5 with Jhin in GEM Vespianelian#GEM,"{""to"":""5"",""from"":""0"",""points"":""250"",""championId"":""202"",""championName"":""Jhin""}",2025-12-21 03:22:13.105683+00
970,0aadc772-595d-4999-bef3-8ca0602a6e44,36,Toubie,GEM Vespianelian#GEM,Gladasmy,MASTERY_LEVEL_UP,Mastery Upgrade!,Toubie reached mastery level 5 with Twitch in GEM Vespianelian#GEM,"{""to"":""5"",""from"":""0"",""points"":""250"",""championId"":""29"",""championName"":""Twitch""}",2025-12-21 03:22:13.265725+00
971,0aadc772-595d-4999-bef3-8ca0602a6e44,36,Toubie,GEM Vespianelian#GEM,Gladasmy,MASTERY_LEVEL_UP,Mastery Upgrade!,Toubie reached mastery level 5 with Twisted Fate in GEM Vespianelian#GEM,"{""to"":""5"",""from"":""0"",""points"":""250"",""championId"":""4"",""championName"":""Twisted Fate""}",2025-12-21 03:22:13.432682+00
972,0aadc772-595d-4999-bef3-8ca0602a6e44,36,Toubie,GEM Vespianelian#GEM,Gladasmy,MASTERY_LEVEL_UP,Mastery Upgrade!,Toubie reached mastery level 5 with Ekko in GEM Vespianelian#GEM,"{""to"":""5"",""from"":""0"",""points"":""250"",""championId"":""245"",""championName"":""Ekko""}",2025-12-21 03:22:13.595317+00
973,0aadc772-595d-4999-bef3-8ca0602a6e44,36,Toubie,GEM Vespianelian#GEM,Gladasmy,MASTERY_LEVEL_UP,Mastery Upgrade!,Toubie reached mastery level 4 with Rengar in GEM Vespianelian#GEM,"{""to"":""4"",""from"":""0"",""points"":""200"",""championId"":""107"",""championName"":""Rengar""}",2025-12-21 03:22:13.777516+00
974,0aadc772-595d-4999-bef3-8ca0602a6e44,36,Toubie,GEM Vespianelian#GEM,Gladasmy,MASTERY_LEVEL_UP,Mastery Upgrade!,Toubie reached mastery level 4 with Caitlyn in GEM Vespianelian#GEM,"{""to"":""4"",""from"":""0"",""points"":""200"",""championId"":""51"",""championName"":""Caitlyn""}",2025-12-21 03:22:14.006369+00
975,0aadc772-595d-4999-bef3-8ca0602a6e44,36,Toubie,GEM Vespianelian#GEM,Gladasmy,MASTERY_LEVEL_UP,Mastery Upgrade!,Toubie reached mastery level 4 with Nunu in GEM Vespianelian#GEM,"{""to"":""4"",""from"":""0"",""points"":""200"",""championId"":""20"",""championName"":""Nunu""}",2025-12-21 03:22:14.174403+00
976,0aadc772-595d-4999-bef3-8ca0602a6e44,36,Toubie,GEM Vespianelian#GEM,Gladasmy,MASTERY_LEVEL_UP,Mastery Upgrade!,Toubie reached mastery level 3 with Sylas in GEM Vespianelian#GEM,"{""to"":""3"",""from"":""0"",""points"":""150"",""championId"":""517"",""championName"":""Sylas""}",2025-12-21 03:22:14.354644+00
977,0aadc772-595d-4999-bef3-8ca0602a6e44,36,Toubie,GEM Vespianelian#GEM,Gladasmy,MASTERY_LEVEL_UP,Mastery Upgrade!,Toubie reached mastery level 3 with Lee Sin in GEM Vespianelian#GEM,"{""to"":""3"",""from"":""0"",""points"":""150"",""championId"":""64"",""championName"":""Lee Sin""}",2025-12-21 03:22:14.51609+00
978,0aadc772-595d-4999-bef3-8ca0602a6e44,36,Toubie,GEM Vespianelian#GEM,Gladasmy,MASTERY_LEVEL_UP,Mastery Upgrade!,Toubie reached mastery level 3 with Zilean in GEM Vespianelian#GEM,"{""to"":""3"",""from"":""0"",""points"":""150"",""championId"":""26"",""championName"":""Zilean""}",2025-12-21 03:22:14.684501+00
979,0aadc772-595d-4999-bef3-8ca0602a6e44,36,Toubie,GEM Vespianelian#GEM,Gladasmy,MASTERY_LEVEL_UP,Mastery Upgrade!,Toubie reached mastery level 3 with Xerath in GEM Vespianelian#GEM,"{""to"":""3"",""from"":""0"",""points"":""150"",""championId"":""101"",""championName"":""Xerath""}",2025-12-21 03:22:14.867896+00
980,0aadc772-595d-4999-bef3-8ca0602a6e44,36,Toubie,GEM Vespianelian#GEM,Gladasmy,MASTERY_LEVEL_UP,Mastery Upgrade!,Toubie reached mastery level 3 with Vayne in GEM Vespianelian#GEM,"{""to"":""3"",""from"":""0"",""points"":""150"",""championId"":""67"",""championName"":""Vayne""}",2025-12-21 03:22:15.022908+00
981,0aadc772-595d-4999-bef3-8ca0602a6e44,36,Toubie,GEM Vespianelian#GEM,Gladasmy,MASTERY_LEVEL_UP,Mastery Upgrade!,Toubie reached mastery level 3 with Heimerdinger in GEM Vespianelian#GEM,"{""to"":""3"",""from"":""0"",""points"":""150"",""championId"":""74"",""championName"":""Heimerdinger""}",2025-12-21 03:22:15.185424+00
982,0aadc772-595d-4999-bef3-8ca0602a6e44,36,Toubie,GEM Vespianelian#GEM,Gladasmy,MASTERY_LEVEL_UP,Mastery Upgrade!,Toubie reached mastery level 3 with Gragas in GEM Vespianelian#GEM,"{""to"":""3"",""from"":""0"",""points"":""150"",""championId"":""79"",""championName"":""Gragas""}",2025-12-21 03:22:15.35467+00
983,0aadc772-595d-4999-bef3-8ca0602a6e44,36,Toubie,GEM Vespianelian#GEM,Gladasmy,MASTERY_LEVEL_UP,Mastery Upgrade!,Toubie reached mastery level 2 with Lucian in GEM Vespianelian#GEM,"{""to"":""2"",""from"":""0"",""points"":""100"",""championId"":""236"",""championName"":""Lucian""}",2025-12-21 03:22:15.525821+00
984,0aadc772-595d-4999-bef3-8ca0602a6e44,36,Toubie,GEM Vespianelian#GEM,Gladasmy,MASTERY_LEVEL_UP,Mastery Upgrade!,Toubie reached mastery level 2 with Tahm Kench in GEM Vespianelian#GEM,"{""to"":""2"",""from"":""0"",""points"":""100"",""championId"":""223"",""championName"":""Tahm Kench""}",2025-12-21 03:22:15.706326+00
985,0aadc772-595d-4999-bef3-8ca0602a6e44,36,Toubie,GEM Vespianelian#GEM,Gladasmy,MASTERY_LEVEL_UP,Mastery Upgrade!,Toubie reached mastery level 2 with Wukong in GEM Vespianelian#GEM,"{""to"":""2"",""from"":""0"",""points"":""100"",""championId"":""62"",""championName"":""Wukong""}",2025-12-21 03:22:15.884206+00
986,0aadc772-595d-4999-bef3-8ca0602a6e44,36,Toubie,GEM Vespianelian#GEM,Gladasmy,MASTERY_LEVEL_UP,Mastery Upgrade!,Toubie reached mastery level 2 with Rell in GEM Vespianelian#GEM,"{""to"":""2"",""from"":""0"",""points"":""100"",""championId"":""526"",""championName"":""Rell""}",2025-12-21 03:22:16.05632+00
987,0aadc772-595d-4999-bef3-8ca0602a6e44,36,Toubie,GEM Vespianelian#GEM,Gladasmy,MASTERY_LEVEL_UP,Mastery Upgrade!,Toubie reached mastery level 2 with Malphite in GEM Vespianelian#GEM,"{""to"":""2"",""from"":""0"",""points"":""100"",""championId"":""54"",""championName"":""Malphite""}",2025-12-21 03:22:16.222664+00
988,0aadc772-595d-4999-bef3-8ca0602a6e44,36,Toubie,GEM Vespianelian#GEM,Gladasmy,MASTERY_LEVEL_UP,Mastery Upgrade!,Toubie reached mastery level 2 with Thresh in GEM Vespianelian#GEM,"{""to"":""2"",""from"":""0"",""points"":""100"",""championId"":""412"",""championName"":""Thresh""}",2025-12-21 03:22:16.389772+00
989,0aadc772-595d-4999-bef3-8ca0602a6e44,36,Toubie,GEM Vespianelian#GEM,Gladasmy,MASTERY_LEVEL_UP,Mastery Upgrade!,Toubie reached mastery level 2 with Ziggs in GEM Vespianelian#GEM,"{""to"":""2"",""from"":""0"",""points"":""100"",""championId"":""115"",""championName"":""Ziggs""}",2025-12-21 03:22:16.548747+00
990,0aadc772-595d-4999-bef3-8ca0602a6e44,36,Toubie,GEM Vespianelian#GEM,Gladasmy,MASTERY_LEVEL_UP,Mastery Upgrade!,Toubie reached mastery level 2 with Shaco in GEM Vespianelian#GEM,"{""to"":""2"",""from"":""0"",""points"":""100"",""championId"":""35"",""championName"":""Shaco""}",2025-12-21 03:22:16.717573+00
991,0aadc772-595d-4999-bef3-8ca0602a6e44,36,Toubie,GEM Vespianelian#GEM,Gladasmy,MASTERY_LEVEL_UP,Mastery Upgrade!,Toubie reached mastery level 2 with Dr. Mundo in GEM Vespianelian#GEM,"{""to"":""2"",""from"":""0"",""points"":""100"",""championId"":""36"",""championName"":""Dr. Mundo""}",2025-12-21 03:22:16.883953+00
992,0aadc772-595d-4999-bef3-8ca0602a6e44,36,Toubie,GEM Vespianelian#GEM,Gladasmy,MASTERY_LEVEL_UP,Mastery Upgrade!,Toubie reached mastery level 2 with Rumble in GEM Vespianelian#GEM,"{""to"":""2"",""from"":""0"",""points"":""100"",""championId"":""68"",""championName"":""Rumble""}",2025-12-21 03:22:17.07466+00
993,0aadc772-595d-4999-bef3-8ca0602a6e44,36,Toubie,GEM Vespianelian#GEM,Gladasmy,MASTERY_LEVEL_UP,Mastery Upgrade!,Toubie reached mastery level 2 with Ryze in GEM Vespianelian#GEM,"{""to"":""2"",""from"":""0"",""points"":""100"",""championId"":""13"",""championName"":""Ryze""}",2025-12-21 03:22:17.264151+00
994,0aadc772-595d-4999-bef3-8ca0602a6e44,36,Toubie,GEM Vespianelian#GEM,Gladasmy,MASTERY_LEVEL_UP,Mastery Upgrade!,Toubie reached mastery level 2 with Viego in GEM Vespianelian#GEM,"{""to"":""2"",""from"":""0"",""points"":""100"",""championId"":""234"",""championName"":""Viego""}",2025-12-21 03:22:17.445318+00
995,0aadc772-595d-4999-bef3-8ca0602a6e44,36,Toubie,GEM Vespianelian#GEM,Gladasmy,MASTERY_LEVEL_UP,Mastery Upgrade!,Toubie reached mastery level 2 with Malzahar in GEM Vespianelian#GEM,"{""to"":""2"",""from"":""0"",""points"":""100"",""championId"":""90"",""championName"":""Malzahar""}",2025-12-21 03:22:17.60563+00
996,0aadc772-595d-4999-bef3-8ca0602a6e44,36,Toubie,GEM Vespianelian#GEM,Gladasmy,MASTERY_LEVEL_UP,Mastery Upgrade!,Toubie reached mastery level 2 with Galio in GEM Vespianelian#GEM,"{""to"":""2"",""from"":""0"",""points"":""100"",""championId"":""3"",""championName"":""Galio""}",2025-12-21 03:22:17.765257+00
997,0aadc772-595d-4999-bef3-8ca0602a6e44,36,Toubie,GEM Vespianelian#GEM,Gladasmy,MASTERY_LEVEL_UP,Mastery Upgrade!,Toubie reached mastery level 2 with Irelia in GEM Vespianelian#GEM,"{""to"":""2"",""from"":""0"",""points"":""100"",""championId"":""39"",""championName"":""Irelia""}",2025-12-21 03:22:17.933931+00
998,0aadc772-595d-4999-bef3-8ca0602a6e44,36,Toubie,GEM Vespianelian#GEM,Gladasmy,MASTERY_LEVEL_UP,Mastery Upgrade!,Toubie reached mastery level 2 with Samira in GEM Vespianelian#GEM,"{""to"":""2"",""from"":""0"",""points"":""100"",""championId"":""360"",""championName"":""Samira""}",2025-12-21 03:22:18.094693+00
999,0aadc772-595d-4999-bef3-8ca0602a6e44,36,Toubie,GEM Vespianelian#GEM,Gladasmy,MASTERY_LEVEL_UP,Mastery Upgrade!,Toubie reached mastery level 2 with Fiddlesticks in GEM Vespianelian#GEM,"{""to"":""2"",""from"":""0"",""points"":""100"",""championId"":""9"",""championName"":""Fiddlesticks""}",2025-12-21 03:22:18.250386+00
1000,0aadc772-595d-4999-bef3-8ca0602a6e44,36,Toubie,GEM Vespianelian#GEM,Gladasmy,MASTERY_LEVEL_UP,Mastery Upgrade!,Toubie reached mastery level 2 with Miss Fortune in GEM Vespianelian#GEM,"{""to"":""2"",""from"":""0"",""points"":""100"",""championId"":""21"",""championName"":""Miss Fortune""}",2025-12-21 03:22:18.418497+00
1001,0aadc772-595d-4999-bef3-8ca0602a6e44,36,Toubie,GEM Vespianelian#GEM,Gladasmy,MASTERY_LEVEL_UP,Mastery Upgrade!,Toubie reached mastery level 2 with Akali in GEM Vespianelian#GEM,"{""to"":""2"",""from"":""0"",""points"":""100"",""championId"":""84"",""championName"":""Akali""}",2025-12-21 03:22:18.58506+00
1002,0aadc772-595d-4999-bef3-8ca0602a6e44,36,Toubie,GEM Vespianelian#GEM,Gladasmy,MASTERY_LEVEL_UP,Mastery Upgrade!,Toubie reached mastery level 2 with Zed in GEM Vespianelian#GEM,"{""to"":""2"",""from"":""0"",""points"":""100"",""championId"":""238"",""championName"":""Zed""}",2025-12-21 03:22:18.774282+00
1003,0aadc772-595d-4999-bef3-8ca0602a6e44,36,Toubie,GEM Vespianelian#GEM,Gladasmy,MASTERY_LEVEL_UP,Mastery Upgrade!,Toubie reached mastery level 1 with LeBlanc in GEM Vespianelian#GEM,"{""to"":""1"",""from"":""0"",""points"":""50"",""championId"":""7"",""championName"":""LeBlanc""}",2025-12-21 03:22:18.942699+00
1004,0aadc772-595d-4999-bef3-8ca0602a6e44,36,Toubie,GEM Vespianelian#GEM,Gladasmy,MASTERY_LEVEL_UP,Mastery Upgrade!,Toubie reached mastery level 2 with Janna in GEM Vespianelian#GEM,"{""to"":""2"",""from"":""0"",""points"":""100"",""championId"":""40"",""championName"":""Janna""}",2025-12-21 03:22:19.111832+00
1005,0aadc772-595d-4999-bef3-8ca0602a6e44,36,Toubie,GEM Vespianelian#GEM,Gladasmy,MASTERY_LEVEL_UP,Mastery Upgrade!,Toubie reached mastery level 2 with Ezreal in GEM Vespianelian#GEM,"{""to"":""2"",""from"":""0"",""points"":""100"",""championId"":""81"",""championName"":""Ezreal""}",2025-12-21 03:22:19.279542+00
1006,0aadc772-595d-4999-bef3-8ca0602a6e44,36,Toubie,GEM Vespianelian#GEM,Gladasmy,MASTERY_LEVEL_UP,Mastery Upgrade!,Toubie reached mastery level 1 with Diana in GEM Vespianelian#GEM,"{""to"":""1"",""from"":""0"",""points"":""50"",""championId"":""131"",""championName"":""Diana""}",2025-12-21 03:22:19.437145+00
1007,0aadc772-595d-4999-bef3-8ca0602a6e44,36,Toubie,GEM Vespianelian#GEM,Gladasmy,MASTERY_LEVEL_UP,Mastery Upgrade!,Toubie reached mastery level 2 with Veigar in GEM Vespianelian#GEM,"{""to"":""2"",""from"":""0"",""points"":""100"",""championId"":""45"",""championName"":""Veigar""}",2025-12-21 03:22:19.598846+00
1008,0aadc772-595d-4999-bef3-8ca0602a6e44,36,Toubie,GEM Vespianelian#GEM,Gladasmy,MASTERY_LEVEL_UP,Mastery Upgrade!,Toubie reached mastery level 2 with Singed in GEM Vespianelian#GEM,"{""to"":""2"",""from"":""0"",""points"":""100"",""championId"":""27"",""championName"":""Singed""}",2025-12-21 03:22:19.758907+00
1009,0aadc772-595d-4999-bef3-8ca0602a6e44,36,Toubie,GEM Vespianelian#GEM,Gladasmy,MASTERY_LEVEL_UP,Mastery Upgrade!,Toubie reached mastery level 1 with Maokai in GEM Vespianelian#GEM,"{""to"":""1"",""from"":""0"",""points"":""50"",""championId"":""57"",""championName"":""Maokai""}",2025-12-21 03:22:19.923714+00
1010,0aadc772-595d-4999-bef3-8ca0602a6e44,36,Toubie,GEM Vespianelian#GEM,Gladasmy,MASTERY_LEVEL_UP,Mastery Upgrade!,Toubie reached mastery level 1 with Vel'Koz in GEM Vespianelian#GEM,"{""to"":""1"",""from"":""0"",""points"":""50"",""championId"":""161"",""championName"":""Vel'Koz""}",2025-12-21 03:22:20.085938+00
1011,0aadc772-595d-4999-bef3-8ca0602a6e44,36,Toubie,GEM Vespianelian#GEM,Gladasmy,MASTERY_LEVEL_UP,Mastery Upgrade!,Toubie reached mastery level 1 with Orianna in GEM Vespianelian#GEM,"{""to"":""1"",""from"":""0"",""points"":""50"",""championId"":""61"",""championName"":""Orianna""}",2025-12-21 03:22:20.2488+00
1012,0aadc772-595d-4999-bef3-8ca0602a6e44,36,Toubie,GEM Vespianelian#GEM,Gladasmy,MASTERY_LEVEL_UP,Mastery Upgrade!,Toubie reached mastery level 1 with Gangplank in GEM Vespianelian#GEM,"{""to"":""1"",""from"":""0"",""points"":""50"",""championId"":""41"",""championName"":""Gangplank""}",2025-12-21 03:22:20.423847+00
1013,0aadc772-595d-4999-bef3-8ca0602a6e44,36,Toubie,GEM Vespianelian#GEM,Gladasmy,MASTERY_LEVEL_UP,Mastery Upgrade!,Toubie reached mastery level 1 with Riven in GEM Vespianelian#GEM,"{""to"":""1"",""from"":""0"",""points"":""50"",""championId"":""92"",""championName"":""Riven""}",2025-12-21 03:22:20.594933+00
1014,0aadc772-595d-4999-bef3-8ca0602a6e44,36,Toubie,GEM Vespianelian#GEM,Gladasmy,MASTERY_LEVEL_UP,Mastery Upgrade!,Toubie reached mastery level 1 with Graves in GEM Vespianelian#GEM,"{""to"":""1"",""from"":""0"",""points"":""50"",""championId"":""104"",""championName"":""Graves""}",2025-12-21 03:22:20.789209+00
1015,0aadc772-595d-4999-bef3-8ca0602a6e44,36,Toubie,GEM Vespianelian#GEM,Gladasmy,MASTERY_LEVEL_UP,Mastery Upgrade!,Toubie reached mastery level 1 with Kassadin in GEM Vespianelian#GEM,"{""to"":""1"",""from"":""0"",""points"":""50"",""championId"":""38"",""championName"":""Kassadin""}",2025-12-21 03:22:20.964209+00
1016,0aadc772-595d-4999-bef3-8ca0602a6e44,36,Toubie,GEM Vespianelian#GEM,Gladasmy,MASTERY_LEVEL_UP,Mastery Upgrade!,Toubie reached mastery level 1 with Skarner in GEM Vespianelian#GEM,"{""to"":""1"",""from"":""0"",""points"":""50"",""championId"":""72"",""championName"":""Skarner""}",2025-12-21 03:22:21.136891+00
1017,0aadc772-595d-4999-bef3-8ca0602a6e44,36,Toubie,GEM Vespianelian#GEM,Gladasmy,MASTERY_LEVEL_UP,Mastery Upgrade!,Toubie reached mastery level 1 with Jax in GEM Vespianelian#GEM,"{""to"":""1"",""from"":""0"",""points"":""50"",""championId"":""24"",""championName"":""Jax""}",2025-12-21 03:22:21.555399+00
1018,0aadc772-595d-4999-bef3-8ca0602a6e44,36,Toubie,GEM Vespianelian#GEM,Gladasmy,MASTERY_LEVEL_UP,Mastery Upgrade!,Toubie reached mastery level 1 with Poppy in GEM Vespianelian#GEM,"{""to"":""1"",""from"":""0"",""points"":""50"",""championId"":""78"",""championName"":""Poppy""}",2025-12-21 03:22:21.71467+00
1019,0aadc772-595d-4999-bef3-8ca0602a6e44,36,Toubie,GEM Vespianelian#GEM,Gladasmy,MASTERY_LEVEL_UP,Mastery Upgrade!,Toubie reached mastery level 1 with Zac in GEM Vespianelian#GEM,"{""to"":""1"",""from"":""0"",""points"":""50"",""championId"":""154"",""championName"":""Zac""}",2025-12-21 03:22:21.902939+00
1020,0aadc772-595d-4999-bef3-8ca0602a6e44,36,Toubie,GEM Vespianelian#GEM,Gladasmy,MASTERY_LEVEL_UP,Mastery Upgrade!,Toubie reached mastery level 1 with Ahri in GEM Vespianelian#GEM,"{""to"":""1"",""from"":""0"",""points"":""50"",""championId"":""103"",""championName"":""Ahri""}",2025-12-21 03:22:22.073178+00
1021,0aadc772-595d-4999-bef3-8ca0602a6e44,36,Toubie,GEM Vespianelian#GEM,Gladasmy,MASTERY_LEVEL_UP,Mastery Upgrade!,Toubie reached mastery level 1 with Brand in GEM Vespianelian#GEM,"{""to"":""1"",""from"":""0"",""points"":""50"",""championId"":""63"",""championName"":""Brand""}",2025-12-21 03:22:22.233454+00
1022,0aadc772-595d-4999-bef3-8ca0602a6e44,36,Toubie,GEM Vespianelian#GEM,Gladasmy,MASTERY_LEVEL_UP,Mastery Upgrade!,Toubie reached mastery level 1 with Ivern in GEM Vespianelian#GEM,"{""to"":""1"",""from"":""0"",""points"":""50"",""championId"":""427"",""championName"":""Ivern""}",2025-12-21 03:22:22.408298+00
1023,0aadc772-595d-4999-bef3-8ca0602a6e44,36,Toubie,GEM Vespianelian#GEM,Gladasmy,MASTERY_LEVEL_UP,Mastery Upgrade!,Toubie reached mastery level 1 with Ashe in GEM Vespianelian#GEM,"{""to"":""1"",""from"":""0"",""points"":""50"",""championId"":""22"",""championName"":""Ashe""}",2025-12-21 03:22:22.574242+00
1024,0aadc772-595d-4999-bef3-8ca0602a6e44,36,Toubie,GEM Vespianelian#GEM,Gladasmy,MASTERY_LEVEL_UP,Mastery Upgrade!,Toubie reached mastery level 1 with Lulu in GEM Vespianelian#GEM,"{""to"":""1"",""from"":""0"",""points"":""50"",""championId"":""117"",""championName"":""Lulu""}",2025-12-21 03:22:22.74624+00
1025,0aadc772-595d-4999-bef3-8ca0602a6e44,36,Toubie,GEM Vespianelian#GEM,Gladasmy,MASTERY_LEVEL_UP,Mastery Upgrade!,Toubie reached mastery level 1 with Kog'Maw in GEM Vespianelian#GEM,"{""to"":""1"",""from"":""0"",""points"":""50"",""championId"":""96"",""championName"":""Kog'Maw""}",2025-12-21 03:22:22.904443+00
1026,0aadc772-595d-4999-bef3-8ca0602a6e44,36,Toubie,GEM Vespianelian#GEM,Gladasmy,MASTERY_LEVEL_UP,Mastery Upgrade!,Toubie reached mastery level 1 with Nautilus in GEM Vespianelian#GEM,"{""to"":""1"",""from"":""0"",""points"":""50"",""championId"":""111"",""championName"":""Nautilus""}",2025-12-21 03:22:23.06188+00
1027,0aadc772-595d-4999-bef3-8ca0602a6e44,36,Toubie,GEM Vespianelian#GEM,Gladasmy,MASTERY_LEVEL_UP,Mastery Upgrade!,Toubie reached mastery level 1 with Morgana in GEM Vespianelian#GEM,"{""to"":""1"",""from"":""0"",""points"":""50"",""championId"":""25"",""championName"":""Morgana""}",2025-12-21 03:22:23.504983+00
1028,0aadc772-595d-4999-bef3-8ca0602a6e44,36,Toubie,GEM Vespianelian#GEM,Gladasmy,MASTERY_LEVEL_UP,Mastery Upgrade!,Toubie reached mastery level 1 with Fizz in GEM Vespianelian#GEM,"{""to"":""1"",""from"":""0"",""points"":""50"",""championId"":""105"",""championName"":""Fizz""}",2025-12-21 03:22:23.671548+00
1029,0aadc772-595d-4999-bef3-8ca0602a6e44,36,Toubie,GEM Vespianelian#GEM,Gladasmy,MASTERY_LEVEL_UP,Mastery Upgrade!,Toubie reached mastery level 1 with Neeko in GEM Vespianelian#GEM,"{""to"":""1"",""from"":""0"",""points"":""50"",""championId"":""518"",""championName"":""Neeko""}",2025-12-21 03:22:23.835962+00
1030,0aadc772-595d-4999-bef3-8ca0602a6e44,36,Toubie,GEM Vespianelian#GEM,Gladasmy,MASTERY_LEVEL_UP,Mastery Upgrade!,Toubie reached mastery level 1 with Sivir in GEM Vespianelian#GEM,"{""to"":""1"",""from"":""0"",""points"":""50"",""championId"":""15"",""championName"":""Sivir""}",2025-12-21 03:22:24.00725+00
1031,0aadc772-595d-4999-bef3-8ca0602a6e44,36,Toubie,GEM Vespianelian#GEM,Gladasmy,MASTERY_LEVEL_UP,Mastery Upgrade!,Toubie reached mastery level 1 with Shen in GEM Vespianelian#GEM,"{""to"":""1"",""from"":""0"",""points"":""50"",""championId"":""98"",""championName"":""Shen""}",2025-12-21 03:22:24.17951+00
1032,0aadc772-595d-4999-bef3-8ca0602a6e44,36,Toubie,GEM Vespianelian#GEM,Gladasmy,MASTERY_LEVEL_UP,Mastery Upgrade!,Toubie reached mastery level 1 with Amumu in GEM Vespianelian#GEM,"{""to"":""1"",""from"":""0"",""points"":""50"",""championId"":""32"",""championName"":""Amumu""}",2025-12-21 03:22:24.339658+00
1033,0aadc772-595d-4999-bef3-8ca0602a6e44,36,Toubie,GEM Vespianelian#GEM,Gladasmy,MASTERY_LEVEL_UP,Mastery Upgrade!,Toubie reached mastery level 1 with Annie in GEM Vespianelian#GEM,"{""to"":""1"",""from"":""0"",""points"":""50"",""championId"":""1"",""championName"":""Annie""}",2025-12-21 03:22:24.51023+00
1034,0aadc772-595d-4999-bef3-8ca0602a6e44,36,Toubie,GEM Vespianelian#GEM,Gladasmy,MASTERY_LEVEL_UP,Mastery Upgrade!,Toubie reached mastery level 1 with Kha'Zix in GEM Vespianelian#GEM,"{""to"":""1"",""from"":""0"",""points"":""50"",""championId"":""121"",""championName"":""Kha'Zix""}",2025-12-21 03:22:24.674299+00
1035,0aadc772-595d-4999-bef3-8ca0602a6e44,36,Toubie,GEM Vespianelian#GEM,Gladasmy,MASTERY_LEVEL_UP,Mastery Upgrade!,Toubie reached mastery level 1 with Zoe in GEM Vespianelian#GEM,"{""to"":""1"",""from"":""0"",""points"":""50"",""championId"":""142"",""championName"":""Zoe""}",2025-12-21 03:22:24.843254+00
1036,0aadc772-595d-4999-bef3-8ca0602a6e44,36,Toubie,GEM Vespianelian#GEM,Gladasmy,MASTERY_LEVEL_UP,Mastery Upgrade!,Toubie reached mastery level 1 with Master Yi in GEM Vespianelian#GEM,"{""to"":""1"",""from"":""0"",""points"":""50"",""championId"":""11"",""championName"":""Master Yi""}",2025-12-21 03:22:25.015688+00
1037,0aadc772-595d-4999-bef3-8ca0602a6e44,36,Toubie,GEM Vespianelian#GEM,Gladasmy,MASTERY_LEVEL_UP,Mastery Upgrade!,Toubie reached mastery level 1 with Jinx in GEM Vespianelian#GEM,"{""to"":""1"",""from"":""0"",""points"":""50"",""championId"":""222"",""championName"":""Jinx""}",2025-12-21 03:22:25.186805+00
1038,0aadc772-595d-4999-bef3-8ca0602a6e44,36,Toubie,GEM Vespianelian#GEM,Gladasmy,MASTERY_LEVEL_UP,Mastery Upgrade!,Toubie reached mastery level 1 with Vi in GEM Vespianelian#GEM,"{""to"":""1"",""from"":""0"",""points"":""50"",""championId"":""254"",""championName"":""Vi""}",2025-12-21 03:22:25.36166+00
1039,0aadc772-595d-4999-bef3-8ca0602a6e44,36,Toubie,GEM Vespianelian#GEM,Gladasmy,MASTERY_LEVEL_UP,Mastery Upgrade!,Toubie reached mastery level 1 with Darius in GEM Vespianelian#GEM,"{""to"":""1"",""from"":""0"",""points"":""50"",""championId"":""122"",""championName"":""Darius""}",2025-12-21 03:22:25.541487+00
1040,0aadc772-595d-4999-bef3-8ca0602a6e44,36,Toubie,GEM Vespianelian#GEM,Gladasmy,MASTERY_LEVEL_UP,Mastery Upgrade!,Toubie reached mastery level 1 with Pyke in GEM Vespianelian#GEM,"{""to"":""1"",""from"":""0"",""points"":""50"",""championId"":""555"",""championName"":""Pyke""}",2025-12-21 03:22:25.698981+00
1041,0aadc772-595d-4999-bef3-8ca0602a6e44,36,Toubie,GEM Vespianelian#GEM,Gladasmy,MASTERY_LEVEL_UP,Mastery Upgrade!,Toubie reached mastery level 1 with Vladimir in GEM Vespianelian#GEM,"{""to"":""1"",""from"":""0"",""points"":""50"",""championId"":""8"",""championName"":""Vladimir""}",2025-12-21 03:22:25.863178+00
1042,0aadc772-595d-4999-bef3-8ca0602a6e44,36,Toubie,GEM Vespianelian#GEM,Gladasmy,MASTERY_LEVEL_UP,Mastery Upgrade!,Toubie reached mastery level 1 with Braum in GEM Vespianelian#GEM,"{""to"":""1"",""from"":""0"",""points"":""50"",""championId"":""201"",""championName"":""Braum""}",2025-12-21 03:22:26.023809+00
1043,0aadc772-595d-4999-bef3-8ca0602a6e44,36,Toubie,GEM Vespianelian#GEM,Gladasmy,MASTERY_LEVEL_UP,Mastery Upgrade!,Toubie reached mastery level 1 with Karma in GEM Vespianelian#GEM,"{""to"":""1"",""from"":""0"",""points"":""50"",""championId"":""43"",""championName"":""Karma""}",2025-12-21 03:22:26.177303+00
1044,d9795c74-0656-41af-a563-330e5581c2dd,53,flashendyt,GEM Reamsetmours#GEM,Spadelline,WIN,Victory!,flashendyt won 1 win in GEM Reamsetmours#GEM,"{""wins"":""1"",""points"":""70"",""totalWins"":""30""}",2025-12-21 03:44:06.226391+00
1045,2d926f04-c40a-404e-9772-bf458d31f2e2,44,Matutte,GEM Golzendants#GEM,Primogenit,WIN,Victory!,Matutte won 1 win in GEM Golzendants#GEM,"{""wins"":""1"",""points"":""70"",""totalWins"":""27""}",2025-12-21 03:44:23.199149+00
1046,2d926f04-c40a-404e-9772-bf458d31f2e2,44,Matutte,GEM Golzendants#GEM,Primogenit,RANK_UP,Flex Promotion!,Matutte climbed in Flex from IRON IV to BRONZE IV in GEM Golzendants#GEM,"{""queue"":""Flex"",""points"":""100"",""toTier"":""bronze"",""fromTier"":""iron"",""toDivision"":""4"",""fromDivision"":""4"",""divisionsGained"":""4""}",2025-12-21 03:46:14.739046+00
1047,2d926f04-c40a-404e-9772-bf458d31f2e2,44,Matutte,GEM Golzendants#GEM,Primogenit,RANK_UP,Flex Promotion!,Matutte climbed in Flex from BRONZE IV to BRONZE III in GEM Golzendants#GEM,"{""queue"":""Flex"",""points"":""25"",""toTier"":""bronze"",""fromTier"":""bronze"",""toDivision"":""3"",""fromDivision"":""4"",""divisionsGained"":""1""}",2025-12-21 03:46:33.887064+00
1048,2d926f04-c40a-404e-9772-bf458d31f2e2,44,Matutte,GEM Golzendants#GEM,Primogenit,RANK_UP,Flex Promotion!,Matutte climbed in Flex from BRONZE III to BRONZE II in GEM Golzendants#GEM,"{""queue"":""Flex"",""points"":""25"",""toTier"":""bronze"",""fromTier"":""bronze"",""toDivision"":""2"",""fromDivision"":""3"",""divisionsGained"":""1""}",2025-12-21 03:46:52.174827+00
1049,2d926f04-c40a-404e-9772-bf458d31f2e2,44,Matutte,GEM Golzendants#GEM,Primogenit,RANK_UP,Flex Promotion!,Matutte climbed in Flex from BRONZE II to BRONZE I in GEM Golzendants#GEM,"{""queue"":""Flex"",""points"":""25"",""toTier"":""bronze"",""fromTier"":""bronze"",""toDivision"":""1"",""fromDivision"":""2"",""divisionsGained"":""1""}",2025-12-21 03:47:07.394489+00
1050,2d926f04-c40a-404e-9772-bf458d31f2e2,44,Matutte,GEM Golzendants#GEM,Primogenit,RANK_UP,Flex Promotion!,Matutte climbed in Flex from BRONZE I to SILVER I in GEM Golzendants#GEM,"{""queue"":""Flex"",""points"":""100"",""toTier"":""silver"",""fromTier"":""bronze"",""toDivision"":""1"",""fromDivision"":""1"",""divisionsGained"":""4""}",2025-12-21 03:47:25.752941+00
1051,2d926f04-c40a-404e-9772-bf458d31f2e2,44,Matutte,GEM Golzendants#GEM,Primogenit,RANK_UP,Flex Promotion!,Matutte climbed in Flex from SILVER III to SILVER II in GEM Golzendants#GEM,"{""queue"":""Flex"",""points"":""25"",""toTier"":""silver"",""fromTier"":""silver"",""toDivision"":""2"",""fromDivision"":""3"",""divisionsGained"":""1""}",2025-12-21 03:48:14.410098+00
1052,2d926f04-c40a-404e-9772-bf458d31f2e2,44,Matutte,GEM Golzendants#GEM,Primogenit,RANK_UP,Flex Promotion!,Matutte climbed in Flex from SILVER II to SILVER I in GEM Golzendants#GEM,"{""queue"":""Flex"",""points"":""25"",""toTier"":""silver"",""fromTier"":""silver"",""toDivision"":""1"",""fromDivision"":""2"",""divisionsGained"":""1""}",2025-12-21 03:48:33.01473+00
1053,2d926f04-c40a-404e-9772-bf458d31f2e2,44,Matutte,GEM Golzendants#GEM,Primogenit,RANK_UP,Flex Promotion!,Matutte climbed in Flex from SILVER I to GOLD I in GEM Golzendants#GEM,"{""queue"":""Flex"",""points"":""100"",""toTier"":""gold"",""fromTier"":""silver"",""toDivision"":""1"",""fromDivision"":""1"",""divisionsGained"":""4""}",2025-12-21 03:48:54.998552+00
1054,2d926f04-c40a-404e-9772-bf458d31f2e2,44,Matutte,GEM Golzendants#GEM,Primogenit,WIN,Victory!,Matutte won 1 win in GEM Golzendants#GEM,"{""wins"":""1"",""points"":""70"",""totalWins"":""27""}",2025-12-21 04:16:45.371979+00
1055,2d926f04-c40a-404e-9772-bf458d31f2e2,44,Matutte,GEM Golzendants#GEM,Primogenit,RANK_UP,Flex Promotion!,Matutte climbed in Flex from GOLD IV to GOLD III in GEM Golzendants#GEM,"{""queue"":""Flex"",""points"":""25"",""toTier"":""gold"",""fromTier"":""gold"",""toDivision"":""3"",""fromDivision"":""4"",""divisionsGained"":""1""}",2025-12-21 04:16:48.590685+00
1056,d9795c74-0656-41af-a563-330e5581c2dd,53,flashendyt,GEM Reamsetmours#GEM,Spadelline,MASTERY_LEVEL_UP,Mastery Upgrade!,flashendyt reached mastery level 3 with Volibear in GEM Reamsetmours#GEM,"{""to"":""3"",""from"":""2"",""points"":""50"",""championId"":""106"",""championName"":""Volibear""}",2025-12-21 04:17:13.048056+00
1057,2d926f04-c40a-404e-9772-bf458d31f2e2,44,Matutte,GEM Golzendants#GEM,Primogenit,MASTERY_LEVEL_UP,Mastery Upgrade!,Matutte reached mastery level 4 with Yasuo in GEM Golzendants#GEM,"{""to"":""4"",""from"":""3"",""points"":""50"",""championId"":""157"",""championName"":""Yasuo""}",2025-12-21 04:21:39.591009+00
1058,2d926f04-c40a-404e-9772-bf458d31f2e2,44,Matutte,GEM Golzendants#GEM,Primogenit,MASTERY_LEVEL_UP,Mastery Upgrade!,Matutte reached mastery level 5 with Akali in GEM Golzendants#GEM,"{""to"":""5"",""from"":""4"",""points"":""50"",""championId"":""84"",""championName"":""Akali""}",2025-12-21 04:22:14.641569+00
1059,2d926f04-c40a-404e-9772-bf458d31f2e2,44,Matutte,GEM Golzendants#GEM,Primogenit,MASTERY_LEVEL_UP,Mastery Upgrade!,Matutte reached mastery level 6 with Yasuo in GEM Golzendants#GEM,"{""to"":""6"",""from"":""4"",""points"":""100"",""championId"":""157"",""championName"":""Yasuo""}",2025-12-21 04:24:00.06783+00
1060,d9795c74-0656-41af-a563-330e5581c2dd,53,flashendyt,GEM Reamsetmours#GEM,Spadelline,WIN,Victory!,flashendyt won 5 wins in GEM Reamsetmours#GEM,"{""wins"":""5"",""points"":""350"",""totalWins"":""30""}",2025-12-21 05:24:09.637592+00
1061,d9795c74-0656-41af-a563-330e5581c2dd,53,flashendyt,GEM Reamsetmours#GEM,Spadelline,RANK_UP,Flex Promotion!,flashendyt climbed in Flex from SILVER I to GOLD IV in GEM Reamsetmours#GEM,"{""queue"":""Flex"",""points"":""25"",""toTier"":""gold"",""fromTier"":""silver"",""toDivision"":""4"",""fromDivision"":""1"",""divisionsGained"":""1""}",2025-12-21 05:24:09.983618+00
1062,d9795c74-0656-41af-a563-330e5581c2dd,53,flashendyt,GEM Reamsetmours#GEM,Spadelline,MASTERY_LEVEL_UP,Mastery Upgrade!,flashendyt reached mastery level 2 with Warwick in GEM Reamsetmours#GEM,"{""to"":""2"",""from"":""1"",""points"":""50"",""championId"":""19"",""championName"":""Warwick""}",2025-12-21 05:25:54.49443+00
1063,d9795c74-0656-41af-a563-330e5581c2dd,53,flashendyt,GEM Reamsetmours#GEM,Spadelline,MASTERY_LEVEL_UP,Mastery Upgrade!,flashendyt reached mastery level 2 with Garen in GEM Reamsetmours#GEM,"{""to"":""2"",""from"":""1"",""points"":""50"",""championId"":""86"",""championName"":""Garen""}",2025-12-21 07:09:07.815177+00
1064,d9795c74-0656-41af-a563-330e5581c2dd,53,flashendyt,GEM Reamsetmours#GEM,Spadelline,WIN,Victory!,flashendyt won 1 win in GEM Reamsetmours#GEM,"{""wins"":""1"",""points"":""70"",""totalWins"":""30""}",2025-12-21 07:42:38.792746+00
1065,d9795c74-0656-41af-a563-330e5581c2dd,53,flashendyt,GEM Reamsetmours#GEM,Spadelline,WIN,Victory!,flashendyt won 1 win in GEM Reamsetmours#GEM,"{""wins"":""1"",""points"":""70"",""totalWins"":""30""}",2025-12-21 07:43:17.331691+00
1066,d9795c74-0656-41af-a563-330e5581c2dd,53,flashendyt,GEM Reamsetmours#GEM,Spadelline,RANK_UP,SoloQ Promotion!,flashendyt climbed in SoloQ from Unranked to SILVER  in GEM Reamsetmours#GEM,"{""queue"":""SoloQ"",""points"":""200"",""toTier"":""silver"",""fromTier"":""UNRANKED"",""toDivision"":""0"",""fromDivision"":""0"",""divisionsGained"":""8""}",2025-12-21 07:44:57.687219+00
1067,a098c50f-409f-4fc7-bb2c-c77b073e66cc,19,Gusta_L,GEM Damglantine#GEM,Zephiroth,WIN,Victory!,Gusta_L won 1 win in GEM Damglantine#GEM,"{""wins"":""1"",""points"":""70"",""totalWins"":""85""}",2025-12-21 16:53:55.056285+00
1068,e55f6073-25c5-4c73-a220-4b6327f7ba5e,48,Aegon,GEM Furninscorce#GEM,Porveldam,WIN,Victory!,Aegon won 1 win in GEM Furninscorce#GEM,"{""wins"":""1"",""points"":""70"",""totalWins"":""30""}",2025-12-21 18:05:52.259531+00
1069,2d926f04-c40a-404e-9772-bf458d31f2e2,44,Matutte,GEM Golzendants#GEM,Primogenit,WIN,Victory!,Matutte won 1 win in GEM Golzendants#GEM,"{""wins"":""1"",""points"":""70"",""totalWins"":""27""}",2025-12-21 19:48:56.48512+00
1070,2d926f04-c40a-404e-9772-bf458d31f2e2,44,Matutte,GEM Golzendants#GEM,Primogenit,WIN,Victory!,Matutte won 3 wins in GEM Golzendants#GEM,"{""wins"":""3"",""points"":""210"",""totalWins"":""27""}",2025-12-21 19:49:54.249069+00
1071,2d926f04-c40a-404e-9772-bf458d31f2e2,44,Matutte,GEM Golzendants#GEM,Primogenit,RANK_UP,Flex Promotion!,Matutte climbed in Flex from Unranked to GOLD  in GEM Golzendants#GEM,"{""queue"":""Flex"",""points"":""300"",""toTier"":""gold"",""fromTier"":""UNRANKED"",""toDivision"":""0"",""fromDivision"":""0"",""divisionsGained"":""12""}",2025-12-21 20:23:25.547711+00
1072,2d926f04-c40a-404e-9772-bf458d31f2e2,44,Matutte,GEM Golzendants#GEM,Primogenit,RANK_UP,SoloQ Promotion!,Matutte climbed in SoloQ from Unranked to SILVER II in GEM Golzendants#GEM,"{""queue"":""SoloQ"",""points"":""250"",""toTier"":""silver"",""fromTier"":""UNRANKED"",""toDivision"":""2"",""fromDivision"":""0"",""divisionsGained"":""10""}",2025-12-21 20:24:33.143663+00
1073,a098c50f-409f-4fc7-bb2c-c77b073e66cc,19,Gusta_L,GEM Damglantine#GEM,Zephiroth,WIN,Victory!,Gusta_L won 1 win in GEM Damglantine#GEM,"{""wins"":""1"",""points"":""70"",""totalWins"":""85""}",2025-12-21 22:12:00.18091+00
1074,b28c318f-d58f-44ff-a5f0-cf19b2fe580e,48,AegonLucifer,GEM Furninscorce#GEM,Porveldam,MEMBER,New Member!,AegonLucifer redeemed the Majesty account GEM Furninscorce#GEM,"{""points"":""0"",""username"":""GEM Furninscorce#GEM"",""bloodline"":""Porveldam""}",2025-12-21 23:09:19.446276+00
1075,a098c50f-409f-4fc7-bb2c-c77b073e66cc,19,Gusta_L,GEM Damglantine#GEM,Zephiroth,WIN,Victory!,Gusta_L won 1 win in GEM Damglantine#GEM,"{""wins"":""1"",""points"":""70"",""totalWins"":""85""}",2025-12-21 23:14:59.966799+00
1076,a098c50f-409f-4fc7-bb2c-c77b073e66cc,19,Gusta_L,GEM Damglantine#GEM,Zephiroth,RANK_UP,Flex Promotion!,Gusta_L climbed in Flex from EMERALD III to EMERALD II in GEM Damglantine#GEM,"{""queue"":""Flex"",""points"":""25"",""toTier"":""EMERALD"",""fromTier"":""EMERALD"",""toDivision"":""2"",""fromDivision"":""3"",""divisionsGained"":""1""}",2025-12-21 23:16:33.365468+00
1077,f3254e34-8239-4641-b404-d679548ded03,34,peraltadoctor,GEM Phrasimfasya#GEM,Gladasmy,RANK_UP,Flex Promotion!,peraltadoctor climbed in Flex from PLATINUM IV to PLATINUM II in GEM Phrasimfasya#GEM,"{""queue"":""Flex"",""points"":""50"",""toTier"":""platinum"",""fromTier"":""platinum"",""toDivision"":""2"",""fromDivision"":""4"",""divisionsGained"":""2""}",2025-12-21 23:16:45.006934+00
1078,b28c318f-d58f-44ff-a5f0-cf19b2fe580e,48,AegonLucifer,GEM Furninscorce#GEM,Porveldam,WIN,Victory!,AegonLucifer won 1 win in GEM Furninscorce#GEM,"{""wins"":""1"",""points"":""70"",""totalWins"":""30""}",2025-12-21 23:55:54.547498+00
1079,b28c318f-d58f-44ff-a5f0-cf19b2fe580e,48,AegonLucifer,GEM Furninscorce#GEM,Porveldam,WIN,Victory!,AegonLucifer won 12 wins in GEM Furninscorce#GEM,"{""wins"":""12"",""points"":""840"",""totalWins"":""30""}",2025-12-21 23:56:09.432897+00
1080,b28c318f-d58f-44ff-a5f0-cf19b2fe580e,48,AegonLucifer,GEM Furninscorce#GEM,Porveldam,RANK_UP,SoloQ Promotion!,AegonLucifer climbed in SoloQ from GOLD IV to GOLD III in GEM Furninscorce#GEM,"{""queue"":""SoloQ"",""points"":""25"",""toTier"":""gold"",""fromTier"":""gold"",""toDivision"":""3"",""fromDivision"":""4"",""divisionsGained"":""1""}",2025-12-21 23:56:19.118244+00
1081,b28c318f-d58f-44ff-a5f0-cf19b2fe580e,48,AegonLucifer,GEM Furninscorce#GEM,Porveldam,RANK_UP,Flex Promotion!,AegonLucifer climbed in Flex from Unranked to SILVER I in GEM Furninscorce#GEM,"{""queue"":""Flex"",""points"":""275"",""toTier"":""silver"",""fromTier"":""UNRANKED"",""toDivision"":""1"",""fromDivision"":""0"",""divisionsGained"":""11""}",2025-12-21 23:57:25.738837+00
1082,a098c50f-409f-4fc7-bb2c-c77b073e66cc,19,Gusta_L,GEM Damglantine#GEM,Zephiroth,WIN,Victory!,Gusta_L won 2 wins in GEM Damglantine#GEM,"{""wins"":""2"",""points"":""140"",""totalWins"":""85""}",2025-12-22 05:25:42.515187+00
1083,a098c50f-409f-4fc7-bb2c-c77b073e66cc,19,Gusta_L,GEM Damglantine#GEM,Zephiroth,WIN,Victory!,Gusta_L won 2 wins in GEM Damglantine#GEM,"{""wins"":""2"",""points"":""140"",""totalWins"":""85""}",2025-12-22 05:25:42.6779+00
1084,d9795c74-0656-41af-a563-330e5581c2dd,53,flashendyt,GEM Reamsetmours#GEM,Spadelline,WIN,Victory!,flashendyt won 2 wins in GEM Reamsetmours#GEM,"{""wins"":""2"",""points"":""140"",""totalWins"":""30""}",2025-12-22 05:27:57.762968+00
1085,d9795c74-0656-41af-a563-330e5581c2dd,53,flashendyt,GEM Reamsetmours#GEM,Spadelline,WIN,Victory!,flashendyt won 1 win in GEM Reamsetmours#GEM,"{""wins"":""1"",""points"":""70"",""totalWins"":""30""}",2025-12-22 18:47:42.941097+00
1086,a098c50f-409f-4fc7-bb2c-c77b073e66cc,19,Gusta_L,GEM Damglantine#GEM,Zephiroth,HONOR_UP,Honor Increased!,"Gusta_L increased their honor, reaching level 5","{""to"":""5"",""from"":""4"",""gained"":""1"",""points"":""300""}",2025-12-22 18:48:47.966746+00
1087,d9795c74-0656-41af-a563-330e5581c2dd,53,flashendyt,GEM Reamsetmours#GEM,Spadelline,MASTERY_LEVEL_UP,Mastery Upgrade!,flashendyt reached mastery level 1 with Sylas in GEM Reamsetmours#GEM,"{""to"":""1"",""from"":""0"",""points"":""50"",""championId"":""517"",""championName"":""Sylas""}",2025-12-22 18:49:09.290289+00
1088,d9795c74-0656-41af-a563-330e5581c2dd,53,flashendyt,GEM Reamsetmours#GEM,Spadelline,WIN,Victory!,flashendyt won 1 win in GEM Reamsetmours#GEM,"{""wins"":""1"",""points"":""70"",""totalWins"":""30""}",2025-12-22 20:13:59.348577+00
1089,d9795c74-0656-41af-a563-330e5581c2dd,53,flashendyt,GEM Reamsetmours#GEM,Spadelline,MASTERY_LEVEL_UP,Mastery Upgrade!,flashendyt reached mastery level 4 with Volibear in GEM Reamsetmours#GEM,"{""to"":""4"",""from"":""3"",""points"":""50"",""championId"":""106"",""championName"":""Volibear""}",2025-12-22 20:56:51.147338+00
1090,d9795c74-0656-41af-a563-330e5581c2dd,53,flashendyt,GEM Reamsetmours#GEM,Spadelline,WIN,Victory!,flashendyt won 1 win in GEM Reamsetmours#GEM,"{""wins"":""1"",""points"":""70"",""totalWins"":""30""}",2025-12-22 21:30:27.841316+00
1091,b28c318f-d58f-44ff-a5f0-cf19b2fe580e,48,AegonLucifer,GEM Furninscorce#GEM,Porveldam,LEVEL_UP,Level Up!,AegonLucifer leveled up to 33 in GEM Furninscorce#GEM,"{""to"":""33"",""from"":""30"",""gained"":""3"",""points"":""240""}",2025-12-22 21:32:04.775139+00
1092,b28c318f-d58f-44ff-a5f0-cf19b2fe580e,48,AegonLucifer,GEM Furninscorce#GEM,Porveldam,RANK_UP,Flex Promotion!,AegonLucifer climbed in Flex from SILVER I to GOLD I in GEM Furninscorce#GEM,"{""queue"":""Flex"",""points"":""100"",""toTier"":""gold"",""fromTier"":""silver"",""toDivision"":""1"",""fromDivision"":""1"",""divisionsGained"":""4""}",2025-12-22 22:02:38.388661+00
1093,d9795c74-0656-41af-a563-330e5581c2dd,53,flashendyt,GEM Reamsetmours#GEM,Spadelline,RANK_UP,Flex Promotion!,flashendyt climbed in Flex from GOLD IV to GOLD III in GEM Reamsetmours#GEM,"{""queue"":""Flex"",""points"":""25"",""toTier"":""gold"",""fromTier"":""gold"",""toDivision"":""3"",""fromDivision"":""4"",""divisionsGained"":""1""}",2025-12-22 22:03:28.225827+00
1094,b28c318f-d58f-44ff-a5f0-cf19b2fe580e,48,AegonLucifer,GEM Furninscorce#GEM,Porveldam,HONOR_UP,Honor Increased!,"AegonLucifer increased their honor, reaching level 5","{""to"":""5"",""from"":""4"",""gained"":""1"",""points"":""300""}",2025-12-22 22:03:42.211607+00
1095,d9795c74-0656-41af-a563-330e5581c2dd,53,flashendyt,GEM Reamsetmours#GEM,Spadelline,RANK_UP,Flex Promotion!,flashendyt climbed in Flex from GOLD I to PLATINUM IV in GEM Reamsetmours#GEM,"{""queue"":""Flex"",""points"":""25"",""toTier"":""platinum"",""fromTier"":""gold"",""toDivision"":""4"",""fromDivision"":""1"",""divisionsGained"":""1""}",2025-12-22 22:04:08.827925+00
1096,b28c318f-d58f-44ff-a5f0-cf19b2fe580e,48,AegonLucifer,GEM Furninscorce#GEM,Porveldam,LEVEL_UP,Level Up!,AegonLucifer leveled up to 34 in GEM Furninscorce#GEM,"{""to"":""34"",""from"":""33"",""gained"":""1"",""points"":""80""}",2025-12-22 22:05:09.294069+00
1097,2d926f04-c40a-404e-9772-bf458d31f2e2,44,Matutte,GEM Golzendants#GEM,Primogenit,WIN,Victory!,Matutte won 1 win in GEM Golzendants#GEM,"{""wins"":""1"",""points"":""70"",""totalWins"":""27""}",2025-12-22 23:16:04.971604+00
1098,a098c50f-409f-4fc7-bb2c-c77b073e66cc,19,Gusta_L,GEM Damglantine#GEM,Zephiroth,WIN,Victory!,Gusta_L won 1 win in GEM Damglantine#GEM,"{""wins"":""1"",""points"":""70"",""totalWins"":""85""}",2025-12-22 23:23:17.147768+00
1099,d7895f20-abd6-4552-a559-63ba2626b88f,19,Gusta_L,GEM Damglantine#GEM,Zephiroth,MISSION_COMPLETED,Mission Completed!,Gusta_L completed a mission in GEM Damglantine#GEM,"{""points"":""10"",""progress"":""12/12"",""missionNumber"":""12"",""totalMissions"":""12""}",2025-12-22 23:23:29.121937+00
1100,a098c50f-409f-4fc7-bb2c-c77b073e66cc,19,Gusta_L,GEM Damglantine#GEM,Zephiroth,MISSION_COMPLETED,Mission Completed!,Gusta_L completed a mission in GEM Damglantine#GEM,"{""progress"":""12/61"",""ranked_id"":""19"",""total_missions"":""61"",""current_missions"":""12"",""missions_completed"":""12""}",2025-12-22 23:24:42.806231+00
1101,a098c50f-409f-4fc7-bb2c-c77b073e66cc,19,Gusta_L,GEM Damglantine#GEM,Zephiroth,RANK_UP,Flex Promotion!,Gusta_L climbed in Flex from EMERALD II to EMERALD I in GEM Damglantine#GEM,"{""queue"":""Flex"",""points"":""25"",""toTier"":""EMERALD"",""fromTier"":""EMERALD"",""toDivision"":""1"",""fromDivision"":""2"",""divisionsGained"":""1""}",2025-12-22 23:24:43.333245+00
1102,2d926f04-c40a-404e-9772-bf458d31f2e2,44,Matutte,GEM Golzendants#GEM,Primogenit,LEVEL_UP,Level Up!,Matutte leveled up to 31 in GEM Golzendants#GEM,"{""to"":""31"",""from"":""27"",""gained"":""4"",""points"":""320""}",2025-12-22 23:25:23.320587+00
1103,2d926f04-c40a-404e-9772-bf458d31f2e2,44,Matutte,GEM Golzendants#GEM,Primogenit,LEVEL_30_ACHIEVED,Level 30 Achieved!,Matutte reached level 30 from level 27 in GEM Golzendants#GEM - 1000 BONUS POINTS!,"{""to"":""31"",""from"":""27"",""bonus"":""3000"",""points"":""3000""}",2025-12-22 23:25:23.705276+00
1104,c446637c-3582-44fd-a26b-93eaadb027b4,52,jony_lu,GEM Pracelgance#GEM,Spadelline,LEVEL_UP,Level Up!,jony_lu leveled up to 18 in GEM Pracelgance#GEM,"{""to"":""18"",""from"":""17"",""gained"":""1"",""points"":""80""}",2025-12-22 23:26:27.317852+00
1105,d7895f20-abd6-4552-a559-63ba2626b88f,22,Gemy,GEM Glacelynne#GEM,Zephiroth,HONOR_UP,Honor Increased!,"Gemy increased their honor, reaching level 5","{""to"":""5"",""from"":""4"",""gained"":""1"",""points"":""300""}",2025-12-23 01:35:36.353202+00
1106,d9795c74-0656-41af-a563-330e5581c2dd,53,flashendyt,GEM Reamsetmours#GEM,Spadelline,RANK_UP,SoloQ Promotion!,flashendyt climbed in SoloQ from SILVER III to SILVER II in GEM Reamsetmours#GEM,"{""queue"":""SoloQ"",""points"":""25"",""toTier"":""silver"",""fromTier"":""silver"",""toDivision"":""2"",""fromDivision"":""3"",""divisionsGained"":""1""}",2025-12-23 14:01:20.377227+00
1107,e55f6073-25c5-4c73-a220-4b6327f7ba5e,24,Hunny,GEM Lahallayd#GEM,Zephiroth,HONOR_UP,Honor Increased!,"Hunny increased their honor, reaching level 5","{""to"":""5"",""from"":""4"",""gained"":""1"",""points"":""300""}",2025-12-23 21:44:21.087183+00
1108,d9795c74-0656-41af-a563-330e5581c2dd,53,flashendyt,GEM Reamsetmours#GEM,Spadelline,LEVEL_UP,Level Up!,flashendyt leveled up to 32 in GEM Reamsetmours#GEM,"{""to"":""32"",""from"":""30"",""gained"":""2"",""points"":""160""}",2025-12-23 22:38:38.304534+00
1109,2d926f04-c40a-404e-9772-bf458d31f2e2,44,Matutte,GEM Golzendants#GEM,Primogenit,WIN,Victory!,Matutte won 1 win in GEM Golzendants#GEM,"{""wins"":""1"",""points"":""70"",""totalWins"":""31""}",2025-12-23 23:22:17.764397+00
1110,2d926f04-c40a-404e-9772-bf458d31f2e2,44,Matutte,GEM Golzendants#GEM,Primogenit,RANK_UP,SoloQ Promotion!,Matutte climbed in SoloQ from SILVER II to SILVER I in GEM Golzendants#GEM,"{""queue"":""SoloQ"",""points"":""25"",""toTier"":""silver"",""fromTier"":""silver"",""toDivision"":""1"",""fromDivision"":""2"",""divisionsGained"":""1""}",2025-12-23 23:23:20.632571+00
1111,2d926f04-c40a-404e-9772-bf458d31f2e2,44,Matutte,GEM Golzendants#GEM,Primogenit,MASTERY_LEVEL_UP,Mastery Upgrade!,Matutte reached mastery level 2 with Kai'Sa in GEM Golzendants#GEM,"{""to"":""2"",""from"":""0"",""points"":""100"",""championId"":""145"",""championName"":""Kai'Sa""}",2025-12-23 23:24:21.516061+00
1112,2d926f04-c40a-404e-9772-bf458d31f2e2,44,Matutte,GEM Golzendants#GEM,Primogenit,MASTERY_LEVEL_UP,Mastery Upgrade!,Matutte reached mastery level 7 with Yasuo in GEM Golzendants#GEM,"{""to"":""7"",""from"":""6"",""points"":""50"",""championId"":""157"",""championName"":""Yasuo""}",2025-12-23 23:26:14.956893+00
1113,d9795c74-0656-41af-a563-330e5581c2dd,53,flashendyt,GEM Reamsetmours#GEM,Spadelline,MASTERY_LEVEL_UP,Mastery Upgrade!,flashendyt reached mastery level 5 with Volibear in GEM Reamsetmours#GEM,"{""to"":""5"",""from"":""4"",""points"":""50"",""championId"":""106"",""championName"":""Volibear""}",2025-12-24 08:17:14.919174+00
1114,d9795c74-0656-41af-a563-330e5581c2dd,53,flashendyt,GEM Reamsetmours#GEM,Spadelline,RANK_UP,SoloQ Promotion!,flashendyt climbed in SoloQ from SILVER II to SILVER I in GEM Reamsetmours#GEM,"{""queue"":""SoloQ"",""points"":""25"",""toTier"":""silver"",""fromTier"":""silver"",""toDivision"":""1"",""fromDivision"":""2"",""divisionsGained"":""1""}",2025-12-24 08:50:30.070503+00
1115,2d926f04-c40a-404e-9772-bf458d31f2e2,44,Matutte,GEM Golzendants#GEM,Primogenit,WIN,Victory!,Matutte won 1 win in GEM Golzendants#GEM,"{""wins"":""1"",""points"":""70"",""totalWins"":""31""}",2025-12-24 14:57:36.787076+00
1116,d9795c74-0656-41af-a563-330e5581c2dd,53,flashendyt,GEM Reamsetmours#GEM,Spadelline,MASTERY_LEVEL_UP,Mastery Upgrade!,flashendyt reached mastery level 3 with Garen in GEM Reamsetmours#GEM,"{""to"":""3"",""from"":""2"",""points"":""50"",""championId"":""86"",""championName"":""Garen""}",2025-12-24 16:17:04.792151+00
1117,d9795c74-0656-41af-a563-330e5581c2dd,53,flashendyt,GEM Reamsetmours#GEM,Spadelline,MASTERY_LEVEL_UP,Mastery Upgrade!,flashendyt reached mastery level 7 with Miss Fortune in GEM Reamsetmours#GEM,"{""to"":""7"",""from"":""6"",""points"":""50"",""championId"":""21"",""championName"":""Miss Fortune""}",2025-12-24 16:22:10.752934+00
1118,d9795c74-0656-41af-a563-330e5581c2dd,53,flashendyt,GEM Reamsetmours#GEM,Spadelline,MASTERY_LEVEL_UP,Mastery Upgrade!,flashendyt reached mastery level 3 with Twitch in GEM Reamsetmours#GEM,"{""to"":""3"",""from"":""2"",""points"":""50"",""championId"":""29"",""championName"":""Twitch""}",2025-12-24 16:22:29.846341+00
1119,d9795c74-0656-41af-a563-330e5581c2dd,53,flashendyt,GEM Reamsetmours#GEM,Spadelline,MASTERY_LEVEL_UP,Mastery Upgrade!,flashendyt reached mastery level 1 with Alistar in GEM Reamsetmours#GEM,"{""to"":""1"",""from"":""0"",""points"":""50"",""championId"":""12"",""championName"":""Alistar""}",2025-12-24 16:22:56.177923+00
1120,d9795c74-0656-41af-a563-330e5581c2dd,53,flashendyt,GEM Reamsetmours#GEM,Spadelline,MASTERY_LEVEL_UP,Mastery Upgrade!,flashendyt reached mastery level 2 with Lulu in GEM Reamsetmours#GEM,"{""to"":""2"",""from"":""1"",""points"":""50"",""championId"":""117"",""championName"":""Lulu""}",2025-12-24 16:24:00.496039+00
1121,d9795c74-0656-41af-a563-330e5581c2dd,53,flashendyt,GEM Reamsetmours#GEM,Spadelline,MASTERY_LEVEL_UP,Mastery Upgrade!,flashendyt reached mastery level 1 with Malphite in GEM Reamsetmours#GEM,"{""to"":""1"",""from"":""0"",""points"":""50"",""championId"":""54"",""championName"":""Malphite""}",2025-12-24 16:24:11.429894+00
1122,d9795c74-0656-41af-a563-330e5581c2dd,53,flashendyt,GEM Reamsetmours#GEM,Spadelline,MASTERY_LEVEL_UP,Mastery Upgrade!,flashendyt reached mastery level 1 with Lux in GEM Reamsetmours#GEM,"{""to"":""1"",""from"":""0"",""points"":""50"",""championId"":""99"",""championName"":""Lux""}",2025-12-24 16:25:55.861072+00
1123,d9795c74-0656-41af-a563-330e5581c2dd,53,flashendyt,GEM Reamsetmours#GEM,Spadelline,MASTERY_LEVEL_UP,Mastery Upgrade!,flashendyt reached mastery level 1 with Neeko in GEM Reamsetmours#GEM,"{""to"":""1"",""from"":""0"",""points"":""50"",""championId"":""518"",""championName"":""Neeko""}",2025-12-24 16:26:28.055076+00
1124,d9795c74-0656-41af-a563-330e5581c2dd,53,flashendyt,GEM Reamsetmours#GEM,Spadelline,MASTERY_LEVEL_UP,Mastery Upgrade!,flashendyt reached mastery level 1 with Morgana in GEM Reamsetmours#GEM,"{""to"":""1"",""from"":""0"",""points"":""50"",""championId"":""25"",""championName"":""Morgana""}",2025-12-24 16:26:41.115808+00
1125,d9795c74-0656-41af-a563-330e5581c2dd,53,flashendyt,GEM Reamsetmours#GEM,Spadelline,MASTERY_LEVEL_UP,Mastery Upgrade!,flashendyt reached mastery level 1 with Ashe in GEM Reamsetmours#GEM,"{""to"":""1"",""from"":""0"",""points"":""50"",""championId"":""22"",""championName"":""Ashe""}",2025-12-24 16:26:53.389005+00
1126,d9795c74-0656-41af-a563-330e5581c2dd,53,flashendyt,GEM Reamsetmours#GEM,Spadelline,MASTERY_LEVEL_UP,Mastery Upgrade!,flashendyt reached mastery level 1 with Lucian in GEM Reamsetmours#GEM,"{""to"":""1"",""from"":""0"",""points"":""50"",""championId"":""236"",""championName"":""Lucian""}",2025-12-24 16:27:08.314921+00
1127,d9795c74-0656-41af-a563-330e5581c2dd,53,flashendyt,GEM Reamsetmours#GEM,Spadelline,MASTERY_LEVEL_UP,Mastery Upgrade!,flashendyt reached mastery level 1 with Thresh in GEM Reamsetmours#GEM,"{""to"":""1"",""from"":""0"",""points"":""50"",""championId"":""412"",""championName"":""Thresh""}",2025-12-24 16:28:00.171671+00
1128,d9795c74-0656-41af-a563-330e5581c2dd,53,flashendyt,GEM Reamsetmours#GEM,Spadelline,LEVEL_UP,Level Up!,flashendyt leveled up to 33 in GEM Reamsetmours#GEM,"{""to"":""33"",""from"":""32"",""gained"":""1"",""points"":""80""}",2025-12-24 16:40:34.240578+00
1129,d9795c74-0656-41af-a563-330e5581c2dd,53,flashendyt,GEM Reamsetmours#GEM,Spadelline,RANK_UP,SoloQ Promotion!,flashendyt climbed in SoloQ from SILVER I to GOLD I in GEM Reamsetmours#GEM,"{""queue"":""SoloQ"",""points"":""100"",""toTier"":""gold"",""fromTier"":""silver"",""toDivision"":""1"",""fromDivision"":""1"",""divisionsGained"":""4""}",2025-12-24 17:10:55.66945+00
1130,2d926f04-c40a-404e-9772-bf458d31f2e2,44,Matutte,GEM Golzendants#GEM,Primogenit,WIN,Victory!,Matutte won 1 win in GEM Golzendants#GEM,"{""wins"":""1"",""points"":""70"",""totalWins"":""31""}",2025-12-25 20:20:46.407114+00
1131,2d926f04-c40a-404e-9772-bf458d31f2e2,44,Matutte,GEM Golzendants#GEM,Primogenit,WIN,Victory!,Matutte won 1 win in GEM Golzendants#GEM,"{""wins"":""1"",""points"":""70"",""totalWins"":""31""}",2025-12-25 20:59:57.313492+00
1132,2d926f04-c40a-404e-9772-bf458d31f2e2,44,Matutte,GEM Golzendants#GEM,Primogenit,RANK_UP,SoloQ Promotion!,Matutte climbed in SoloQ from SILVER I to GOLD I in GEM Golzendants#GEM,"{""queue"":""SoloQ"",""points"":""100"",""toTier"":""gold"",""fromTier"":""silver"",""toDivision"":""1"",""fromDivision"":""1"",""divisionsGained"":""4""}",2025-12-25 21:01:13.806091+00
1133,2d926f04-c40a-404e-9772-bf458d31f2e2,44,Matutte,GEM Golzendants#GEM,Primogenit,HONOR_UP,Honor Increased!,"Matutte increased their honor, reaching level 5","{""to"":""5"",""from"":""4"",""gained"":""1"",""points"":""300""}",2025-12-25 21:02:10.480257+00
1134,d6bd7eee-de31-4878-932e-12f3378e39c9,46,AmNightmare,GEM Ornetchreans#GEM,Primogenit,LEVEL_UP,Level Up!,AmNightmare leveled up to 30 in GEM Ornetchreans#GEM,"{""to"":""30"",""from"":""28"",""gained"":""2"",""points"":""160""}",2025-12-26 19:41:10.621955+00
1135,d6bd7eee-de31-4878-932e-12f3378e39c9,46,AmNightmare,GEM Ornetchreans#GEM,Primogenit,LEVEL_30_ACHIEVED,Level 30 Achieved!,AmNightmare reached level 30 from level 28 in GEM Ornetchreans#GEM - 1000 BONUS POINTS!,"{""to"":""30"",""from"":""28"",""bonus"":""3000"",""points"":""3000""}",2025-12-26 19:41:11.132345+00
1136,d6bd7eee-de31-4878-932e-12f3378e39c9,46,AmNightmare,GEM Ornetchreans#GEM,Primogenit,MASTERY_LEVEL_UP,Mastery Upgrade!,AmNightmare reached mastery level 4 with Heimerdinger in GEM Ornetchreans#GEM,"{""to"":""4"",""from"":""3"",""points"":""50"",""championId"":""74"",""championName"":""Heimerdinger""}",2025-12-26 19:43:09.232272+00
1137,d6bd7eee-de31-4878-932e-12f3378e39c9,46,AmNightmare,GEM Ornetchreans#GEM,Primogenit,MASTERY_LEVEL_UP,Mastery Upgrade!,AmNightmare reached mastery level 3 with Zyra in GEM Ornetchreans#GEM,"{""to"":""3"",""from"":""2"",""points"":""50"",""championId"":""143"",""championName"":""Zyra""}",2025-12-26 19:43:33.778982+00
1138,d6bd7eee-de31-4878-932e-12f3378e39c9,46,AmNightmare,GEM Ornetchreans#GEM,Primogenit,MASTERY_LEVEL_UP,Mastery Upgrade!,AmNightmare reached mastery level 3 with Ekko in GEM Ornetchreans#GEM,"{""to"":""3"",""from"":""2"",""points"":""50"",""championId"":""245"",""championName"":""Ekko""}",2025-12-26 19:43:58.880815+00
1139,d6bd7eee-de31-4878-932e-12f3378e39c9,46,AmNightmare,GEM Ornetchreans#GEM,Primogenit,MASTERY_LEVEL_UP,Mastery Upgrade!,AmNightmare reached mastery level 3 with Ekko in GEM Ornetchreans#GEM,"{""to"":""3"",""from"":""2"",""points"":""50"",""championId"":""245"",""championName"":""Ekko""}",2025-12-26 19:43:59.274859+00
1140,d6bd7eee-de31-4878-932e-12f3378e39c9,46,AmNightmare,GEM Ornetchreans#GEM,Primogenit,MASTERY_LEVEL_UP,Mastery Upgrade!,AmNightmare reached mastery level 3 with Lux in GEM Ornetchreans#GEM,"{""to"":""3"",""from"":""2"",""points"":""50"",""championId"":""99"",""championName"":""Lux""}",2025-12-26 19:44:27.085469+00
1141,d6bd7eee-de31-4878-932e-12f3378e39c9,46,AmNightmare,GEM Ornetchreans#GEM,Primogenit,MASTERY_LEVEL_UP,Mastery Upgrade!,AmNightmare reached mastery level 3 with Lux in GEM Ornetchreans#GEM,"{""to"":""3"",""from"":""2"",""points"":""50"",""championId"":""99"",""championName"":""Lux""}",2025-12-26 19:44:27.160246+00
1142,d6bd7eee-de31-4878-932e-12f3378e39c9,46,AmNightmare,GEM Ornetchreans#GEM,Primogenit,MASTERY_LEVEL_UP,Mastery Upgrade!,AmNightmare reached mastery level 2 with Viktor in GEM Ornetchreans#GEM,"{""to"":""2"",""from"":""1"",""points"":""50"",""championId"":""112"",""championName"":""Viktor""}",2025-12-26 19:44:46.604801+00
1143,d6bd7eee-de31-4878-932e-12f3378e39c9,46,AmNightmare,GEM Ornetchreans#GEM,Primogenit,MASTERY_LEVEL_UP,Mastery Upgrade!,AmNightmare reached mastery level 2 with Senna in GEM Ornetchreans#GEM,"{""to"":""2"",""from"":""0"",""points"":""100"",""championId"":""235"",""championName"":""Senna""}",2025-12-26 19:45:31.339293+00
1144,d6bd7eee-de31-4878-932e-12f3378e39c9,46,AmNightmare,GEM Ornetchreans#GEM,Primogenit,MASTERY_LEVEL_UP,Mastery Upgrade!,AmNightmare reached mastery level 2 with Thresh in GEM Ornetchreans#GEM,"{""to"":""2"",""from"":""0"",""points"":""100"",""championId"":""412"",""championName"":""Thresh""}",2025-12-26 19:46:00.403438+00
1145,d6bd7eee-de31-4878-932e-12f3378e39c9,46,AmNightmare,GEM Ornetchreans#GEM,Primogenit,MASTERY_LEVEL_UP,Mastery Upgrade!,AmNightmare reached mastery level 2 with Thresh in GEM Ornetchreans#GEM,"{""to"":""2"",""from"":""0"",""points"":""100"",""championId"":""412"",""championName"":""Thresh""}",2025-12-26 19:46:00.590619+00
1146,d6bd7eee-de31-4878-932e-12f3378e39c9,46,AmNightmare,GEM Ornetchreans#GEM,Primogenit,MASTERY_LEVEL_UP,Mastery Upgrade!,AmNightmare reached mastery level 2 with Neeko in GEM Ornetchreans#GEM,"{""to"":""2"",""from"":""0"",""points"":""100"",""championId"":""518"",""championName"":""Neeko""}",2025-12-26 19:46:44.25133+00
1147,d6bd7eee-de31-4878-932e-12f3378e39c9,46,AmNightmare,GEM Ornetchreans#GEM,Primogenit,MASTERY_LEVEL_UP,Mastery Upgrade!,AmNightmare reached mastery level 2 with Neeko in GEM Ornetchreans#GEM,"{""to"":""2"",""from"":""0"",""points"":""100"",""championId"":""518"",""championName"":""Neeko""}",2025-12-26 19:46:44.354265+00
1148,d6bd7eee-de31-4878-932e-12f3378e39c9,46,AmNightmare,GEM Ornetchreans#GEM,Primogenit,MASTERY_LEVEL_UP,Mastery Upgrade!,AmNightmare reached mastery level 1 with Rell in GEM Ornetchreans#GEM,"{""to"":""1"",""from"":""0"",""points"":""50"",""championId"":""526"",""championName"":""Rell""}",2025-12-26 19:47:21.09388+00
1149,d6bd7eee-de31-4878-932e-12f3378e39c9,46,AmNightmare,GEM Ornetchreans#GEM,Primogenit,MASTERY_LEVEL_UP,Mastery Upgrade!,AmNightmare reached mastery level 1 with Campeón #913 in GEM Ornetchreans#GEM,"{""to"":""1"",""from"":""0"",""points"":""50"",""championId"":""913"",""championName"":""Campeón #913""}",2025-12-26 19:47:38.552945+00
1150,d6bd7eee-de31-4878-932e-12f3378e39c9,46,AmNightmare,GEM Ornetchreans#GEM,Primogenit,MASTERY_LEVEL_UP,Mastery Upgrade!,AmNightmare reached mastery level 1 with Milio in GEM Ornetchreans#GEM,"{""to"":""1"",""from"":""0"",""points"":""50"",""championId"":""902"",""championName"":""Milio""}",2025-12-26 19:48:12.977217+00
1151,d6bd7eee-de31-4878-932e-12f3378e39c9,46,AmNightmare,GEM Ornetchreans#GEM,Primogenit,MASTERY_LEVEL_UP,Mastery Upgrade!,AmNightmare reached mastery level 1 with Soraka in GEM Ornetchreans#GEM,"{""to"":""1"",""from"":""0"",""points"":""50"",""championId"":""16"",""championName"":""Soraka""}",2025-12-26 19:48:37.28229+00
1152,d6bd7eee-de31-4878-932e-12f3378e39c9,46,AmNightmare,GEM Ornetchreans#GEM,Primogenit,MASTERY_LEVEL_UP,Mastery Upgrade!,AmNightmare reached mastery level 1 with Lulu in GEM Ornetchreans#GEM,"{""to"":""1"",""from"":""0"",""points"":""50"",""championId"":""117"",""championName"":""Lulu""}",2025-12-26 19:48:57.173845+00
1153,d6bd7eee-de31-4878-932e-12f3378e39c9,46,AmNightmare,GEM Ornetchreans#GEM,Primogenit,MASTERY_LEVEL_UP,Mastery Upgrade!,AmNightmare reached mastery level 1 with Caitlyn in GEM Ornetchreans#GEM,"{""to"":""1"",""from"":""0"",""points"":""50"",""championId"":""51"",""championName"":""Caitlyn""}",2025-12-26 19:49:23.886104+00
1154,d6bd7eee-de31-4878-932e-12f3378e39c9,46,AmNightmare,GEM Ornetchreans#GEM,Primogenit,MASTERY_LEVEL_UP,Mastery Upgrade!,AmNightmare reached mastery level 1 with Xin Zhao in GEM Ornetchreans#GEM,"{""to"":""1"",""from"":""0"",""points"":""50"",""championId"":""5"",""championName"":""Xin Zhao""}",2025-12-26 19:49:50.507623+00
1155,d6bd7eee-de31-4878-932e-12f3378e39c9,46,AmNightmare,GEM Ornetchreans#GEM,Primogenit,MASTERY_LEVEL_UP,Mastery Upgrade!,AmNightmare reached mastery level 1 with Seraphine in GEM Ornetchreans#GEM,"{""to"":""1"",""from"":""0"",""points"":""50"",""championId"":""147"",""championName"":""Seraphine""}",2025-12-26 19:50:19.050814+00
1156,d6bd7eee-de31-4878-932e-12f3378e39c9,46,AmNightmare,GEM Ornetchreans#GEM,Primogenit,MASTERY_LEVEL_UP,Mastery Upgrade!,AmNightmare reached mastery level 1 with Alistar in GEM Ornetchreans#GEM,"{""to"":""1"",""from"":""0"",""points"":""50"",""championId"":""12"",""championName"":""Alistar""}",2025-12-26 19:50:48.304561+00
1157,d6bd7eee-de31-4878-932e-12f3378e39c9,46,AmNightmare,GEM Ornetchreans#GEM,Primogenit,MASTERY_LEVEL_UP,Mastery Upgrade!,AmNightmare reached mastery level 1 with Alistar in GEM Ornetchreans#GEM,"{""to"":""1"",""from"":""0"",""points"":""50"",""championId"":""12"",""championName"":""Alistar""}",2025-12-26 19:50:48.487201+00
1158,d6bd7eee-de31-4878-932e-12f3378e39c9,46,AmNightmare,GEM Ornetchreans#GEM,Primogenit,MASTERY_LEVEL_UP,Mastery Upgrade!,AmNightmare reached mastery level 1 with Viego in GEM Ornetchreans#GEM,"{""to"":""1"",""from"":""0"",""points"":""50"",""championId"":""234"",""championName"":""Viego""}",2025-12-26 19:51:15.25162+00
1159,d6bd7eee-de31-4878-932e-12f3378e39c9,46,AmNightmare,GEM Ornetchreans#GEM,Primogenit,MASTERY_LEVEL_UP,Mastery Upgrade!,AmNightmare reached mastery level 1 with Leona in GEM Ornetchreans#GEM,"{""to"":""1"",""from"":""0"",""points"":""50"",""championId"":""89"",""championName"":""Leona""}",2025-12-26 19:52:05.988543+00
1160,d6bd7eee-de31-4878-932e-12f3378e39c9,46,AmNightmare,GEM Ornetchreans#GEM,Primogenit,MASTERY_LEVEL_UP,Mastery Upgrade!,AmNightmare reached mastery level 1 with Naafiri in GEM Ornetchreans#GEM,"{""to"":""1"",""from"":""0"",""points"":""50"",""championId"":""950"",""championName"":""Naafiri""}",2025-12-26 19:52:25.664521+00
1161,d6bd7eee-de31-4878-932e-12f3378e39c9,46,AmNightmare,GEM Ornetchreans#GEM,Primogenit,MASTERY_LEVEL_UP,Mastery Upgrade!,AmNightmare reached mastery level 1 with Vladimir in GEM Ornetchreans#GEM,"{""to"":""1"",""from"":""0"",""points"":""50"",""championId"":""8"",""championName"":""Vladimir""}",2025-12-26 19:52:45.893803+00
1162,d6bd7eee-de31-4878-932e-12f3378e39c9,46,AmNightmare,GEM Ornetchreans#GEM,Primogenit,MASTERY_LEVEL_UP,Mastery Upgrade!,AmNightmare reached mastery level 1 with Vladimir in GEM Ornetchreans#GEM,"{""to"":""1"",""from"":""0"",""points"":""50"",""championId"":""8"",""championName"":""Vladimir""}",2025-12-26 19:52:45.927797+00
1163,d6bd7eee-de31-4878-932e-12f3378e39c9,46,AmNightmare,GEM Ornetchreans#GEM,Primogenit,MASTERY_LEVEL_UP,Mastery Upgrade!,AmNightmare reached mastery level 1 with Lee Sin in GEM Ornetchreans#GEM,"{""to"":""1"",""from"":""0"",""points"":""50"",""championId"":""64"",""championName"":""Lee Sin""}",2025-12-26 19:53:14.279807+00
1164,d6bd7eee-de31-4878-932e-12f3378e39c9,46,AmNightmare,GEM Ornetchreans#GEM,Primogenit,MASTERY_LEVEL_UP,Mastery Upgrade!,AmNightmare reached mastery level 1 with Lee Sin in GEM Ornetchreans#GEM,"{""to"":""1"",""from"":""0"",""points"":""50"",""championId"":""64"",""championName"":""Lee Sin""}",2025-12-26 19:53:14.311734+00
1165,d6bd7eee-de31-4878-932e-12f3378e39c9,46,AmNightmare,GEM Ornetchreans#GEM,Primogenit,MASTERY_LEVEL_UP,Mastery Upgrade!,AmNightmare reached mastery level 1 with Lee Sin in GEM Ornetchreans#GEM,"{""to"":""1"",""from"":""0"",""points"":""50"",""championId"":""64"",""championName"":""Lee Sin""}",2025-12-26 19:53:14.382096+00
1166,d6bd7eee-de31-4878-932e-12f3378e39c9,46,AmNightmare,GEM Ornetchreans#GEM,Primogenit,MASTERY_LEVEL_UP,Mastery Upgrade!,AmNightmare reached mastery level 1 with Amumu in GEM Ornetchreans#GEM,"{""to"":""1"",""from"":""0"",""points"":""50"",""championId"":""32"",""championName"":""Amumu""}",2025-12-26 19:54:05.160031+00
1167,2d926f04-c40a-404e-9772-bf458d31f2e2,44,Matutte,GEM Golzendants#GEM,Primogenit,WIN,Victory!,Matutte won 1 win in GEM Golzendants#GEM,"{""wins"":""1"",""points"":""70"",""totalWins"":""31""}",2025-12-27 00:16:53.979794+00
1168,d6bd7eee-de31-4878-932e-12f3378e39c9,46,AmNightmare,GEM Ornetchreans#GEM,Primogenit,RANK_UP,SoloQ Promotion!,AmNightmare climbed in SoloQ from Unranked to BRONZE  in GEM Ornetchreans#GEM,"{""queue"":""SoloQ"",""points"":""100"",""toTier"":""bronze"",""fromTier"":""UNRANKED"",""toDivision"":""0"",""fromDivision"":""0"",""divisionsGained"":""4""}",2025-12-27 20:26:35.306646+00
1169,d6bd7eee-de31-4878-932e-12f3378e39c9,46,AmNightmare,GEM Ornetchreans#GEM,Primogenit,WIN,Victory!,AmNightmare won 1 win in GEM Ornetchreans#GEM,"{""wins"":""1"",""points"":""70"",""totalWins"":""30""}",2025-12-27 20:27:36.067251+00
1170,d6bd7eee-de31-4878-932e-12f3378e39c9,46,AmNightmare,GEM Ornetchreans#GEM,Primogenit,RANK_UP,SoloQ Promotion!,AmNightmare climbed in SoloQ from BRONZE  to BRONZE II in GEM Ornetchreans#GEM,"{""queue"":""SoloQ"",""points"":""50"",""toTier"":""bronze"",""fromTier"":""bronze"",""toDivision"":""2"",""fromDivision"":""0"",""divisionsGained"":""2""}",2025-12-27 20:27:36.428944+00
1171,d6bd7eee-de31-4878-932e-12f3378e39c9,46,AmNightmare,GEM Ornetchreans#GEM,Primogenit,RANK_UP,SoloQ Promotion!,AmNightmare climbed in SoloQ from BRONZE II to BRONZE I in GEM Ornetchreans#GEM,"{""queue"":""SoloQ"",""points"":""25"",""toTier"":""bronze"",""fromTier"":""bronze"",""toDivision"":""1"",""fromDivision"":""2"",""divisionsGained"":""1""}",2025-12-27 21:05:39.615169+00
1172,d6bd7eee-de31-4878-932e-12f3378e39c9,46,AmNightmare,GEM Ornetchreans#GEM,Primogenit,WIN,Victory!,AmNightmare won 1 win in GEM Ornetchreans#GEM,"{""wins"":""1"",""points"":""70"",""totalWins"":""30""}",2025-12-27 21:05:43.405274+00
1173,d6bd7eee-de31-4878-932e-12f3378e39c9,46,AmNightmare,GEM Ornetchreans#GEM,Primogenit,MASTERY_LEVEL_UP,Mastery Upgrade!,AmNightmare reached mastery level 2 with Campeón #913 in GEM Ornetchreans#GEM,"{""to"":""2"",""from"":""1"",""points"":""50"",""championId"":""913"",""championName"":""Campeón #913""}",2025-12-27 21:07:01.071029+00
1174,c446637c-3582-44fd-a26b-93eaadb027b4,21,jony_lu,GEM Envicingess#GEM,Zephiroth,WIN,Victory!,jony_lu won 1 win in GEM Envicingess#GEM,"{""wins"":""1"",""points"":""70"",""totalWins"":""39""}",2025-12-28 04:02:11.477955+00
1175,2d926f04-c40a-404e-9772-bf458d31f2e2,44,Matutte,GEM Golzendants#GEM,Primogenit,WIN,Victory!,Matutte won 1 win in GEM Golzendants#GEM,"{""wins"":""1"",""points"":""70"",""totalWins"":""31""}",2025-12-28 16:50:20.274114+00
1176,2d926f04-c40a-404e-9772-bf458d31f2e2,44,Matutte,GEM Golzendants#GEM,Primogenit,WIN,Victory!,Matutte won 1 win in GEM Golzendants#GEM,"{""wins"":""1"",""points"":""70"",""totalWins"":""31""}",2025-12-28 18:20:42.435646+00
1177,c446637c-3582-44fd-a26b-93eaadb027b4,21,jony_lu,GEM Envicingess#GEM,Zephiroth,WIN,Victory!,jony_lu won 1 win in GEM Envicingess#GEM,"{""wins"":""1"",""points"":""70"",""totalWins"":""39""}",2025-12-29 00:45:25.343441+00
1178,c446637c-3582-44fd-a26b-93eaadb027b4,21,jony_lu,GEM Envicingess#GEM,Zephiroth,WIN,Victory!,jony_lu won 1 win in GEM Envicingess#GEM,"{""wins"":""1"",""points"":""70"",""totalWins"":""39""}",2025-12-29 01:17:53.915188+00
1179,c446637c-3582-44fd-a26b-93eaadb027b4,21,jony_lu,GEM Envicingess#GEM,Zephiroth,WIN,Victory!,jony_lu won 1 win in GEM Envicingess#GEM,"{""wins"":""1"",""points"":""70"",""totalWins"":""39""}",2025-12-29 02:56:14.411455+00
1180,c446637c-3582-44fd-a26b-93eaadb027b4,21,jony_lu,GEM Envicingess#GEM,Zephiroth,WIN,Victory!,jony_lu won 1 win in GEM Envicingess#GEM,"{""wins"":""1"",""points"":""70"",""totalWins"":""39""}",2025-12-30 00:53:20.780347+00
14155,c446637c-3582-44fd-a26b-93eaadb027b4,52,jony_lu,GEM Pracelgance#GEM,Spadelline,LEVEL_UP,Level Up!,jony_lu leveled up to 30 in GEM Pracelgance#GEM,"{""to"":""30"",""from"":""18"",""gained"":""12"",""points"":""960""}",2026-01-14 05:30:00.268941+00
14156,c446637c-3582-44fd-a26b-93eaadb027b4,52,jony_lu,GEM Pracelgance#GEM,Spadelline,LEVEL_30_ACHIEVED,Level 30 Achieved!,jony_lu reached level 30 from level 18 in GEM Pracelgance#GEM - 1000 BONUS POINTS!,"{""to"":""30"",""from"":""18"",""bonus"":""3000"",""points"":""3000""}",2026-01-14 05:30:00.941777+00
14157,f3254e34-8239-4641-b404-d679548ded03,34,peraltadoctor,GEM Phrasimfasya#GEM,Gladasmy,RANK_UP,SoloQ Promotion!,peraltadoctor climbed in SoloQ from Unranked to SILVER IV in GEM Phrasimfasya#GEM,"{""queue"":""SoloQ"",""points"":""200"",""toTier"":""silver"",""fromTier"":""UNRANKED"",""toDivision"":""4"",""fromDivision"":""4"",""divisionsGained"":""8""}",2026-01-18 05:37:54.046136+00
14158,c446637c-3582-44fd-a26b-93eaadb027b4,40,jony_lu,GEM Veldraveth#GEM,Primogenit,MASTERY_LEVEL_UP,Mastery Upgrade!,jony_lu reached mastery level 9 with Kai'Sa in GEM Veldraveth#GEM,"{""to"":""9"",""from"":""8"",""points"":""50"",""championId"":""145"",""championName"":""Kai'Sa""}",2026-01-23 00:02:11.872459+00
14159,c446637c-3582-44fd-a26b-93eaadb027b4,40,jony_lu,GEM Veldraveth#GEM,Primogenit,MASTERY_LEVEL_UP,Mastery Upgrade!,jony_lu reached mastery level 9 with Vayne in GEM Veldraveth#GEM,"{""to"":""9"",""from"":""8"",""points"":""50"",""championId"":""67"",""championName"":""Vayne""}",2026-01-23 00:02:23.408571+00
14160,e55f6073-25c5-4c73-a220-4b6327f7ba5e,6,Hunny,GEM Purselgarmet#LAS,Porveldam,RANK_UP,SoloQ Promotion!,Hunny climbed in SoloQ from SILVER IV to GOLD IV in GEM Purselgarmet#LAS,"{""queue"":""SoloQ"",""points"":""100"",""toTier"":""gold"",""fromTier"":""SILVER"",""toDivision"":""4"",""fromDivision"":""4"",""divisionsGained"":""4""}",2026-01-31 00:34:32.841572+00
14165,f3254e34-8239-4641-b404-d679548ded03,39,peraltadoctor,GEM Deliquesence#LAS,Primogenit,WIN,Victory!,peraltadoctor won 15 wins in GEM Deliquesence#LAS,"{""wins"":""15"",""points"":""1050"",""totalWins"":""40""}",2026-02-01 23:44:59.024819+00
14166,f3254e34-8239-4641-b404-d679548ded03,39,peraltadoctor,GEM Deliquesence#LAS,Primogenit,RANK_UP,Flex Promotion!,peraltadoctor climbed in Flex from PLATINUM IV to EMERALD II in GEM Deliquesence#LAS,"{""queue"":""Flex"",""points"":""150"",""toTier"":""emerald"",""fromTier"":""PLATINUM"",""toDivision"":""2"",""fromDivision"":""4"",""divisionsGained"":""6""}",2026-02-01 23:44:59.398995+00
14167,d6bd7eee-de31-4878-932e-12f3378e39c9,15,AmNightmare,GEM Priscyumice#GEM,Spadelline,RANK_UP,Flex Promotion!,AmNightmare climbed in Flex from Unranked to GOLD I in GEM Priscyumice#GEM,"{""queue"":""Flex"",""points"":""300"",""toTier"":""GOLD"",""fromTier"":""unranked"",""toDivision"":""1"",""fromDivision"":""1"",""divisionsGained"":""12""}",2026-02-01 23:54:11.377238+00
14168,d7895f20-abd6-4552-a559-63ba2626b88f,27,Gemy,GEM Vaelardorcel#GEM,Zephiroth,MASTERY_LEVEL_UP,Mastery Upgrade!,Gemy reached mastery level 5 with Twitch in GEM Vaelardorcel#GEM,"{""to"":""5"",""from"":""0"",""points"":""250"",""championId"":""29"",""championName"":""Twitch""}",2026-02-01 23:55:13.967272+00
14169,d7895f20-abd6-4552-a559-63ba2626b88f,27,Gemy,GEM Vaelardorcel#GEM,Zephiroth,MASTERY_LEVEL_UP,Mastery Upgrade!,Gemy reached mastery level 4 with Jinx in GEM Vaelardorcel#GEM,"{""to"":""4"",""from"":""0"",""points"":""200"",""championId"":""222"",""championName"":""Jinx""}",2026-02-01 23:55:14.257625+00
14170,d7895f20-abd6-4552-a559-63ba2626b88f,27,Gemy,GEM Vaelardorcel#GEM,Zephiroth,MASTERY_LEVEL_UP,Mastery Upgrade!,Gemy reached mastery level 4 with Miss Fortune in GEM Vaelardorcel#GEM,"{""to"":""4"",""from"":""0"",""points"":""200"",""championId"":""21"",""championName"":""Miss Fortune""}",2026-02-01 23:55:14.521066+00
14171,d7895f20-abd6-4552-a559-63ba2626b88f,27,Gemy,GEM Vaelardorcel#GEM,Zephiroth,MASTERY_LEVEL_UP,Mastery Upgrade!,Gemy reached mastery level 3 with Yuumi in GEM Vaelardorcel#GEM,"{""to"":""3"",""from"":""0"",""points"":""150"",""championId"":""350"",""championName"":""Yuumi""}",2026-02-01 23:55:14.777413+00
14172,d7895f20-abd6-4552-a559-63ba2626b88f,27,Gemy,GEM Vaelardorcel#GEM,Zephiroth,MASTERY_LEVEL_UP,Mastery Upgrade!,Gemy reached mastery level 3 with Shen in GEM Vaelardorcel#GEM,"{""to"":""3"",""from"":""0"",""points"":""150"",""championId"":""98"",""championName"":""Shen""}",2026-02-01 23:55:15.059801+00
14173,d7895f20-abd6-4552-a559-63ba2626b88f,27,Gemy,GEM Vaelardorcel#GEM,Zephiroth,MASTERY_LEVEL_UP,Mastery Upgrade!,Gemy reached mastery level 2 with Nami in GEM Vaelardorcel#GEM,"{""to"":""2"",""from"":""0"",""points"":""100"",""championId"":""267"",""championName"":""Nami""}",2026-02-01 23:55:15.291894+00
14174,d7895f20-abd6-4552-a559-63ba2626b88f,27,Gemy,GEM Vaelardorcel#GEM,Zephiroth,MASTERY_LEVEL_UP,Mastery Upgrade!,Gemy reached mastery level 2 with Amumu in GEM Vaelardorcel#GEM,"{""to"":""2"",""from"":""0"",""points"":""100"",""championId"":""32"",""championName"":""Amumu""}",2026-02-01 23:55:15.491541+00
14175,d7895f20-abd6-4552-a559-63ba2626b88f,27,Gemy,GEM Vaelardorcel#GEM,Zephiroth,MASTERY_LEVEL_UP,Mastery Upgrade!,Gemy reached mastery level 2 with Nautilus in GEM Vaelardorcel#GEM,"{""to"":""2"",""from"":""0"",""points"":""100"",""championId"":""111"",""championName"":""Nautilus""}",2026-02-01 23:55:15.731945+00
14176,d7895f20-abd6-4552-a559-63ba2626b88f,27,Gemy,GEM Vaelardorcel#GEM,Zephiroth,MASTERY_LEVEL_UP,Mastery Upgrade!,Gemy reached mastery level 2 with Samira in GEM Vaelardorcel#GEM,"{""to"":""2"",""from"":""0"",""points"":""100"",""championId"":""360"",""championName"":""Samira""}",2026-02-01 23:55:15.907736+00
14177,d7895f20-abd6-4552-a559-63ba2626b88f,27,Gemy,GEM Vaelardorcel#GEM,Zephiroth,MASTERY_LEVEL_UP,Mastery Upgrade!,Gemy reached mastery level 2 with Cho'Gath in GEM Vaelardorcel#GEM,"{""to"":""2"",""from"":""0"",""points"":""100"",""championId"":""31"",""championName"":""Cho'Gath""}",2026-02-01 23:55:16.073693+00
14178,d7895f20-abd6-4552-a559-63ba2626b88f,27,Gemy,GEM Vaelardorcel#GEM,Zephiroth,MASTERY_LEVEL_UP,Mastery Upgrade!,Gemy reached mastery level 2 with Dr. Mundo in GEM Vaelardorcel#GEM,"{""to"":""2"",""from"":""0"",""points"":""100"",""championId"":""36"",""championName"":""Dr. Mundo""}",2026-02-01 23:55:16.320012+00
14179,d7895f20-abd6-4552-a559-63ba2626b88f,27,Gemy,GEM Vaelardorcel#GEM,Zephiroth,MASTERY_LEVEL_UP,Mastery Upgrade!,Gemy reached mastery level 2 with Maokai in GEM Vaelardorcel#GEM,"{""to"":""2"",""from"":""0"",""points"":""100"",""championId"":""57"",""championName"":""Maokai""}",2026-02-01 23:55:16.614661+00
14180,d7895f20-abd6-4552-a559-63ba2626b88f,27,Gemy,GEM Vaelardorcel#GEM,Zephiroth,MASTERY_LEVEL_UP,Mastery Upgrade!,Gemy reached mastery level 2 with Zilean in GEM Vaelardorcel#GEM,"{""to"":""2"",""from"":""0"",""points"":""100"",""championId"":""26"",""championName"":""Zilean""}",2026-02-01 23:55:16.854213+00
14181,d7895f20-abd6-4552-a559-63ba2626b88f,27,Gemy,GEM Vaelardorcel#GEM,Zephiroth,MASTERY_LEVEL_UP,Mastery Upgrade!,Gemy reached mastery level 2 with Ziggs in GEM Vaelardorcel#GEM,"{""to"":""2"",""from"":""0"",""points"":""100"",""championId"":""115"",""championName"":""Ziggs""}",2026-02-01 23:55:17.170379+00
14182,d7895f20-abd6-4552-a559-63ba2626b88f,27,Gemy,GEM Vaelardorcel#GEM,Zephiroth,MASTERY_LEVEL_UP,Mastery Upgrade!,Gemy reached mastery level 2 with Brand in GEM Vaelardorcel#GEM,"{""to"":""2"",""from"":""0"",""points"":""100"",""championId"":""63"",""championName"":""Brand""}",2026-02-01 23:55:17.389081+00
14183,d7895f20-abd6-4552-a559-63ba2626b88f,27,Gemy,GEM Vaelardorcel#GEM,Zephiroth,MASTERY_LEVEL_UP,Mastery Upgrade!,Gemy reached mastery level 2 with Vel'Koz in GEM Vaelardorcel#GEM,"{""to"":""2"",""from"":""0"",""points"":""100"",""championId"":""161"",""championName"":""Vel'Koz""}",2026-02-01 23:55:17.646301+00
14184,d7895f20-abd6-4552-a559-63ba2626b88f,27,Gemy,GEM Vaelardorcel#GEM,Zephiroth,MASTERY_LEVEL_UP,Mastery Upgrade!,Gemy reached mastery level 2 with Fiddlesticks in GEM Vaelardorcel#GEM,"{""to"":""2"",""from"":""0"",""points"":""100"",""championId"":""9"",""championName"":""Fiddlesticks""}",2026-02-01 23:55:17.826819+00
14185,d7895f20-abd6-4552-a559-63ba2626b88f,27,Gemy,GEM Vaelardorcel#GEM,Zephiroth,MASTERY_LEVEL_UP,Mastery Upgrade!,Gemy reached mastery level 2 with Teemo in GEM Vaelardorcel#GEM,"{""to"":""2"",""from"":""0"",""points"":""100"",""championId"":""17"",""championName"":""Teemo""}",2026-02-01 23:55:18.071877+00
14186,d7895f20-abd6-4552-a559-63ba2626b88f,27,Gemy,GEM Vaelardorcel#GEM,Zephiroth,MASTERY_LEVEL_UP,Mastery Upgrade!,Gemy reached mastery level 1 with Blitzcrank in GEM Vaelardorcel#GEM,"{""to"":""1"",""from"":""0"",""points"":""50"",""championId"":""53"",""championName"":""Blitzcrank""}",2026-02-01 23:55:18.285224+00
14187,d7895f20-abd6-4552-a559-63ba2626b88f,27,Gemy,GEM Vaelardorcel#GEM,Zephiroth,MASTERY_LEVEL_UP,Mastery Upgrade!,Gemy reached mastery level 1 with Garen in GEM Vaelardorcel#GEM,"{""to"":""1"",""from"":""0"",""points"":""50"",""championId"":""86"",""championName"":""Garen""}",2026-02-01 23:55:18.490057+00
14188,d7895f20-abd6-4552-a559-63ba2626b88f,27,Gemy,GEM Vaelardorcel#GEM,Zephiroth,MASTERY_LEVEL_UP,Mastery Upgrade!,Gemy reached mastery level 1 with Jax in GEM Vaelardorcel#GEM,"{""to"":""1"",""from"":""0"",""points"":""50"",""championId"":""24"",""championName"":""Jax""}",2026-02-01 23:55:18.683967+00
14189,d7895f20-abd6-4552-a559-63ba2626b88f,27,Gemy,GEM Vaelardorcel#GEM,Zephiroth,MASTERY_LEVEL_UP,Mastery Upgrade!,Gemy reached mastery level 1 with Twisted Fate in GEM Vaelardorcel#GEM,"{""to"":""1"",""from"":""0"",""points"":""50"",""championId"":""4"",""championName"":""Twisted Fate""}",2026-02-01 23:55:18.915928+00
14190,d7895f20-abd6-4552-a559-63ba2626b88f,27,Gemy,GEM Vaelardorcel#GEM,Zephiroth,MASTERY_LEVEL_UP,Mastery Upgrade!,Gemy reached mastery level 1 with Ashe in GEM Vaelardorcel#GEM,"{""to"":""1"",""from"":""0"",""points"":""50"",""championId"":""22"",""championName"":""Ashe""}",2026-02-01 23:55:19.095198+00
14191,d7895f20-abd6-4552-a559-63ba2626b88f,27,Gemy,GEM Vaelardorcel#GEM,Zephiroth,MASTERY_LEVEL_UP,Mastery Upgrade!,Gemy reached mastery level 1 with Vayne in GEM Vaelardorcel#GEM,"{""to"":""1"",""from"":""0"",""points"":""50"",""championId"":""67"",""championName"":""Vayne""}",2026-02-01 23:55:19.287638+00
14192,d7895f20-abd6-4552-a559-63ba2626b88f,27,Gemy,GEM Vaelardorcel#GEM,Zephiroth,MASTERY_LEVEL_UP,Mastery Upgrade!,Gemy reached mastery level 1 with Ezreal in GEM Vaelardorcel#GEM,"{""to"":""1"",""from"":""0"",""points"":""50"",""championId"":""81"",""championName"":""Ezreal""}",2026-02-01 23:55:19.505822+00
14193,d7895f20-abd6-4552-a559-63ba2626b88f,27,Gemy,GEM Vaelardorcel#GEM,Zephiroth,MASTERY_LEVEL_UP,Mastery Upgrade!,Gemy reached mastery level 1 with Rammus in GEM Vaelardorcel#GEM,"{""to"":""1"",""from"":""0"",""points"":""50"",""championId"":""33"",""championName"":""Rammus""}",2026-02-01 23:55:19.845766+00
14194,d7895f20-abd6-4552-a559-63ba2626b88f,27,Gemy,GEM Vaelardorcel#GEM,Zephiroth,MASTERY_LEVEL_UP,Mastery Upgrade!,Gemy reached mastery level 1 with Senna in GEM Vaelardorcel#GEM,"{""to"":""1"",""from"":""0"",""points"":""50"",""championId"":""235"",""championName"":""Senna""}",2026-02-01 23:55:20.063959+00
14195,d7895f20-abd6-4552-a559-63ba2626b88f,27,Gemy,GEM Vaelardorcel#GEM,Zephiroth,MASTERY_LEVEL_UP,Mastery Upgrade!,Gemy reached mastery level 1 with Neeko in GEM Vaelardorcel#GEM,"{""to"":""1"",""from"":""0"",""points"":""50"",""championId"":""518"",""championName"":""Neeko""}",2026-02-01 23:55:20.334949+00
14196,d7895f20-abd6-4552-a559-63ba2626b88f,27,Gemy,GEM Vaelardorcel#GEM,Zephiroth,MASTERY_LEVEL_UP,Mastery Upgrade!,Gemy reached mastery level 1 with Leona in GEM Vaelardorcel#GEM,"{""to"":""1"",""from"":""0"",""points"":""50"",""championId"":""89"",""championName"":""Leona""}",2026-02-01 23:55:20.555749+00
14197,d7895f20-abd6-4552-a559-63ba2626b88f,27,Gemy,GEM Vaelardorcel#GEM,Zephiroth,MASTERY_LEVEL_UP,Mastery Upgrade!,Gemy reached mastery level 1 with Annie in GEM Vaelardorcel#GEM,"{""to"":""1"",""from"":""0"",""points"":""50"",""championId"":""1"",""championName"":""Annie""}",2026-02-01 23:55:20.779068+00
14198,d7895f20-abd6-4552-a559-63ba2626b88f,27,Gemy,GEM Vaelardorcel#GEM,Zephiroth,MASTERY_LEVEL_UP,Mastery Upgrade!,Gemy reached mastery level 1 with Janna in GEM Vaelardorcel#GEM,"{""to"":""1"",""from"":""0"",""points"":""50"",""championId"":""40"",""championName"":""Janna""}",2026-02-01 23:55:20.997824+00
14199,d7895f20-abd6-4552-a559-63ba2626b88f,27,Gemy,GEM Vaelardorcel#GEM,Zephiroth,MASTERY_LEVEL_UP,Mastery Upgrade!,Gemy reached mastery level 1 with Quinn in GEM Vaelardorcel#GEM,"{""to"":""1"",""from"":""0"",""points"":""50"",""championId"":""133"",""championName"":""Quinn""}",2026-02-01 23:55:21.185757+00
14200,d7895f20-abd6-4552-a559-63ba2626b88f,27,Gemy,GEM Vaelardorcel#GEM,Zephiroth,MASTERY_LEVEL_UP,Mastery Upgrade!,Gemy reached mastery level 1 with Lux in GEM Vaelardorcel#GEM,"{""to"":""1"",""from"":""0"",""points"":""50"",""championId"":""99"",""championName"":""Lux""}",2026-02-01 23:55:21.360511+00
14201,d7895f20-abd6-4552-a559-63ba2626b88f,27,Gemy,GEM Vaelardorcel#GEM,Zephiroth,MASTERY_LEVEL_UP,Mastery Upgrade!,Gemy reached mastery level 1 with Rek'Sai in GEM Vaelardorcel#GEM,"{""to"":""1"",""from"":""0"",""points"":""50"",""championId"":""421"",""championName"":""Rek'Sai""}",2026-02-01 23:55:21.543107+00
14202,d7895f20-abd6-4552-a559-63ba2626b88f,27,Gemy,GEM Vaelardorcel#GEM,Zephiroth,MASTERY_LEVEL_UP,Mastery Upgrade!,Gemy reached mastery level 1 with Zoe in GEM Vaelardorcel#GEM,"{""to"":""1"",""from"":""0"",""points"":""50"",""championId"":""142"",""championName"":""Zoe""}",2026-02-01 23:55:21.741753+00
14203,d7895f20-abd6-4552-a559-63ba2626b88f,27,Gemy,GEM Vaelardorcel#GEM,Zephiroth,MASTERY_LEVEL_UP,Mastery Upgrade!,Gemy reached mastery level 1 with Galio in GEM Vaelardorcel#GEM,"{""to"":""1"",""from"":""0"",""points"":""50"",""championId"":""3"",""championName"":""Galio""}",2026-02-01 23:55:22.000147+00
14204,d7895f20-abd6-4552-a559-63ba2626b88f,27,Gemy,GEM Vaelardorcel#GEM,Zephiroth,MASTERY_LEVEL_UP,Mastery Upgrade!,Gemy reached mastery level 1 with Poppy in GEM Vaelardorcel#GEM,"{""to"":""1"",""from"":""0"",""points"":""50"",""championId"":""78"",""championName"":""Poppy""}",2026-02-01 23:55:22.19765+00
14205,d7895f20-abd6-4552-a559-63ba2626b88f,27,Gemy,GEM Vaelardorcel#GEM,Zephiroth,MASTERY_LEVEL_UP,Mastery Upgrade!,Gemy reached mastery level 1 with Nocturne in GEM Vaelardorcel#GEM,"{""to"":""1"",""from"":""0"",""points"":""50"",""championId"":""56"",""championName"":""Nocturne""}",2026-02-01 23:55:22.418985+00
14206,d7895f20-abd6-4552-a559-63ba2626b88f,27,Gemy,GEM Vaelardorcel#GEM,Zephiroth,MASTERY_LEVEL_UP,Mastery Upgrade!,Gemy reached mastery level 1 with Warwick in GEM Vaelardorcel#GEM,"{""to"":""1"",""from"":""0"",""points"":""50"",""championId"":""19"",""championName"":""Warwick""}",2026-02-01 23:55:22.626861+00
14207,d7895f20-abd6-4552-a559-63ba2626b88f,27,Gemy,GEM Vaelardorcel#GEM,Zephiroth,MASTERY_LEVEL_UP,Mastery Upgrade!,Gemy reached mastery level 1 with Fizz in GEM Vaelardorcel#GEM,"{""to"":""1"",""from"":""0"",""points"":""50"",""championId"":""105"",""championName"":""Fizz""}",2026-02-01 23:55:23.007393+00
14208,d7895f20-abd6-4552-a559-63ba2626b88f,27,Gemy,GEM Vaelardorcel#GEM,Zephiroth,MASTERY_LEVEL_UP,Mastery Upgrade!,Gemy reached mastery level 1 with Tristana in GEM Vaelardorcel#GEM,"{""to"":""1"",""from"":""0"",""points"":""50"",""championId"":""18"",""championName"":""Tristana""}",2026-02-01 23:55:23.223759+00
14209,d7895f20-abd6-4552-a559-63ba2626b88f,27,Gemy,GEM Vaelardorcel#GEM,Zephiroth,MASTERY_LEVEL_UP,Mastery Upgrade!,Gemy reached mastery level 1 with Kog'Maw in GEM Vaelardorcel#GEM,"{""to"":""1"",""from"":""0"",""points"":""50"",""championId"":""96"",""championName"":""Kog'Maw""}",2026-02-01 23:55:23.402873+00
14210,d7895f20-abd6-4552-a559-63ba2626b88f,27,Gemy,GEM Vaelardorcel#GEM,Zephiroth,MASTERY_LEVEL_UP,Mastery Upgrade!,Gemy reached mastery level 1 with Campeón #804 in GEM Vaelardorcel#GEM,"{""to"":""1"",""from"":""0"",""points"":""50"",""championId"":""804"",""championName"":""Campeón #804""}",2026-02-01 23:55:23.581827+00
14211,d7895f20-abd6-4552-a559-63ba2626b88f,27,Gemy,GEM Vaelardorcel#GEM,Zephiroth,MASTERY_LEVEL_UP,Mastery Upgrade!,Gemy reached mastery level 1 with Alistar in GEM Vaelardorcel#GEM,"{""to"":""1"",""from"":""0"",""points"":""50"",""championId"":""12"",""championName"":""Alistar""}",2026-02-01 23:55:23.827763+00
14212,d7895f20-abd6-4552-a559-63ba2626b88f,27,Gemy,GEM Vaelardorcel#GEM,Zephiroth,MASTERY_LEVEL_UP,Mastery Upgrade!,Gemy reached mastery level 1 with Sona in GEM Vaelardorcel#GEM,"{""to"":""1"",""from"":""0"",""points"":""50"",""championId"":""37"",""championName"":""Sona""}",2026-02-01 23:55:24.029016+00
14213,d7895f20-abd6-4552-a559-63ba2626b88f,27,Gemy,GEM Vaelardorcel#GEM,Zephiroth,MASTERY_LEVEL_UP,Mastery Upgrade!,Gemy reached mastery level 1 with Sivir in GEM Vaelardorcel#GEM,"{""to"":""1"",""from"":""0"",""points"":""50"",""championId"":""15"",""championName"":""Sivir""}",2026-02-01 23:55:24.265033+00
14214,d7895f20-abd6-4552-a559-63ba2626b88f,27,Gemy,GEM Vaelardorcel#GEM,Zephiroth,MASTERY_LEVEL_UP,Mastery Upgrade!,Gemy reached mastery level 1 with Thresh in GEM Vaelardorcel#GEM,"{""to"":""1"",""from"":""0"",""points"":""50"",""championId"":""412"",""championName"":""Thresh""}",2026-02-01 23:55:24.487555+00
14215,f3254e34-8239-4641-b404-d679548ded03,34,peraltadoctor,GEM Phrasimfasya#GEM,Gladasmy,RANK_UP,Flex Promotion!,peraltadoctor climbed in Flex from Unranked to PLATINUM II in GEM Phrasimfasya#GEM,"{""queue"":""Flex"",""points"":""400"",""toTier"":""platinum"",""fromTier"":""unranked"",""toDivision"":""2"",""fromDivision"":""2"",""divisionsGained"":""16""}",2026-02-01 23:57:07.936499+00
14216,f3254e34-8239-4641-b404-d679548ded03,34,peraltadoctor,GEM Phrasimfasya#GEM,Gladasmy,WIN,Victory!,peraltadoctor won 15 wins in GEM Phrasimfasya#GEM,"{""wins"":""15"",""points"":""1050"",""totalWins"":""30""}",2026-02-01 23:57:28.804265+00
14217,f3254e34-8239-4641-b404-d679548ded03,34,peraltadoctor,GEM Phrasimfasya#GEM,Gladasmy,RANK_UP,SoloQ Promotion!,peraltadoctor climbed in SoloQ from Unranked to SILVER III in GEM Phrasimfasya#GEM,"{""queue"":""SoloQ"",""points"":""225"",""toTier"":""silver"",""fromTier"":""unranked"",""toDivision"":""3"",""fromDivision"":""4"",""divisionsGained"":""9""}",2026-02-01 23:57:29.217073+00
14218,d7895f20-abd6-4552-a559-63ba2626b88f,3,Gemy,GEM Dreemurdomme#GEM,Porveldam,WIN,Victory!,Gemy won 5 wins in GEM Dreemurdomme#GEM,"{""wins"":""5"",""points"":""350"",""totalWins"":""90""}",2026-02-01 23:58:46.693241+00
14219,d7895f20-abd6-4552-a559-63ba2626b88f,3,Gemy,GEM Dreemurdomme#GEM,Porveldam,RANK_UP,Flex Promotion!,Gemy climbed in Flex from Unranked to PLATINUM III in GEM Dreemurdomme#GEM,"{""queue"":""Flex"",""points"":""400"",""toTier"":""platinum"",""fromTier"":""unranked"",""toDivision"":""3"",""fromDivision"":""3"",""divisionsGained"":""16""}",2026-02-01 23:58:47.082605+00
14220,51f4d626-c81c-4446-9c7f-4b410b8a5cbb,51,skadiantonioo,GEM Depurallire#GEM,Spadelline,WIN,Victory!,skadiantonioo won 15 wins in GEM Depurallire#GEM,"{""wins"":""15"",""points"":""1050"",""totalWins"":""32""}",2026-02-01 23:59:30.401261+00
14221,51f4d626-c81c-4446-9c7f-4b410b8a5cbb,51,Gemy,GEM Depurallire#GEM,Spadelline,RANK_UP,Flex Promotion!,Gemy climbed in Flex from Unranked to PLATINUM I in GEM Depurallire#GEM,"{""queue"":""Flex"",""points"":""400"",""toTier"":""platinum"",""fromTier"":""unranked"",""toDivision"":""1"",""fromDivision"":""1"",""divisionsGained"":""16""}",2026-02-01 23:59:39.895886+00
14222,b28c318f-d58f-44ff-a5f0-cf19b2fe580e,48,AegonLucifer,GEM Furninscorce#GEM,Porveldam,WIN,Victory!,AegonLucifer won 5 wins in GEM Furninscorce#GEM,"{""wins"":""5"",""points"":""350"",""totalWins"":""34""}",2026-02-02 00:00:09.132492+00
14223,b28c318f-d58f-44ff-a5f0-cf19b2fe580e,48,AegonLucifer,GEM Furninscorce#GEM,Porveldam,RANK_UP,SoloQ Promotion!,AegonLucifer climbed in SoloQ from Unranked to GOLD III in GEM Furninscorce#GEM,"{""queue"":""SoloQ"",""points"":""300"",""toTier"":""gold"",""fromTier"":""unranked"",""toDivision"":""3"",""fromDivision"":""3"",""divisionsGained"":""12""}",2026-02-02 00:00:23.130091+00
14224,46c3d5a5-0007-4c7b-b1d2-52ef20e9cb69,9,Gemy,GEM Brincellezha#GEM,Spadelline,WIN,Victory!,Gemy won 6 wins in GEM Brincellezha#GEM,"{""wins"":""6"",""points"":""420"",""totalWins"":""91""}",2026-02-02 00:00:53.838748+00
14225,46c3d5a5-0007-4c7b-b1d2-52ef20e9cb69,9,Gemy,GEM Brincellezha#GEM,Spadelline,RANK_UP,Flex Promotion!,Gemy climbed in Flex from Unranked to PLATINUM III in GEM Brincellezha#GEM,"{""queue"":""Flex"",""points"":""375"",""toTier"":""platinum"",""fromTier"":""unranked"",""toDivision"":""3"",""fromDivision"":""2"",""divisionsGained"":""15""}",2026-02-02 00:01:14.434045+00
14226,5a8753ad-43bd-45fd-b0c0-caf0339a1e7b,47,Enzyto,GEM Lageldrynne#GEM,Zephiroth,WIN,Victory!,Enzyto won 10 wins in GEM Lageldrynne#GEM,"{""wins"":""10"",""points"":""700"",""totalWins"":""33""}",2026-02-02 00:01:54.322431+00
14227,5a8753ad-43bd-45fd-b0c0-caf0339a1e7b,47,Enzyto,GEM Lageldrynne#GEM,Zephiroth,WIN,Victory!,Enzyto won 10 wins in GEM Lageldrynne#GEM,"{""wins"":""10"",""points"":""700"",""totalWins"":""33""}",2026-02-02 00:01:54.462912+00
14228,5a8753ad-43bd-45fd-b0c0-caf0339a1e7b,47,Enzyto,GEM Lageldrynne#GEM,Zephiroth,RANK_UP,SoloQ Promotion!,Enzyto climbed in SoloQ from Unranked to GOLD IV in GEM Lageldrynne#GEM,"{""queue"":""SoloQ"",""points"":""300"",""toTier"":""gold"",""fromTier"":""unranked"",""toDivision"":""4"",""fromDivision"":""4"",""divisionsGained"":""12""}",2026-02-02 00:02:01.575623+00
14229,3d874267-f665-4c55-9f5d-9c06eea06a75,11,peraltadoctor,GEM Eunilacealle#LAS,Spadelline,WIN,Victory!,peraltadoctor won 1 win in GEM Eunilacealle#LAS,"{""wins"":""1"",""points"":""70"",""totalWins"":""72""}",2026-02-02 00:03:15.324615+00
14230,e55f6073-25c5-4c73-a220-4b6327f7ba5e,24,Hunny,GEM Lahallayd#GEM,Zephiroth,WIN,Victory!,Hunny won 4 wins in GEM Lahallayd#GEM,"{""wins"":""4"",""points"":""280"",""totalWins"":""82""}",2026-02-02 00:04:15.179657+00
14231,e55f6073-25c5-4c73-a220-4b6327f7ba5e,24,Zoro,GEM Lahallayd#GEM,Zephiroth,RANK_UP,Flex Promotion!,Zoro climbed in Flex from Unranked to GOLD I in GEM Lahallayd#GEM,"{""queue"":""Flex"",""points"":""375"",""toTier"":""gold"",""fromTier"":""unranked"",""toDivision"":""1"",""fromDivision"":""4"",""divisionsGained"":""15""}",2026-02-02 00:04:48.061442+00
14232,c446637c-3582-44fd-a26b-93eaadb027b4,20,jony_lu,GEM Deestellirys#GEM,Zephiroth,WIN,Victory!,jony_lu won 5 wins in GEM Deestellirys#GEM,"{""wins"":""5"",""points"":""350"",""totalWins"":""225""}",2026-02-02 00:15:57.118119+00
14233,c446637c-3582-44fd-a26b-93eaadb027b4,20,jony_lu,GEM Deestellirys#GEM,Zephiroth,RANK_UP,Flex Promotion!,jony_lu climbed in Flex from Unranked to EMERALD III in GEM Deestellirys#GEM,"{""queue"":""Flex"",""points"":""450"",""toTier"":""emerald"",""fromTier"":""unranked"",""toDivision"":""3"",""fromDivision"":""1"",""divisionsGained"":""18""}",2026-02-02 00:15:57.529521+00
14234,c446637c-3582-44fd-a26b-93eaadb027b4,40,jony_lu,GEM Veldraveth#GEM,Primogenit,WIN,Victory!,jony_lu won 9 wins in GEM Veldraveth#GEM,"{""wins"":""9"",""points"":""630"",""totalWins"":""58""}",2026-02-02 00:16:02.06009+00
14235,c446637c-3582-44fd-a26b-93eaadb027b4,40,jony_lu,GEM Veldraveth#GEM,Primogenit,RANK_UP,SoloQ Promotion!,jony_lu climbed in SoloQ from Unranked to GOLD III in GEM Veldraveth#GEM,"{""queue"":""SoloQ"",""points"":""250"",""toTier"":""gold"",""fromTier"":""unranked"",""toDivision"":""3"",""fromDivision"":""1"",""divisionsGained"":""10""}",2026-02-02 00:16:02.445006+00
14236,d7895f20-abd6-4552-a559-63ba2626b88f,27,Gemy,GEM Vaelardorcel#GEM,Zephiroth,RANK_UP,SoloQ Promotion!,Gemy climbed in SoloQ from Unranked to GOLD IV in GEM Vaelardorcel#GEM,"{""queue"":""SoloQ"",""points"":""300"",""toTier"":""gold"",""fromTier"":""unranked"",""toDivision"":""4"",""fromDivision"":""4"",""divisionsGained"":""12""}",2026-02-02 00:18:03.448733+00
14237,d7895f20-abd6-4552-a559-63ba2626b88f,27,Gemy,GEM Vaelardorcel#GEM,Zephiroth,WIN,Victory!,Gemy won 5 wins in GEM Vaelardorcel#GEM,"{""wins"":""5"",""points"":""350"",""totalWins"":""37""}",2026-02-02 00:18:05.286524+00
14238,f3254e34-8239-4641-b404-d679548ded03,39,peraltadoctor,GEM Deliquesence#LAS,Primogenit,RANK_UP,Flex Promotion!,peraltadoctor climbed in Flex from EMERALD II to EMERALD I in GEM Deliquesence#LAS,"{""queue"":""Flex"",""points"":""25"",""toTier"":""emerald"",""fromTier"":""emerald"",""toDivision"":""1"",""fromDivision"":""2"",""divisionsGained"":""1""}",2026-02-02 01:58:31.506458+00
14239,46c3d5a5-0007-4c7b-b1d2-52ef20e9cb69,9,Gemy,GEM Brincellezha#GEM,Spadelline,HONOR_UP,Honor Increased!,"Gemy increased their honor, reaching level 5","{""to"":""5"",""from"":""4"",""gained"":""1"",""points"":""300""}",2026-02-02 05:56:34.715743+00
14240,f3254e34-8239-4641-b404-d679548ded03,39,peraltadoctor,GEM Deliquesence#LAS,Primogenit,RANK_UP,Flex Promotion!,peraltadoctor climbed in Flex from EMERALD I to DIAMOND IV in GEM Deliquesence#LAS,"{""queue"":""Flex"",""points"":""25"",""toTier"":""diamond"",""fromTier"":""emerald"",""toDivision"":""4"",""fromDivision"":""1"",""divisionsGained"":""1""}",2026-02-02 06:40:31.629036+00
14241,46c3d5a5-0007-4c7b-b1d2-52ef20e9cb69,9,Gemy,GEM Brincellezha#GEM,Spadelline,WIN,Victory!,Gemy won 9 wins in GEM Brincellezha#GEM,"{""wins"":""9"",""points"":""630"",""totalWins"":""91""}",2026-02-02 23:20:42.563076+00
14242,46c3d5a5-0007-4c7b-b1d2-52ef20e9cb69,9,Gemy,GEM Brincellezha#GEM,Spadelline,RANK_UP,Flex Promotion!,Gemy climbed in Flex from PLATINUM III to PLATINUM II in GEM Brincellezha#GEM,"{""queue"":""Flex"",""points"":""25"",""toTier"":""platinum"",""fromTier"":""platinum"",""toDivision"":""2"",""fromDivision"":""3"",""divisionsGained"":""1""}",2026-02-02 23:20:43.040168+00
14243,e55f6073-25c5-4c73-a220-4b6327f7ba5e,24,Zoro,GEM Lahallayd#GEM,Zephiroth,WIN,Victory!,Zoro won 1 win in GEM Lahallayd#GEM,"{""wins"":""1"",""points"":""70"",""totalWins"":""82""}",2026-02-03 20:13:22.984936+00
14244,c446637c-3582-44fd-a26b-93eaadb027b4,40,jony_lu,GEM Veldraveth#GEM,Primogenit,WIN,Victory!,jony_lu won 1 win in GEM Veldraveth#GEM,"{""wins"":""1"",""points"":""70"",""totalWins"":""58""}",2026-02-11 02:56:56.630234+00
14245,c446637c-3582-44fd-a26b-93eaadb027b4,40,jony_lu,GEM Veldraveth#GEM,Primogenit,WIN,Victory!,jony_lu won 1 win in GEM Veldraveth#GEM,"{""wins"":""1"",""points"":""70"",""totalWins"":""58""}",2026-02-11 02:57:10.283085+00
14246,c446637c-3582-44fd-a26b-93eaadb027b4,40,jony_lu,GEM Veldraveth#GEM,Primogenit,WIN,Victory!,jony_lu won 1 win in GEM Veldraveth#GEM,"{""wins"":""1"",""points"":""70"",""totalWins"":""58""}",2026-02-12 22:12:01.430174+00
14247,c446637c-3582-44fd-a26b-93eaadb027b4,40,jony_lu,GEM Veldraveth#GEM,Primogenit,MASTERY_LEVEL_UP,Mastery Upgrade!,jony_lu reached mastery level 4 with Caitlyn in GEM Veldraveth#GEM,"{""to"":""4"",""from"":""3"",""points"":""50"",""championId"":""51"",""championName"":""Caitlyn""}",2026-02-16 03:41:10.817722+00
14248,c446637c-3582-44fd-a26b-93eaadb027b4,40,jony_lu,GEM Veldraveth#GEM,Primogenit,WIN,Victory!,jony_lu won 1 win in GEM Veldraveth#GEM,"{""wins"":""1"",""points"":""70"",""totalWins"":""58""}",2026-02-16 03:41:27.216382+00
14249,2d926f04-c40a-404e-9772-bf458d31f2e2,38,Matutte,GEM Cierzellant#GEM,Primogenit,WIN,Victory!,Matutte won 1 win in GEM Cierzellant#GEM,"{""wins"":""1"",""points"":""70"",""totalWins"":""44""}",2026-02-16 17:31:26.251404+00
14250,2d926f04-c40a-404e-9772-bf458d31f2e2,38,Matutte,GEM Cierzellant#GEM,Primogenit,WIN,Victory!,Matutte won 12 wins in GEM Cierzellant#GEM,"{""wins"":""12"",""points"":""840"",""totalWins"":""44""}",2026-02-16 17:32:37.774125+00
14251,2d926f04-c40a-404e-9772-bf458d31f2e2,38,Matutte,GEM Cierzellant#GEM,Primogenit,RANK_UP,Flex Promotion!,Matutte climbed in Flex from Unranked to EMERALD I in GEM Cierzellant#GEM,"{""queue"":""Flex"",""points"":""525"",""toTier"":""emerald"",""fromTier"":""unranked"",""toDivision"":""1"",""fromDivision"":""2"",""divisionsGained"":""21""}",2026-02-16 17:32:38.177034+00
14252,2d926f04-c40a-404e-9772-bf458d31f2e2,35,Matutte,GEM Praireclovia#GEM,Gladasmy,WIN,Victory!,Matutte won 15 wins in GEM Praireclovia#GEM,"{""wins"":""15"",""points"":""1050"",""totalWins"":""83""}",2026-02-18 04:53:17.388937+00
14253,d7895f20-abd6-4552-a559-63ba2626b88f,30,Gemy,GEM Dellablivien#GEM,Gladasmy,WIN,Victory!,Gemy won 15 wins in GEM Dellablivien#GEM,"{""wins"":""15"",""points"":""1050"",""totalWins"":""55""}",2026-02-18 04:57:16.971447+00
14254,d7895f20-abd6-4552-a559-63ba2626b88f,30,Gemy,GEM Dellablivien#GEM,Gladasmy,WIN,Victory!,Gemy won 15 wins in GEM Dellablivien#GEM,"{""wins"":""15"",""points"":""1050"",""totalWins"":""55""}",2026-02-18 04:57:17.018441+00
14255,2d926f04-c40a-404e-9772-bf458d31f2e2,35,Matutte,GEM Praireclovia#GEM,Gladasmy,RANK_UP,Flex Promotion!,Matutte climbed in Flex from Unranked to EMERALD III in GEM Praireclovia#GEM,"{""queue"":""Flex"",""points"":""525"",""toTier"":""emerald"",""fromTier"":""unranked"",""toDivision"":""3"",""fromDivision"":""4"",""divisionsGained"":""21""}",2026-02-18 04:57:27.178185+00
14256,2d926f04-c40a-404e-9772-bf458d31f2e2,38,Matutte,GEM Cierzellant#GEM,Primogenit,WIN,Victory!,Matutte won 1 win in GEM Cierzellant#GEM,"{""wins"":""1"",""points"":""70"",""totalWins"":""44""}",2026-02-18 18:00:42.168031+00
14257,2d926f04-c40a-404e-9772-bf458d31f2e2,38,Matutte,GEM Cierzellant#GEM,Primogenit,RANK_UP,Flex Promotion!,Matutte climbed in Flex from EMERALD I to DIAMOND IV in GEM Cierzellant#GEM,"{""queue"":""Flex"",""points"":""25"",""toTier"":""diamond"",""fromTier"":""emerald"",""toDivision"":""4"",""fromDivision"":""1"",""divisionsGained"":""1""}",2026-02-18 18:06:42.330702+00
14258,3d874267-f665-4c55-9f5d-9c06eea06a75,11,peraltadoctor,GEM Eunilacealle#LAS,Spadelline,WIN,Victory!,peraltadoctor won 12 wins in GEM Eunilacealle#LAS,"{""wins"":""12"",""points"":""840"",""totalWins"":""72""}",2026-02-18 18:15:12.596431+00