id,ranked_id,username,champion_id,champion_level,champion_points,champion_points_since_last_level,champion_points_until_next_level,chest_granted,last_play_time,created_at,updated_at
44128,37,GEM Vrilyarethez#GEM,350,11,87363,763,10237,false,2025-10-06 22:50:52+00,2025-10-11 18:46:18.4035+00,2025-10-11 22:07:36.434207+00
44129,37,GEM Vrilyarethez#GEM,105,7,34034,0,19566,false,2023-07-08 00:51:12+00,2025-10-11 18:46:34.65696+00,2025-10-11 22:07:36.434207+00
44130,37,GEM Vrilyarethez#GEM,122,6,43380,11780,-780,false,2023-10-08 21:04:45+00,2025-10-11 18:46:43.986763+00,2025-10-11 22:07:36.434207+00
44131,37,GEM Vrilyarethez#GEM,82,6,32385,785,10215,false,2023-10-16 02:04:45+00,2025-10-11 18:47:00.942938+00,2025-10-11 22:07:36.434207+00
44132,37,GEM Vrilyarethez#GEM,23,6,29866,0,12734,false,2022-08-06 23:52:16+00,2025-10-11 18:47:18.541544+00,2025-10-11 22:07:36.434207+00
44133,37,GEM Vrilyarethez#GEM,7,5,27847,6247,3753,false,2025-03-28 12:35:46+00,2025-10-11 18:47:37.619323+00,2025-10-11 22:07:36.434207+00
44134,37,GEM Vrilyarethez#GEM,29,4,19551,6951,2049,false,2025-10-01 23:57:37+00,2025-10-11 18:47:53.01246+00,2025-10-11 22:07:36.434207+00
44135,37,GEM Vrilyarethez#GEM,96,4,13309,709,8291,false,2025-10-02 01:11:48+00,2025-10-11 18:48:20.424133+00,2025-10-11 22:07:36.434207+00
44136,37,GEM Vrilyarethez#GEM,107,3,12463,6463,137,false,2025-03-27 22:13:36+00,2025-10-11 18:48:49.266786+00,2025-10-11 22:07:36.434207+00
44137,37,GEM Vrilyarethez#GEM,106,3,11411,5411,1189,false,2023-10-20 17:32:12+00,2025-10-11 18:49:03.869277+00,2025-10-11 22:07:36.434207+00
44138,37,GEM Vrilyarethez#GEM,54,3,8619,2619,3981,false,2023-10-15 18:33:53+00,2025-10-11 18:49:19.731856+00,2025-10-11 22:07:36.434207+00
44139,37,GEM Vrilyarethez#GEM,99,3,8059,2059,4541,false,2023-10-20 16:57:44+00,2025-10-11 18:49:32.540506+00,2025-10-11 22:07:36.434207+00
44140,37,GEM Vrilyarethez#GEM,222,3,7035,1035,5565,false,2023-07-03 17:37:15+00,2025-10-11 18:49:45.242582+00,2025-10-11 22:07:36.434207+00
44141,37,GEM Vrilyarethez#GEM,77,3,6055,55,6545,false,2023-01-28 02:00:01+00,2025-10-11 18:49:54.512119+00,2025-10-11 22:07:36.434207+00
44142,37,GEM Vrilyarethez#GEM,64,2,5875,4075,125,false,2023-07-13 18:42:35+00,2025-10-11 18:50:04.657445+00,2025-10-11 22:07:36.434207+00
44143,37,GEM Vrilyarethez#GEM,101,2,5854,4054,146,false,2023-07-22 17:24:43+00,2025-10-11 18:50:55.013601+00,2025-10-11 22:07:36.434207+00
44144,37,GEM Vrilyarethez#GEM,150,2,5521,3721,479,false,2023-10-20 16:20:02+00,2025-10-11 18:51:05.068558+00,2025-10-11 22:07:36.434207+00
44145,37,GEM Vrilyarethez#GEM,203,2,5473,3673,527,false,2025-03-15 00:28:41+00,2025-10-11 18:51:17.229437+00,2025-10-11 22:07:36.434207+00
44146,37,GEM Vrilyarethez#GEM,86,2,5099,3299,901,false,2023-10-15 20:39:27+00,2025-10-11 18:51:22.729896+00,2025-10-11 22:07:36.434207+00
44147,37,GEM Vrilyarethez#GEM,43,2,4769,2969,1231,false,2024-01-02 05:14:48+00,2025-10-11 18:51:33.91604+00,2025-10-11 22:07:36.434207+00
44148,37,GEM Vrilyarethez#GEM,888,2,4475,2675,1525,false,2022-10-16 03:32:04+00,2025-10-11 18:51:42.461597+00,2025-10-11 22:07:36.434207+00
44149,37,GEM Vrilyarethez#GEM,236,2,4455,2655,1545,false,2025-03-11 00:19:46+00,2025-10-11 18:53:06.480367+00,2025-10-11 22:07:36.434207+00
44150,37,GEM Vrilyarethez#GEM,4,2,4445,2645,1555,false,2025-03-28 14:17:18+00,2025-10-11 18:53:18.22445+00,2025-10-11 22:07:36.434207+00
44151,37,GEM Vrilyarethez#GEM,34,2,3282,1482,2718,false,2025-04-10 01:35:01+00,2025-10-11 18:53:29.089015+00,2025-10-11 22:07:36.434207+00
44152,37,GEM Vrilyarethez#GEM,62,2,3226,1426,2774,false,2025-09-21 16:52:17+00,2025-10-11 18:53:37.753915+00,2025-10-11 22:07:36.434207+00
44153,37,GEM Vrilyarethez#GEM,777,2,2786,986,3214,false,2022-05-27 01:36:40+00,2025-10-11 18:53:46.310955+00,2025-10-11 22:07:36.434207+00
44154,37,GEM Vrilyarethez#GEM,84,2,2583,783,3417,false,2022-06-04 04:42:53+00,2025-10-11 18:53:54.106586+00,2025-10-11 22:07:36.434207+00
44155,37,GEM Vrilyarethez#GEM,11,2,2569,769,3431,false,2022-08-21 22:06:28+00,2025-10-11 18:54:35.793926+00,2025-10-11 22:07:36.434207+00
44156,37,GEM Vrilyarethez#GEM,38,2,2254,454,3746,false,2023-09-17 19:17:32+00,2025-10-11 18:54:45.741194+00,2025-10-11 22:07:36.434207+00
44157,37,GEM Vrilyarethez#GEM,131,2,2167,367,3833,false,2025-03-14 23:50:11+00,2025-10-11 18:54:58.427318+00,2025-10-11 22:07:36.434207+00
44158,37,GEM Vrilyarethez#GEM,89,2,2018,218,3982,false,2025-03-16 03:24:45+00,2025-10-11 18:55:09.065363+00,2025-10-11 22:07:36.434207+00
44159,37,GEM Vrilyarethez#GEM,63,2,2026,226,3974,false,2023-09-16 14:18:49+00,2025-10-11 18:56:02.223222+00,2025-10-11 22:07:36.434207+00
44160,37,GEM Vrilyarethez#GEM,41,2,1961,161,4039,false,2022-08-28 00:24:12+00,2025-10-11 18:56:18.159065+00,2025-10-11 22:07:36.434207+00
44161,37,GEM Vrilyarethez#GEM,59,2,1832,32,4168,false,2023-07-10 00:43:57+00,2025-10-11 18:56:29.755774+00,2025-10-11 22:07:36.434207+00
44162,37,GEM Vrilyarethez#GEM,245,1,1485,1485,315,false,2025-03-12 23:10:05+00,2025-10-11 19:06:00.484113+00,2025-10-11 22:07:36.434207+00
44163,37,GEM Vrilyarethez#GEM,32,1,1417,1417,383,false,2023-10-16 03:19:20+00,2025-10-11 19:06:04.894525+00,2025-10-11 22:07:36.434207+00
44164,37,GEM Vrilyarethez#GEM,24,1,1386,1386,414,false,2025-03-28 01:35:46+00,2025-10-11 19:06:14.140787+00,2025-10-11 22:07:36.434207+00
44165,37,GEM Vrilyarethez#GEM,21,1,1370,1370,430,false,2025-04-09 16:38:43+00,2025-10-11 19:06:18.632666+00,2025-10-11 22:07:36.434207+00
44166,37,GEM Vrilyarethez#GEM,360,1,1335,1335,465,false,2025-03-28 13:02:42+00,2025-10-11 19:06:22.753654+00,2025-10-11 22:07:36.434207+00
44167,37,GEM Vrilyarethez#GEM,103,1,1290,1290,510,false,2025-03-10 17:42:02+00,2025-10-11 19:06:31.297032+00,2025-10-11 22:07:36.434207+00
44168,37,GEM Vrilyarethez#GEM,114,1,1255,1255,545,false,2025-03-30 23:50:10+00,2025-10-11 19:06:36.895645+00,2025-10-11 22:07:36.434207+00
44169,37,GEM Vrilyarethez#GEM,81,1,1253,1253,547,false,2025-03-25 04:04:18+00,2025-10-11 19:06:41.774169+00,2025-10-11 22:07:36.434207+00
44170,37,GEM Vrilyarethez#GEM,68,1,1111,1111,689,false,2023-07-08 00:13:20+00,2025-10-11 19:06:51.452201+00,2025-10-11 22:07:36.434207+00
44171,37,GEM Vrilyarethez#GEM,1,1,1091,1091,709,false,2023-07-21 02:29:13+00,2025-10-11 19:07:03.4951+00,2025-10-11 22:07:36.434207+00
44172,37,GEM Vrilyarethez#GEM,202,1,1046,1046,754,false,2022-08-29 01:24:25+00,2025-10-11 19:07:07.861348+00,2025-10-11 22:07:36.434207+00
44173,37,GEM Vrilyarethez#GEM,40,2,986,986,814,false,2023-06-30 16:28:29+00,2025-10-11 19:07:12.097542+00,2025-10-14 03:57:20.18341+00
44174,37,GEM Vrilyarethez#GEM,18,1,983,983,817,false,2023-07-02 14:18:19+00,2025-10-11 19:07:19.891993+00,2025-10-11 22:07:36.434207+00
44175,37,GEM Vrilyarethez#GEM,111,1,979,979,821,false,2025-10-05 20:24:38+00,2025-10-11 19:07:24.291454+00,2025-10-11 22:07:36.434207+00
44176,37,GEM Vrilyarethez#GEM,412,1,940,940,860,false,2023-06-29 19:10:32+00,2025-10-11 19:07:28.327217+00,2025-10-11 22:07:36.434207+00
44177,37,GEM Vrilyarethez#GEM,39,1,924,924,876,false,2025-03-16 04:05:19+00,2025-10-11 19:07:37.115916+00,2025-10-11 22:07:36.434207+00
44178,37,GEM Vrilyarethez#GEM,8,1,920,920,880,false,2023-09-16 23:07:04+00,2025-10-11 19:09:19.917927+00,2025-10-11 22:07:36.434207+00
44179,37,GEM Vrilyarethez#GEM,498,1,825,825,975,false,2023-07-03 14:57:06+00,2025-10-11 19:09:29.374629+00,2025-10-11 22:07:36.434207+00
44180,37,GEM Vrilyarethez#GEM,266,1,812,812,988,false,2022-10-07 02:07:43+00,2025-10-11 19:09:34.297671+00,2025-10-11 22:07:36.434207+00
44181,37,GEM Vrilyarethez#GEM,15,1,799,799,1001,false,2023-06-29 19:30:33+00,2025-10-11 19:09:38.185885+00,2025-10-11 22:07:36.434207+00
44182,37,GEM Vrilyarethez#GEM,36,1,792,792,1008,false,2024-01-02 04:36:01+00,2025-10-11 19:09:46.747305+00,2025-10-11 22:07:36.434207+00
44183,37,GEM Vrilyarethez#GEM,117,1,784,784,1016,false,2023-06-30 20:18:40+00,2025-10-11 19:09:50.464007+00,2025-10-11 22:07:36.434207+00
44184,37,GEM Vrilyarethez#GEM,897,1,776,776,1024,false,2023-10-16 01:34:56+00,2025-10-11 19:09:54.776224+00,2025-10-11 22:07:36.434207+00
44185,37,GEM Vrilyarethez#GEM,555,1,738,738,1062,false,2023-06-30 01:11:08+00,2025-10-11 19:10:02.598308+00,2025-10-11 22:07:36.434207+00
44186,37,GEM Vrilyarethez#GEM,145,1,722,722,1078,false,2025-09-21 15:57:35+00,2025-10-11 19:10:06.774284+00,2025-10-11 22:07:36.434207+00
44187,37,GEM Vrilyarethez#GEM,2,1,537,537,1263,false,2022-05-30 11:28:21+00,2025-10-11 19:10:13.950782+00,2025-10-11 22:07:36.434207+00
44188,37,GEM Vrilyarethez#GEM,22,1,400,400,1400,false,2022-09-02 02:02:46+00,2025-10-11 19:10:31.612366+00,2025-10-11 22:07:36.434207+00
44189,37,GEM Vrilyarethez#GEM,134,1,377,377,1423,false,2023-06-08 20:49:38+00,2025-10-11 19:10:35.715757+00,2025-10-11 22:07:36.434207+00
44190,37,GEM Vrilyarethez#GEM,91,1,268,268,1532,false,2022-06-06 21:34:05+00,2025-10-11 19:10:40.390497+00,2025-10-11 22:07:36.434207+00
44191,37,GEM Vrilyarethez#GEM,31,1,254,254,1546,false,2023-10-20 19:40:34+00,2025-10-11 19:11:03.35585+00,2025-10-11 22:07:36.434207+00
44192,37,GEM Vrilyarethez#GEM,55,1,214,214,1586,false,2022-05-29 17:59:54+00,2025-10-11 19:11:06.918178+00,2025-10-11 22:07:36.434207+00
44193,37,GEM Vrilyarethez#GEM,12,1,205,205,1595,false,2023-06-24 16:54:58+00,2025-10-11 19:11:06.944188+00,2025-10-11 22:07:36.434207+00
44194,37,GEM Vrilyarethez#GEM,164,1,197,197,1603,false,2023-09-16 22:10:27+00,2025-10-11 19:11:23.680285+00,2025-10-11 22:07:36.434207+00
44197,37,GEM Vrilyarethez#GEM,76,1,197,197,1603,false,2023-10-16 02:43:55+00,2025-10-11 19:11:40.830643+00,2025-10-11 22:07:36.434207+00
44201,37,GEM Vrilyarethez#GEM,98,1,192,192,1608,false,2023-09-05 22:57:32+00,2025-10-11 19:11:53.214642+00,2025-10-11 22:07:36.434207+00
44203,37,GEM Vrilyarethez#GEM,53,1,158,158,1642,false,2023-08-28 00:17:22+00,2025-10-11 19:12:02.060025+00,2025-10-11 22:07:36.434207+00
44204,37,GEM Vrilyarethez#GEM,75,1,126,126,1674,false,2022-05-21 20:43:34+00,2025-10-11 19:12:37.049075+00,2025-10-11 22:07:36.434207+00
44205,37,GEM Vrilyarethez#GEM,30,1,117,117,1683,false,2023-08-05 20:53:14+00,2025-10-11 19:13:02.940749+00,2025-10-11 22:07:36.434207+00
44206,37,GEM Vrilyarethez#GEM,235,1,98,98,1702,false,2022-08-24 00:35:21+00,2025-10-11 19:13:10.170403+00,2025-10-11 22:07:36.434207+00
44207,37,GEM Vrilyarethez#GEM,33,1,97,97,1703,false,2023-09-24 18:33:12+00,2025-10-11 19:13:16.84602+00,2025-10-11 22:07:36.434207+00
44208,37,GEM Vrilyarethez#GEM,110,1,70,70,1730,false,2022-05-24 15:20:50+00,2025-10-11 19:13:21.915104+00,2025-10-11 22:07:36.434207+00
44209,37,GEM Vrilyarethez#GEM,268,0,0,0,0,false,2025-10-11 19:16:04.328+00,2025-10-11 19:15:12.445096+00,2025-10-11 19:15:12.445096+00
44210,37,GEM Vrilyarethez#GEM,200,0,0,0,0,false,2025-10-11 19:16:10.521+00,2025-10-11 19:15:17.905724+00,2025-10-11 19:15:17.905724+00
44211,37,GEM Vrilyarethez#GEM,201,0,0,0,0,false,2025-10-11 19:16:17.211+00,2025-10-11 19:15:24.848055+00,2025-10-11 19:15:24.848055+00
44212,37,GEM Vrilyarethez#GEM,51,0,0,0,0,false,2025-10-11 19:16:23.194+00,2025-10-11 19:15:30.540336+00,2025-10-11 19:15:30.540336+00
44213,37,GEM Vrilyarethez#GEM,69,0,0,0,0,false,2025-10-11 19:16:39.708+00,2025-10-11 19:15:47.079519+00,2025-10-11 19:15:47.079519+00
44214,37,GEM Vrilyarethez#GEM,42,0,0,0,0,false,2025-10-11 19:16:51.033+00,2025-10-11 19:15:58.87287+00,2025-10-11 19:15:58.87287+00
44215,37,GEM Vrilyarethez#GEM,119,0,0,0,0,false,2025-10-11 19:16:58.057+00,2025-10-11 19:16:05.437179+00,2025-10-11 19:16:05.437179+00
44216,37,GEM Vrilyarethez#GEM,28,0,0,0,0,false,2025-10-11 19:17:05.739+00,2025-10-11 19:16:13.361729+00,2025-10-11 19:16:13.361729+00
44217,37,GEM Vrilyarethez#GEM,9,0,0,0,0,false,2025-10-11 19:17:13.38+00,2025-10-11 19:16:20.73662+00,2025-10-11 19:16:20.73662+00
44218,37,GEM Vrilyarethez#GEM,3,0,0,0,0,false,2025-10-11 19:17:35.028+00,2025-10-11 19:16:37.520896+00,2025-10-11 19:16:42.422549+00
44220,37,GEM Vrilyarethez#GEM,79,0,0,0,0,false,2025-10-11 19:18:03.673+00,2025-10-11 19:17:10.99508+00,2025-10-11 19:17:10.99508+00
44221,37,GEM Vrilyarethez#GEM,887,0,0,0,0,false,2025-10-11 19:18:11.002+00,2025-10-11 19:17:18.370571+00,2025-10-11 19:17:18.370571+00
44222,37,GEM Vrilyarethez#GEM,74,0,0,0,0,false,2025-10-11 19:18:21.147+00,2025-10-11 19:17:28.485573+00,2025-10-11 19:17:28.485573+00
44223,37,GEM Vrilyarethez#GEM,420,0,0,0,0,false,2025-10-11 19:18:33.108+00,2025-10-11 19:17:40.457689+00,2025-10-11 19:17:40.457689+00
44224,37,GEM Vrilyarethez#GEM,429,0,0,0,0,false,2025-10-11 19:18:41.141+00,2025-10-11 19:17:48.496883+00,2025-10-11 19:17:48.496883+00
44225,37,GEM Vrilyarethez#GEM,10,0,0,0,0,false,2025-10-11 19:18:49.911+00,2025-10-11 19:17:57.384999+00,2025-10-11 19:17:57.384999+00
44226,37,GEM Vrilyarethez#GEM,141,0,0,0,0,false,2025-10-11 19:18:58.75+00,2025-10-11 19:18:06.310211+00,2025-10-11 19:18:06.310211+00
44227,37,GEM Vrilyarethez#GEM,127,0,0,0,0,false,2025-10-11 19:19:02.932+00,2025-10-11 19:18:10.226869+00,2025-10-11 19:18:10.226869+00
44228,37,GEM Vrilyarethez#GEM,90,0,0,0,0,false,2025-10-11 19:19:10.841+00,2025-10-11 19:18:18.187458+00,2025-10-11 19:18:18.187458+00
44229,37,GEM Vrilyarethez#GEM,25,0,0,0,0,false,2025-10-11 19:19:14.658+00,2025-10-11 19:18:22.026973+00,2025-10-11 19:18:22.026973+00
44230,37,GEM Vrilyarethez#GEM,950,0,0,0,0,false,2025-10-11 19:19:21.949+00,2025-10-11 19:18:29.25057+00,2025-10-11 19:18:29.25057+00
44231,37,GEM Vrilyarethez#GEM,267,0,0,0,0,false,2025-10-11 19:19:25.894+00,2025-10-11 19:18:33.205429+00,2025-10-11 19:18:33.205429+00
44232,37,GEM Vrilyarethez#GEM,56,0,0,0,0,false,2025-10-11 19:19:32.558+00,2025-10-11 19:18:39.904721+00,2025-10-11 19:18:39.904721+00
44233,37,GEM Vrilyarethez#GEM,20,0,0,0,0,false,2025-10-11 19:19:36.172+00,2025-10-11 19:18:43.511281+00,2025-10-11 19:18:43.511281+00
44234,37,GEM Vrilyarethez#GEM,516,0,0,0,0,false,2025-10-11 19:19:42.935+00,2025-10-11 19:18:50.286266+00,2025-10-11 19:18:50.286266+00
44235,37,GEM Vrilyarethez#GEM,80,0,0,0,0,false,2025-10-11 19:20:08.094+00,2025-10-11 19:19:15.464827+00,2025-10-11 19:19:15.464827+00
44236,37,GEM Vrilyarethez#GEM,78,0,0,0,0,false,2025-10-11 19:20:15.372+00,2025-10-11 19:19:22.712069+00,2025-10-11 19:19:22.712069+00
44237,37,GEM Vrilyarethez#GEM,13,0,0,0,0,false,2025-10-11 19:20:18.829+00,2025-10-11 19:19:26.205546+00,2025-10-11 19:19:26.205546+00
44238,37,GEM Vrilyarethez#GEM,113,0,0,0,0,false,2025-10-11 19:20:22.927+00,2025-10-11 19:19:30.276855+00,2025-10-11 19:19:30.276855+00
44239,37,GEM Vrilyarethez#GEM,875,0,0,0,0,false,2025-10-11 19:20:35.17+00,2025-10-11 19:19:42.646168+00,2025-10-11 19:19:42.646168+00
44240,37,GEM Vrilyarethez#GEM,35,0,0,0,0,false,2025-10-11 19:20:39.067+00,2025-10-11 19:19:46.423026+00,2025-10-11 19:19:46.423026+00
44241,37,GEM Vrilyarethez#GEM,102,0,0,0,0,false,2025-10-11 19:20:42.613+00,2025-10-11 19:19:49.969647+00,2025-10-11 19:19:49.969647+00
44242,37,GEM Vrilyarethez#GEM,27,0,0,0,0,false,2025-10-11 19:20:49.476+00,2025-10-11 19:19:56.796656+00,2025-10-11 19:19:56.796656+00
44243,37,GEM Vrilyarethez#GEM,14,0,0,0,0,false,2025-10-11 19:20:52.635+00,2025-10-11 19:20:00.263353+00,2025-10-11 19:20:00.263353+00
44244,37,GEM Vrilyarethez#GEM,37,0,0,0,0,false,2025-10-11 19:21:01.232+00,2025-10-11 19:20:08.854852+00,2025-10-11 19:20:08.854852+00
44245,37,GEM Vrilyarethez#GEM,16,0,0,0,0,false,2025-10-11 19:21:04.927+00,2025-10-11 19:20:12.266052+00,2025-10-11 19:20:12.266052+00
44246,37,GEM Vrilyarethez#GEM,50,0,0,0,0,false,2025-10-11 19:21:09.545+00,2025-10-11 19:20:16.922265+00,2025-10-11 19:20:16.922265+00
44247,37,GEM Vrilyarethez#GEM,517,0,0,0,0,false,2025-10-11 19:21:17.362+00,2025-10-11 19:20:24.680942+00,2025-10-11 19:20:24.680942+00
44248,37,GEM Vrilyarethez#GEM,223,0,0,0,0,false,2025-10-11 19:21:21.12+00,2025-10-11 19:20:28.4343+00,2025-10-11 19:20:28.4343+00
44249,37,GEM Vrilyarethez#GEM,44,0,0,0,0,false,2025-10-11 19:21:28.588+00,2025-10-11 19:20:35.939902+00,2025-10-11 19:20:35.939902+00
44250,37,GEM Vrilyarethez#GEM,17,0,0,0,0,false,2025-10-11 19:21:33.689+00,2025-10-11 19:20:41.269173+00,2025-10-11 19:20:41.269173+00
44251,37,GEM Vrilyarethez#GEM,48,0,0,0,0,false,2025-10-11 19:21:53.814+00,2025-10-11 19:21:01.155124+00,2025-10-11 19:21:01.155124+00
44252,37,GEM Vrilyarethez#GEM,6,0,0,0,0,false,2025-10-11 19:22:02.588+00,2025-10-11 19:21:09.871842+00,2025-10-11 19:21:09.871842+00
44253,37,GEM Vrilyarethez#GEM,67,0,0,0,0,false,2025-10-11 19:22:05.932+00,2025-10-11 19:21:13.523782+00,2025-10-11 19:21:13.523782+00
44254,37,GEM Vrilyarethez#GEM,45,0,0,0,0,false,2025-10-11 19:22:11.02+00,2025-10-11 19:21:19.149979+00,2025-10-11 19:21:19.149979+00
44255,37,GEM Vrilyarethez#GEM,161,0,0,0,0,false,2025-10-11 19:22:19.246+00,2025-10-11 19:21:26.590117+00,2025-10-11 19:21:26.590117+00
44256,37,GEM Vrilyarethez#GEM,711,0,0,0,0,false,2025-10-11 19:22:25.717+00,2025-10-11 19:21:33.063835+00,2025-10-11 19:21:33.063835+00
44257,37,GEM Vrilyarethez#GEM,254,0,0,0,0,false,2025-10-11 19:22:53.391+00,2025-10-11 19:22:00.768509+00,2025-10-11 19:22:00.768509+00
44258,37,GEM Vrilyarethez#GEM,19,0,0,0,0,false,2025-10-11 19:22:57.265+00,2025-10-11 19:22:04.675559+00,2025-10-11 19:22:04.675559+00
44259,37,GEM Vrilyarethez#GEM,5,0,0,0,0,false,2025-10-11 19:23:07.095+00,2025-10-11 19:22:14.679353+00,2025-10-11 19:22:14.679353+00
44260,37,GEM Vrilyarethez#GEM,157,0,0,0,0,false,2025-10-11 19:23:14.881+00,2025-10-11 19:22:23.237992+00,2025-10-11 19:22:23.237992+00
44261,37,GEM Vrilyarethez#GEM,83,0,0,0,0,false,2025-10-11 19:23:22.441+00,2025-10-11 19:22:29.757136+00,2025-10-11 19:22:29.757136+00
44262,37,GEM Vrilyarethez#GEM,238,0,0,0,0,false,2025-10-11 19:23:30.566+00,2025-10-11 19:22:37.950058+00,2025-10-11 19:22:37.950058+00
44263,37,GEM Vrilyarethez#GEM,26,0,0,0,0,false,2025-10-11 19:23:37.509+00,2025-10-11 19:22:45.839792+00,2025-10-11 19:22:45.839792+00
44264,37,GEM Vrilyarethez#GEM,143,0,0,0,0,false,2025-10-11 19:23:42.983+00,2025-10-11 19:22:50.300776+00,2025-10-11 19:22:50.300776+00
44265,49,GEM Arklyndarce#GEM,429,4,14254,1654,7346,false,2025-10-09 17:39:53+00,2025-10-11 22:03:19.638613+00,2025-10-11 22:03:19.638613+00
44266,49,GEM Arklyndarce#GEM,21,4,12755,155,8845,false,2025-10-04 18:30:08+00,2025-10-11 22:03:19.638613+00,2025-10-11 22:03:19.638613+00
44267,49,GEM Arklyndarce#GEM,350,2,3455,1655,2545,false,2025-10-06 17:31:13+00,2025-10-11 22:03:19.638613+00,2025-10-11 22:03:19.638613+00
44268,49,GEM Arklyndarce#GEM,222,2,3445,1645,2555,false,2025-10-09 18:12:16+00,2025-10-11 22:03:19.638613+00,2025-10-11 22:03:19.638613+00
44269,49,GEM Arklyndarce#GEM,360,1,1667,1667,133,false,2025-10-04 17:02:15+00,2025-10-11 22:03:19.638613+00,2025-10-11 22:03:19.638613+00
44270,49,GEM Arklyndarce#GEM,711,1,1552,1552,248,false,2025-10-04 13:42:48+00,2025-10-11 22:03:19.638613+00,2025-10-11 22:03:19.638613+00
44271,49,GEM Arklyndarce#GEM,89,1,1323,1323,477,false,2025-10-03 15:34:12+00,2025-10-11 22:03:19.638613+00,2025-10-11 22:03:19.638613+00
44272,49,GEM Arklyndarce#GEM,29,1,1092,1092,708,false,2025-10-03 21:23:55+00,2025-10-11 22:03:19.638613+00,2025-10-11 22:03:19.638613+00
44273,49,GEM Arklyndarce#GEM,221,1,994,994,806,false,2025-10-04 14:12:38+00,2025-10-11 22:03:19.638613+00,2025-10-11 22:03:19.638613+00
44274,49,GEM Arklyndarce#GEM,19,1,743,743,1057,false,2025-10-03 18:29:03+00,2025-10-11 22:03:19.638613+00,2025-10-11 22:03:19.638613+00
44275,49,GEM Arklyndarce#GEM,267,1,572,572,1228,false,2025-10-04 13:11:58+00,2025-10-11 22:03:19.638613+00,2025-10-11 22:03:19.638613+00
44276,46,GEM Ornetchreans#GEM,432,5,14589,1989,7011,false,2025-08-31 21:04:56+00,2025-10-11 22:03:21.140539+00,2025-12-13 20:59:07.178473+00
44277,46,GEM Ornetchreans#GEM,245,3,3131,1331,2869,false,2025-08-31 19:56:24+00,2025-10-11 22:03:21.140539+00,2025-12-26 19:43:56.48925+00
44278,46,GEM Ornetchreans#GEM,81,3,2897,1097,3103,false,2025-08-30 19:39:20+00,2025-10-11 22:03:21.140539+00,2025-11-20 23:28:29.131018+00
44279,46,GEM Ornetchreans#GEM,112,2,1012,1012,788,false,2025-08-30 23:07:41+00,2025-10-11 22:03:21.140539+00,2025-12-26 19:44:45.095609+00
44280,46,GEM Ornetchreans#GEM,202,1,860,860,940,false,2025-08-31 21:23:59+00,2025-10-11 22:03:21.140539+00,2025-10-11 22:03:21.140539+00
44281,46,GEM Ornetchreans#GEM,63,1,670,670,1130,false,2025-08-31 20:13:10+00,2025-10-11 22:03:21.140539+00,2025-10-11 22:03:21.140539+00
44282,10,GEM Deellycella#GEM,350,8,56971,3371,7629,false,2025-07-24 01:54:02+00,2025-10-11 22:03:22.736741+00,2025-10-11 22:03:22.736741+00
44283,10,GEM Deellycella#GEM,107,6,39022,7422,3578,false,2023-08-26 16:14:47+00,2025-10-11 22:03:22.736741+00,2025-10-11 22:03:22.736741+00
44284,10,GEM Deellycella#GEM,497,6,32880,1280,9720,false,2025-04-20 02:10:49+00,2025-10-11 22:03:22.736741+00,2025-10-11 22:03:22.736741+00
44285,10,GEM Deellycella#GEM,21,6,30223,0,12377,false,2022-10-17 11:22:22+00,2025-10-11 22:03:22.736741+00,2025-10-11 22:03:22.736741+00
44286,10,GEM Deellycella#GEM,29,5,25960,4360,5640,false,2022-10-06 01:15:18+00,2025-10-11 22:03:22.736741+00,2025-10-11 22:03:22.736741+00
44287,10,GEM Deellycella#GEM,117,5,25825,4225,5775,false,2022-11-15 01:26:40+00,2025-10-11 22:03:22.736741+00,2025-10-11 22:03:22.736741+00
44288,10,GEM Deellycella#GEM,31,4,18741,6141,2859,false,2025-07-14 03:58:15+00,2025-10-11 22:03:22.736741+00,2025-10-11 22:03:22.736741+00
44289,10,GEM Deellycella#GEM,875,4,15478,2878,6122,false,2022-07-26 20:24:08+00,2025-10-11 22:03:22.736741+00,2025-10-11 22:03:22.736741+00
44290,10,GEM Deellycella#GEM,141,4,13289,689,8311,false,2022-08-21 23:30:39+00,2025-10-11 22:03:22.736741+00,2025-10-11 22:03:22.736741+00
44291,10,GEM Deellycella#GEM,85,3,9455,3455,3145,false,2025-07-14 04:42:40+00,2025-10-11 22:03:22.736741+00,2025-10-11 22:03:22.736741+00
44292,10,GEM Deellycella#GEM,103,3,7058,1058,5542,false,2025-04-15 13:14:31+00,2025-10-11 22:03:22.736741+00,2025-10-11 22:03:22.736741+00
44293,10,GEM Deellycella#GEM,62,3,6669,669,5931,false,2025-04-20 20:02:39+00,2025-10-11 22:03:22.736741+00,2025-10-11 22:03:22.736741+00
44294,10,GEM Deellycella#GEM,35,3,6427,427,6173,false,2025-05-01 02:56:45+00,2025-10-11 22:03:22.736741+00,2025-10-11 22:03:22.736741+00
44295,10,GEM Deellycella#GEM,121,3,6307,307,6293,false,2025-05-01 02:16:52+00,2025-10-11 22:03:22.736741+00,2025-10-11 22:03:22.736741+00
44296,10,GEM Deellycella#GEM,17,2,5974,4174,26,false,2021-02-09 05:05:38+00,2025-10-11 22:03:22.736741+00,2025-10-11 22:03:22.736741+00
44297,10,GEM Deellycella#GEM,105,2,5708,3908,292,false,2022-09-23 15:47:24+00,2025-10-11 22:03:22.736741+00,2025-10-11 22:03:22.736741+00
44298,10,GEM Deellycella#GEM,28,2,5142,3342,858,false,2021-02-26 22:26:42+00,2025-10-11 22:03:22.736741+00,2025-10-11 22:03:22.736741+00
44299,10,GEM Deellycella#GEM,360,2,5061,3261,939,false,2022-10-07 16:20:17+00,2025-10-11 22:03:22.736741+00,2025-10-11 22:03:22.736741+00
44300,10,GEM Deellycella#GEM,33,2,5010,3210,990,false,2021-02-06 03:06:47+00,2025-10-11 22:03:22.736741+00,2025-10-11 22:03:22.736741+00
44301,10,GEM Deellycella#GEM,44,2,3992,2192,2008,false,2022-07-26 18:57:30+00,2025-10-11 22:03:22.736741+00,2025-10-11 22:03:22.736741+00
44302,10,GEM Deellycella#GEM,157,2,3951,2151,2049,false,2025-04-17 23:30:53+00,2025-10-11 22:03:22.736741+00,2025-10-11 22:03:22.736741+00
44303,10,GEM Deellycella#GEM,81,3,3920,2120,2080,false,2025-07-04 03:57:54+00,2025-10-11 22:03:22.736741+00,2025-11-16 04:12:51.709337+00
44304,10,GEM Deellycella#GEM,161,2,3270,1470,2730,false,2022-07-26 18:27:59+00,2025-10-11 22:03:22.736741+00,2025-10-11 22:03:22.736741+00
44305,10,GEM Deellycella#GEM,53,2,3069,1269,2931,false,2025-04-13 03:58:04+00,2025-10-11 22:03:22.736741+00,2025-10-11 22:03:22.736741+00
44306,10,GEM Deellycella#GEM,82,2,3067,1267,2933,false,2025-04-18 01:45:56+00,2025-10-11 22:03:22.736741+00,2025-10-11 22:03:22.736741+00
44307,10,GEM Deellycella#GEM,126,2,2823,1023,3177,false,2022-09-04 03:30:38+00,2025-10-11 22:03:22.736741+00,2025-10-11 22:03:22.736741+00
44308,10,GEM Deellycella#GEM,34,2,2630,830,3370,false,2022-10-12 14:20:48+00,2025-10-11 22:03:22.736741+00,2025-10-11 22:03:22.736741+00
44309,10,GEM Deellycella#GEM,79,2,2628,828,3372,false,2025-04-17 01:11:46+00,2025-10-11 22:03:22.736741+00,2025-10-11 22:03:22.736741+00
44310,10,GEM Deellycella#GEM,498,2,2455,655,3545,false,2023-03-28 16:13:42+00,2025-10-11 22:03:22.736741+00,2025-10-11 22:03:22.736741+00
44311,10,GEM Deellycella#GEM,110,2,2347,547,3653,false,2022-09-23 22:53:21+00,2025-10-11 22:03:22.736741+00,2025-10-11 22:03:22.736741+00
44312,10,GEM Deellycella#GEM,4,2,2234,434,3766,false,2025-04-20 03:16:11+00,2025-10-11 22:03:22.736741+00,2025-10-11 22:03:22.736741+00
44313,10,GEM Deellycella#GEM,412,2,2105,305,3895,false,2020-06-17 21:59:54+00,2025-10-11 22:03:22.736741+00,2025-10-11 22:03:22.736741+00
44314,10,GEM Deellycella#GEM,266,2,2021,221,3979,false,2025-07-14 01:50:54+00,2025-10-11 22:03:22.736741+00,2025-10-11 22:03:22.736741+00
44315,10,GEM Deellycella#GEM,222,2,1994,194,4006,false,2022-09-23 03:21:13+00,2025-10-11 22:03:22.736741+00,2025-10-11 22:03:22.736741+00
44316,10,GEM Deellycella#GEM,36,2,1939,139,4061,false,2021-02-25 23:19:53+00,2025-10-11 22:03:22.736741+00,2025-10-11 22:03:22.736741+00
44317,10,GEM Deellycella#GEM,96,2,1891,91,4109,false,2022-10-15 16:23:51+00,2025-10-11 22:03:22.736741+00,2025-10-11 22:03:22.736741+00
44318,10,GEM Deellycella#GEM,777,1,1867,1867,-67,false,2025-07-14 03:08:07+00,2025-10-11 22:03:22.736741+00,2025-10-11 22:03:22.736741+00
44319,10,GEM Deellycella#GEM,22,1,1781,1781,19,false,2023-03-28 15:33:22+00,2025-10-11 22:03:22.736741+00,2025-10-11 22:03:22.736741+00
44320,10,GEM Deellycella#GEM,50,1,1735,1735,65,false,2022-09-04 00:32:49+00,2025-10-11 22:03:22.736741+00,2025-10-11 22:03:22.736741+00
44321,10,GEM Deellycella#GEM,11,1,1676,1676,124,false,2022-08-22 01:46:58+00,2025-10-11 22:03:22.736741+00,2025-10-11 22:03:22.736741+00
44322,10,GEM Deellycella#GEM,127,1,1615,1615,185,false,2022-09-04 04:10:49+00,2025-10-11 22:03:22.736741+00,2025-10-11 22:03:22.736741+00
44323,10,GEM Deellycella#GEM,15,1,1564,1564,236,false,2022-10-11 17:08:48+00,2025-10-11 22:03:22.736741+00,2025-10-11 22:03:22.736741+00
44324,10,GEM Deellycella#GEM,122,1,1429,1429,371,false,2025-07-14 02:22:25+00,2025-10-11 22:03:22.736741+00,2025-10-11 22:03:22.736741+00
44325,10,GEM Deellycella#GEM,238,1,1183,1183,617,false,2023-10-16 15:31:03+00,2025-10-11 22:03:22.736741+00,2025-10-11 22:03:22.736741+00
44326,10,GEM Deellycella#GEM,32,1,1162,1162,638,false,2022-11-15 00:49:08+00,2025-10-11 22:03:22.736741+00,2025-10-11 22:03:22.736741+00
44327,10,GEM Deellycella#GEM,25,1,1161,1161,639,false,2022-09-23 18:24:21+00,2025-10-11 22:03:22.736741+00,2025-10-11 22:03:22.736741+00
44328,10,GEM Deellycella#GEM,76,1,1126,1126,674,false,2021-02-09 04:00:11+00,2025-10-11 22:03:22.736741+00,2025-10-11 22:03:22.736741+00
44329,10,GEM Deellycella#GEM,131,1,1043,1043,757,false,2025-04-19 04:38:40+00,2025-10-11 22:03:22.736741+00,2025-10-11 22:03:22.736741+00
44330,10,GEM Deellycella#GEM,101,1,970,970,830,false,2023-07-29 01:03:27+00,2025-10-11 22:03:22.736741+00,2025-10-11 22:03:22.736741+00
44331,10,GEM Deellycella#GEM,254,1,952,952,848,false,2025-04-13 04:44:22+00,2025-10-11 22:03:22.736741+00,2025-10-11 22:03:22.736741+00
44332,10,GEM Deellycella#GEM,99,1,886,886,914,false,2022-10-17 00:41:17+00,2025-10-11 22:03:22.736741+00,2025-10-11 22:03:22.736741+00
44333,10,GEM Deellycella#GEM,19,1,829,829,971,false,2020-04-20 22:14:25+00,2025-10-11 22:03:22.736741+00,2025-10-11 22:03:22.736741+00
44334,10,GEM Deellycella#GEM,45,1,783,783,1017,false,2022-10-11 16:42:18+00,2025-10-11 22:03:22.736741+00,2025-10-11 22:03:22.736741+00
44335,10,GEM Deellycella#GEM,92,1,782,782,1018,false,2022-08-24 02:05:55+00,2025-10-11 22:03:22.736741+00,2025-10-11 22:03:22.736741+00
44336,10,GEM Deellycella#GEM,37,1,759,759,1041,false,2022-09-23 13:17:49+00,2025-10-11 22:03:22.736741+00,2025-10-11 22:03:22.736741+00
44337,10,GEM Deellycella#GEM,13,1,747,747,1053,false,2025-04-15 14:02:43+00,2025-10-11 22:03:22.736741+00,2025-10-11 22:03:22.736741+00
44338,10,GEM Deellycella#GEM,55,1,653,653,1147,false,2023-10-16 18:06:00+00,2025-10-11 22:03:22.736741+00,2025-10-11 22:03:22.736741+00
44339,10,GEM Deellycella#GEM,57,1,617,617,1183,false,2020-06-15 17:22:05+00,2025-10-11 22:03:22.736741+00,2025-10-11 22:03:22.736741+00
44340,10,GEM Deellycella#GEM,67,1,452,452,1348,false,2022-09-26 01:45:50+00,2025-10-11 22:03:22.736741+00,2025-10-11 22:03:22.736741+00
44341,10,GEM Deellycella#GEM,78,1,340,340,1460,false,2023-07-12 22:25:41+00,2025-10-11 22:03:22.736741+00,2025-10-11 22:03:22.736741+00
44342,10,GEM Deellycella#GEM,164,1,202,202,1598,false,2021-02-01 01:17:33+00,2025-10-11 22:03:22.736741+00,2025-10-11 22:03:22.736741+00
44343,10,GEM Deellycella#GEM,98,1,186,186,1614,false,2020-07-20 02:16:11+00,2025-10-11 22:03:22.736741+00,2025-10-11 22:03:22.736741+00
44344,10,GEM Deellycella#GEM,111,2,179,179,1621,false,2020-06-17 13:44:08+00,2025-10-11 22:03:22.736741+00,2025-10-13 04:12:49.801047+00
44345,10,GEM Deellycella#GEM,555,1,161,161,1639,false,2022-09-23 14:30:27+00,2025-10-11 22:03:22.736741+00,2025-10-11 22:03:22.736741+00
44346,10,GEM Deellycella#GEM,18,1,128,128,1672,false,2022-09-23 23:33:54+00,2025-10-11 22:03:22.736741+00,2025-10-11 22:03:22.736741+00
44347,10,GEM Deellycella#GEM,51,1,97,97,1703,false,2020-06-15 21:34:44+00,2025-10-11 22:03:22.736741+00,2025-10-11 22:03:22.736741+00
44348,10,GEM Deellycella#GEM,63,1,91,91,1709,false,2022-07-13 02:53:33+00,2025-10-11 22:03:22.736741+00,2025-10-11 22:03:22.736741+00
44349,10,GEM Deellycella#GEM,518,1,87,87,1713,false,2022-07-13 01:53:33+00,2025-10-11 22:03:22.736741+00,2025-10-11 22:03:22.736741+00
44350,48,GEM Furninscorce#GEM,223,3,7075,1075,5525,false,2025-10-04 18:30:08+00,2025-10-11 22:03:39.193637+00,2025-10-11 22:03:39.193637+00
44351,48,GEM Furninscorce#GEM,98,2,5316,3516,684,false,2025-08-31 20:32:44+00,2025-10-11 22:03:39.193637+00,2025-10-11 22:03:39.193637+00
44352,48,GEM Furninscorce#GEM,22,2,4961,3161,1039,false,2025-08-31 19:36:28+00,2025-10-11 22:03:39.193637+00,2025-10-11 22:03:39.193637+00
44353,48,GEM Furninscorce#GEM,117,2,3576,1776,2424,false,2025-10-04 19:06:47+00,2025-10-11 22:03:39.193637+00,2025-10-11 22:03:39.193637+00
44354,48,GEM Furninscorce#GEM,32,2,2814,1014,3186,false,2025-08-31 20:13:10+00,2025-10-11 22:03:39.193637+00,2025-10-11 22:03:39.193637+00
44355,48,GEM Furninscorce#GEM,60,1,1804,1804,-4,false,2025-10-01 22:00:39+00,2025-10-11 22:03:39.193637+00,2025-10-11 22:03:39.193637+00
44356,48,GEM Furninscorce#GEM,19,1,1341,1341,459,false,2025-09-16 23:41:03+00,2025-10-11 22:03:39.193637+00,2025-10-11 22:03:39.193637+00
44357,48,GEM Furninscorce#GEM,111,1,956,956,844,false,2025-08-31 19:56:24+00,2025-10-11 22:03:39.193637+00,2025-10-11 22:03:39.193637+00
44358,48,GEM Furninscorce#GEM,432,1,502,502,1298,false,2025-09-16 22:32:14+00,2025-10-11 22:03:39.193637+00,2025-10-11 22:03:39.193637+00
44359,48,GEM Furninscorce#GEM,80,1,411,411,1389,false,2025-08-28 20:49:21+00,2025-10-11 22:03:39.193637+00,2025-10-11 22:03:39.193637+00
44360,48,GEM Furninscorce#GEM,526,2,295,295,1505,false,2025-09-21 14:29:49+00,2025-10-11 22:03:39.193637+00,2025-11-03 19:46:39.469534+00
44361,13,GEM PelsNpurmips#GEM,350,8,63391,9791,1209,false,2025-07-31 02:22:21+00,2025-10-11 22:03:40.726922+00,2025-10-11 22:03:40.726922+00
44362,13,GEM PelsNpurmips#GEM,67,4,18260,5660,3340,false,2023-12-13 01:15:05+00,2025-10-11 22:03:40.726922+00,2025-10-11 22:03:40.726922+00
44363,13,GEM PelsNpurmips#GEM,145,4,15877,3277,5723,false,2025-08-05 08:38:35+00,2025-10-11 22:03:40.726922+00,2025-10-11 22:03:40.726922+00
44364,13,GEM PelsNpurmips#GEM,96,4,13825,1225,7775,false,2025-07-18 19:05:06+00,2025-10-11 22:03:40.726922+00,2025-10-11 22:03:40.726922+00
44365,13,GEM PelsNpurmips#GEM,84,3,8691,2691,3909,false,2025-09-11 22:12:49+00,2025-10-11 22:03:40.726922+00,2025-10-11 22:03:40.726922+00
44366,13,GEM PelsNpurmips#GEM,412,2,4820,3020,1180,false,2023-12-02 23:19:04+00,2025-10-11 22:03:40.726922+00,2025-10-11 22:03:40.726922+00
44367,13,GEM PelsNpurmips#GEM,99,2,4714,2914,1286,false,2025-04-25 00:05:27+00,2025-10-11 22:03:40.726922+00,2025-10-11 22:03:40.726922+00
44368,13,GEM PelsNpurmips#GEM,85,2,4065,2265,1935,false,2023-10-27 20:26:37+00,2025-10-11 22:03:40.726922+00,2025-10-11 22:03:40.726922+00
44369,13,GEM PelsNpurmips#GEM,131,2,3766,1966,2234,false,2025-09-11 22:54:47+00,2025-10-11 22:03:40.726922+00,2025-10-11 22:03:40.726922+00
44370,13,GEM PelsNpurmips#GEM,18,2,3548,1748,2452,false,2025-02-16 19:30:42+00,2025-10-11 22:03:40.726922+00,2025-10-11 22:03:40.726922+00
44371,13,GEM PelsNpurmips#GEM,54,2,2775,975,3225,false,2023-10-27 21:48:54+00,2025-10-11 22:03:40.726922+00,2025-10-11 22:03:40.726922+00
44372,13,GEM PelsNpurmips#GEM,21,2,2648,848,3352,false,2025-07-31 18:29:58+00,2025-10-11 22:03:40.726922+00,2025-10-11 22:03:40.726922+00
44373,13,GEM PelsNpurmips#GEM,51,2,2635,835,3365,false,2025-08-04 12:52:22+00,2025-10-11 22:03:40.726922+00,2025-10-11 22:03:40.726922+00
44374,13,GEM PelsNpurmips#GEM,222,2,2619,819,3381,false,2025-08-05 09:30:17+00,2025-10-11 22:03:40.726922+00,2025-10-11 22:03:40.726922+00
44375,13,GEM PelsNpurmips#GEM,238,2,1800,0,4200,false,2023-10-29 16:00:03+00,2025-10-11 22:03:40.726922+00,2025-10-11 22:03:40.726922+00
44376,13,GEM PelsNpurmips#GEM,245,1,1533,1533,267,false,2023-10-19 00:59:11+00,2025-10-11 22:03:40.726922+00,2025-10-11 22:03:40.726922+00
44377,13,GEM PelsNpurmips#GEM,150,1,1439,1439,361,false,2023-10-26 15:22:18+00,2025-10-11 22:03:40.726922+00,2025-10-11 22:03:40.726922+00
44378,13,GEM PelsNpurmips#GEM,32,1,1338,1338,462,false,2023-12-01 00:47:53+00,2025-10-11 22:03:40.726922+00,2025-10-11 22:03:40.726922+00
44379,13,GEM PelsNpurmips#GEM,804,1,1321,1321,479,false,2025-10-05 19:09:15+00,2025-10-11 22:03:40.726922+00,2025-10-11 22:03:40.726922+00
44380,13,GEM PelsNpurmips#GEM,127,1,1304,1304,496,false,2023-10-23 18:35:59+00,2025-10-11 22:03:40.726922+00,2025-10-11 22:03:40.726922+00
44381,13,GEM PelsNpurmips#GEM,429,1,1230,1230,570,false,2023-10-25 12:42:12+00,2025-10-11 22:03:40.726922+00,2025-10-11 22:03:40.726922+00
44382,13,GEM PelsNpurmips#GEM,22,1,1179,1179,621,false,2023-12-12 16:11:31+00,2025-10-11 22:03:40.726922+00,2025-10-11 22:03:40.726922+00
44383,13,GEM PelsNpurmips#GEM,8,1,1143,1143,657,false,2023-10-23 19:13:56+00,2025-10-11 22:03:40.726922+00,2025-10-11 22:03:40.726922+00
44384,13,GEM PelsNpurmips#GEM,106,1,1131,1131,669,false,2023-10-26 19:37:44+00,2025-10-11 22:03:40.726922+00,2025-10-11 22:03:40.726922+00
44385,13,GEM PelsNpurmips#GEM,111,1,980,980,820,false,2023-11-26 22:59:30+00,2025-10-11 22:03:40.726922+00,2025-10-11 22:03:40.726922+00
44386,13,GEM PelsNpurmips#GEM,74,1,890,890,910,false,2023-10-21 18:35:00+00,2025-10-11 22:03:40.726922+00,2025-10-11 22:03:40.726922+00
44387,13,GEM PelsNpurmips#GEM,15,1,851,851,949,false,2023-10-19 00:35:39+00,2025-10-11 22:03:40.726922+00,2025-10-11 22:03:40.726922+00
44388,13,GEM PelsNpurmips#GEM,119,1,778,778,1022,false,2023-08-15 11:44:36+00,2025-10-11 22:03:40.726922+00,2025-10-11 22:03:40.726922+00
44389,13,GEM PelsNpurmips#GEM,3,1,735,735,1065,false,2025-08-05 17:41:27+00,2025-10-11 22:03:40.726922+00,2025-10-11 22:03:40.726922+00
44390,13,GEM PelsNpurmips#GEM,63,1,693,693,1107,false,2023-10-21 16:48:04+00,2025-10-11 22:03:40.726922+00,2025-10-11 22:03:40.726922+00
44391,13,GEM PelsNpurmips#GEM,498,1,690,690,1110,false,2023-10-22 18:37:03+00,2025-10-11 22:03:40.726922+00,2025-10-11 22:03:40.726922+00
44392,13,GEM PelsNpurmips#GEM,110,1,687,687,1113,false,2023-10-27 11:42:59+00,2025-10-11 22:03:40.726922+00,2025-10-11 22:03:40.726922+00
44393,13,GEM PelsNpurmips#GEM,80,1,686,686,1114,false,2023-08-11 19:30:43+00,2025-10-11 22:03:40.726922+00,2025-10-11 22:03:40.726922+00
44394,13,GEM PelsNpurmips#GEM,75,1,666,666,1134,false,2025-08-05 12:16:21+00,2025-10-11 22:03:40.726922+00,2025-10-11 22:03:40.726922+00
44395,13,GEM PelsNpurmips#GEM,24,1,665,665,1135,false,2023-08-12 19:06:07+00,2025-10-11 22:03:40.726922+00,2025-10-11 22:03:40.726922+00
44396,13,GEM PelsNpurmips#GEM,26,1,654,654,1146,false,2023-10-22 14:17:31+00,2025-10-11 22:03:40.726922+00,2025-10-11 22:03:40.726922+00
44397,13,GEM PelsNpurmips#GEM,82,1,650,650,1150,false,2023-08-12 00:52:14+00,2025-10-11 22:03:40.726922+00,2025-10-11 22:03:40.726922+00
44398,13,GEM PelsNpurmips#GEM,81,1,637,637,1163,false,2023-10-19 16:23:44+00,2025-10-11 22:03:40.726922+00,2025-10-11 22:03:40.726922+00
44399,13,GEM PelsNpurmips#GEM,103,1,552,552,1248,false,2023-08-12 20:32:30+00,2025-10-11 22:03:40.726922+00,2025-10-11 22:03:40.726922+00
44400,13,GEM PelsNpurmips#GEM,64,1,494,494,1306,false,2023-10-27 21:30:54+00,2025-10-11 22:03:40.726922+00,2025-10-11 22:03:40.726922+00
44401,13,GEM PelsNpurmips#GEM,105,1,308,308,1492,false,2023-10-22 16:12:02+00,2025-10-11 22:03:40.726922+00,2025-10-11 22:03:40.726922+00
44402,13,GEM PelsNpurmips#GEM,154,1,197,197,1603,false,2023-12-01 01:29:06+00,2025-10-11 22:03:40.726922+00,2025-10-11 22:03:40.726922+00
44403,13,GEM PelsNpurmips#GEM,164,1,195,195,1605,false,2023-09-02 22:55:29+00,2025-10-11 22:03:40.726922+00,2025-10-11 22:03:40.726922+00
44404,13,GEM PelsNpurmips#GEM,40,1,184,184,1616,false,2023-12-03 00:09:37+00,2025-10-11 22:03:40.726922+00,2025-10-11 22:03:40.726922+00
44405,13,GEM PelsNpurmips#GEM,4,1,184,184,1616,false,2023-10-19 18:25:58+00,2025-10-11 22:03:40.726922+00,2025-10-11 22:03:40.726922+00
44406,13,GEM PelsNpurmips#GEM,10,1,165,165,1635,false,2023-08-16 18:27:14+00,2025-10-11 22:03:40.726922+00,2025-10-11 22:03:40.726922+00
44407,13,GEM PelsNpurmips#GEM,13,1,154,154,1646,false,2023-09-02 20:46:44+00,2025-10-11 22:03:40.726922+00,2025-10-11 22:03:40.726922+00
44408,13,GEM PelsNpurmips#GEM,516,1,148,148,1652,false,2023-10-26 15:54:45+00,2025-10-11 22:03:40.726922+00,2025-10-11 22:03:40.726922+00
44409,13,GEM PelsNpurmips#GEM,30,1,138,138,1662,false,2023-09-02 22:21:04+00,2025-10-11 22:03:40.726922+00,2025-10-11 22:03:40.726922+00
44410,13,GEM PelsNpurmips#GEM,555,1,137,137,1663,false,2023-10-21 15:39:58+00,2025-10-11 22:03:40.726922+00,2025-10-11 22:03:40.726922+00
44411,13,GEM PelsNpurmips#GEM,55,1,134,134,1666,false,2023-10-19 17:03:44+00,2025-10-11 22:03:40.726922+00,2025-10-11 22:03:40.726922+00
44412,13,GEM PelsNpurmips#GEM,50,1,133,133,1667,false,2023-10-19 15:02:51+00,2025-10-11 22:03:40.726922+00,2025-10-11 22:03:40.726922+00
44413,13,GEM PelsNpurmips#GEM,497,1,104,104,1696,false,2023-10-13 14:26:55+00,2025-10-11 22:03:40.726922+00,2025-10-11 22:03:40.726922+00
44414,13,GEM PelsNpurmips#GEM,20,1,96,96,1704,false,2023-10-21 16:00:35+00,2025-10-11 22:03:40.726922+00,2025-10-11 22:03:40.726922+00
44415,4,GEM Hestiarethe#GEM,350,5,27596,5996,4004,false,2023-07-29 02:15:02+00,2025-10-11 22:03:42.270987+00,2025-10-11 22:03:42.270987+00
44416,4,GEM Hestiarethe#GEM,23,5,26183,4583,5417,false,2025-07-23 14:09:33+00,2025-10-11 22:03:42.270987+00,2025-10-11 22:03:42.270987+00
44417,4,GEM Hestiarethe#GEM,117,4,14981,2381,6619,false,2024-07-23 04:55:07+00,2025-10-11 22:03:42.270987+00,2025-10-11 22:03:42.270987+00
44418,4,GEM Hestiarethe#GEM,67,4,14249,1649,7351,false,2023-07-06 03:24:53+00,2025-10-11 22:03:42.270987+00,2025-10-11 22:03:42.270987+00
44419,4,GEM Hestiarethe#GEM,21,4,13232,632,8368,false,2023-07-29 00:19:26+00,2025-10-11 22:03:42.270987+00,2025-10-11 22:03:42.270987+00
44420,4,GEM Hestiarethe#GEM,43,4,12735,135,8865,false,2025-04-24 00:54:10+00,2025-10-11 22:03:42.270987+00,2025-10-11 22:03:42.270987+00
44421,4,GEM Hestiarethe#GEM,222,3,11639,5639,961,false,2025-04-21 01:11:19+00,2025-10-11 22:03:42.270987+00,2025-10-11 22:03:42.270987+00
44422,4,GEM Hestiarethe#GEM,63,3,10949,4949,1651,false,2023-07-24 19:17:21+00,2025-10-11 22:03:42.270987+00,2025-10-11 22:03:42.270987+00
44423,4,GEM Hestiarethe#GEM,101,3,9127,3127,3473,false,2023-08-06 16:19:05+00,2025-10-11 22:03:42.270987+00,2025-10-11 22:03:42.270987+00
44424,4,GEM Hestiarethe#GEM,145,4,8766,2766,3834,false,2025-10-11 00:55:20+00,2025-10-11 22:03:42.270987+00,2025-10-25 01:09:28.759212+00
44425,4,GEM Hestiarethe#GEM,25,3,7926,1926,4674,false,2025-04-13 03:00:07+00,2025-10-11 22:03:42.270987+00,2025-10-11 22:03:42.270987+00
44426,4,GEM Hestiarethe#GEM,45,3,7802,1802,4798,false,2025-04-17 02:42:08+00,2025-10-11 22:03:42.270987+00,2025-10-11 22:03:42.270987+00
44427,4,GEM Hestiarethe#GEM,29,3,6954,954,5646,false,2023-07-14 20:01:10+00,2025-10-11 22:03:42.270987+00,2025-10-11 22:03:42.270987+00
44428,4,GEM Hestiarethe#GEM,110,3,6719,719,5881,false,2025-04-22 00:25:47+00,2025-10-11 22:03:42.270987+00,2025-10-11 22:03:42.270987+00
44429,4,GEM Hestiarethe#GEM,4,3,6463,463,6137,false,2025-04-20 20:02:39+00,2025-10-11 22:03:42.270987+00,2025-10-11 22:03:42.270987+00
44430,4,GEM Hestiarethe#GEM,107,3,6113,113,6487,false,2023-12-05 16:35:19+00,2025-10-11 22:03:42.270987+00,2025-10-11 22:03:42.270987+00
44431,4,GEM Hestiarethe#GEM,22,2,5829,4029,171,false,2023-09-18 04:05:25+00,2025-10-11 22:03:42.270987+00,2025-10-11 22:03:42.270987+00
44432,4,GEM Hestiarethe#GEM,412,2,5781,3981,219,false,2025-04-21 00:24:47+00,2025-10-11 22:03:42.270987+00,2025-10-11 22:03:42.270987+00
44433,4,GEM Hestiarethe#GEM,254,2,5545,3745,455,false,2023-09-16 04:02:56+00,2025-10-11 22:03:42.270987+00,2025-10-11 22:03:42.270987+00
44434,4,GEM Hestiarethe#GEM,32,2,5043,3243,957,false,2022-11-12 01:05:31+00,2025-10-11 22:03:42.270987+00,2025-10-11 22:03:42.270987+00
44435,4,GEM Hestiarethe#GEM,202,2,4434,2634,1566,false,2025-04-25 00:05:27+00,2025-10-11 22:03:42.270987+00,2025-10-11 22:03:42.270987+00
44436,4,GEM Hestiarethe#GEM,7,2,3986,2186,2014,false,2022-10-27 18:58:47+00,2025-10-11 22:03:42.270987+00,2025-10-11 22:03:42.270987+00
44437,4,GEM Hestiarethe#GEM,35,2,3909,2109,2091,false,2025-06-22 23:55:02+00,2025-10-11 22:03:42.270987+00,2025-10-11 22:03:42.270987+00
44438,4,GEM Hestiarethe#GEM,64,2,3901,2101,2099,false,2025-06-26 23:32:17+00,2025-10-11 22:03:42.270987+00,2025-10-11 22:03:42.270987+00
44439,4,GEM Hestiarethe#GEM,84,3,3876,2076,2124,false,2025-10-10 23:36:56+00,2025-10-11 22:03:42.270987+00,2025-11-09 14:41:40.219045+00
44440,4,GEM Hestiarethe#GEM,497,2,3411,1611,2589,false,2022-10-26 19:58:33+00,2025-10-11 22:03:42.270987+00,2025-10-11 22:03:42.270987+00
44441,4,GEM Hestiarethe#GEM,80,2,3227,1427,2773,false,2025-04-18 01:01:21+00,2025-10-11 22:03:42.270987+00,2025-10-11 22:03:42.270987+00
44442,4,GEM Hestiarethe#GEM,103,2,3221,1421,2779,false,2025-04-20 20:54:50+00,2025-10-11 22:03:42.270987+00,2025-10-11 22:03:42.270987+00
44443,4,GEM Hestiarethe#GEM,18,2,3122,1322,2878,false,2025-04-15 11:56:28+00,2025-10-11 22:03:42.270987+00,2025-10-11 22:03:42.270987+00
44444,4,GEM Hestiarethe#GEM,92,2,2800,1000,3200,false,2022-10-18 10:21:21+00,2025-10-11 22:03:42.270987+00,2025-10-11 22:03:42.270987+00
44445,4,GEM Hestiarethe#GEM,126,2,2785,985,3215,false,2023-09-26 05:14:58+00,2025-10-11 22:03:42.270987+00,2025-10-11 22:03:42.270987+00
44446,4,GEM Hestiarethe#GEM,427,2,2717,917,3283,false,2025-04-20 02:43:49+00,2025-10-11 22:03:42.270987+00,2025-10-11 22:03:42.270987+00
44447,4,GEM Hestiarethe#GEM,36,2,2683,883,3317,false,2023-12-19 03:00:16+00,2025-10-11 22:03:42.270987+00,2025-10-11 22:03:42.270987+00
44448,4,GEM Hestiarethe#GEM,33,2,2644,844,3356,false,2023-09-16 03:13:25+00,2025-10-11 22:03:42.270987+00,2025-10-11 22:03:42.270987+00
44449,4,GEM Hestiarethe#GEM,147,2,2588,788,3412,false,2022-10-22 15:15:59+00,2025-10-11 22:03:42.270987+00,2025-10-11 22:03:42.270987+00
44450,4,GEM Hestiarethe#GEM,19,2,2567,767,3433,false,2023-12-19 02:11:39+00,2025-10-11 22:03:42.270987+00,2025-10-11 22:03:42.270987+00
44451,4,GEM Hestiarethe#GEM,54,2,2344,544,3656,false,2025-04-14 00:56:44+00,2025-10-11 22:03:42.270987+00,2025-10-11 22:03:42.270987+00
44452,4,GEM Hestiarethe#GEM,15,2,2226,426,3774,false,2023-09-18 03:30:00+00,2025-10-11 22:03:42.270987+00,2025-10-11 22:03:42.270987+00
44453,4,GEM Hestiarethe#GEM,99,1,1761,1761,39,false,2023-07-12 03:51:09+00,2025-10-11 22:03:42.270987+00,2025-10-11 22:03:42.270987+00
44454,4,GEM Hestiarethe#GEM,106,1,1622,1622,178,false,2022-08-19 03:27:14+00,2025-10-11 22:03:42.270987+00,2025-10-11 22:03:42.270987+00
44455,4,GEM Hestiarethe#GEM,91,1,1556,1556,244,false,2025-07-20 02:05:17+00,2025-10-11 22:03:42.270987+00,2025-10-11 22:03:42.270987+00
44456,4,GEM Hestiarethe#GEM,89,1,1514,1514,286,false,2025-04-13 02:05:36+00,2025-10-11 22:03:42.270987+00,2025-10-11 22:03:42.270987+00
44457,4,GEM Hestiarethe#GEM,235,1,1362,1362,438,false,2022-07-10 20:25:11+00,2025-10-11 22:03:42.270987+00,2025-10-11 22:03:42.270987+00
44458,4,GEM Hestiarethe#GEM,429,1,1287,1287,513,false,2021-11-03 02:08:26+00,2025-10-11 22:03:42.270987+00,2025-10-11 22:03:42.270987+00
44459,4,GEM Hestiarethe#GEM,113,1,1143,1143,657,false,2023-09-28 23:21:46+00,2025-10-11 22:03:42.270987+00,2025-10-11 22:03:42.270987+00
44460,4,GEM Hestiarethe#GEM,122,1,1138,1138,662,false,2022-08-19 04:06:25+00,2025-10-11 22:03:42.270987+00,2025-10-11 22:03:42.270987+00
44461,4,GEM Hestiarethe#GEM,134,1,1093,1093,707,false,2023-08-06 17:19:02+00,2025-10-11 22:03:42.270987+00,2025-10-11 22:03:42.270987+00
44462,4,GEM Hestiarethe#GEM,62,1,1024,1024,776,false,2023-10-05 01:23:14+00,2025-10-11 22:03:42.270987+00,2025-10-11 22:03:42.270987+00
44463,4,GEM Hestiarethe#GEM,13,4,970,970,830,false,2023-07-20 03:53:10+00,2025-10-11 22:03:42.270987+00,2025-10-25 01:13:22.255366+00
44464,4,GEM Hestiarethe#GEM,555,1,957,957,843,false,2022-09-21 23:43:49+00,2025-10-11 22:03:42.270987+00,2025-10-11 22:03:42.270987+00
44465,4,GEM Hestiarethe#GEM,51,1,938,938,862,false,2023-09-13 01:14:12+00,2025-10-11 22:03:42.270987+00,2025-10-11 22:03:42.270987+00
44466,4,GEM Hestiarethe#GEM,8,1,934,934,866,false,2022-07-11 03:14:14+00,2025-10-11 22:03:42.270987+00,2025-10-11 22:03:42.270987+00
44467,4,GEM Hestiarethe#GEM,90,1,888,888,912,false,2023-09-10 23:55:25+00,2025-10-11 22:03:42.270987+00,2025-10-11 22:03:42.270987+00
44468,4,GEM Hestiarethe#GEM,234,1,859,859,941,false,2022-07-11 02:42:25+00,2025-10-11 22:03:42.270987+00,2025-10-11 22:03:42.270987+00
44469,4,GEM Hestiarethe#GEM,24,1,830,830,970,false,2023-09-29 00:04:45+00,2025-10-11 22:03:42.270987+00,2025-10-11 22:03:42.270987+00
44470,4,GEM Hestiarethe#GEM,41,1,779,779,1021,false,2022-07-11 01:25:35+00,2025-10-11 22:03:42.270987+00,2025-10-11 22:03:42.270987+00
44471,4,GEM Hestiarethe#GEM,82,1,763,763,1037,false,2022-08-19 02:40:48+00,2025-10-11 22:03:42.270987+00,2025-10-11 22:03:42.270987+00
44472,4,GEM Hestiarethe#GEM,50,1,752,752,1048,false,2023-07-12 04:16:46+00,2025-10-11 22:03:42.270987+00,2025-10-11 22:03:42.270987+00
44473,4,GEM Hestiarethe#GEM,11,1,747,747,1053,false,2022-07-10 19:43:10+00,2025-10-11 22:03:42.270987+00,2025-10-11 22:03:42.270987+00
44474,4,GEM Hestiarethe#GEM,238,1,729,729,1071,false,2022-08-23 23:52:51+00,2025-10-11 22:03:42.270987+00,2025-10-11 22:03:42.270987+00
44475,4,GEM Hestiarethe#GEM,115,1,728,728,1072,false,2022-09-04 20:19:53+00,2025-10-11 22:03:42.270987+00,2025-10-11 22:03:42.270987+00
44476,4,GEM Hestiarethe#GEM,1,1,710,710,1090,false,2022-07-10 20:52:47+00,2025-10-11 22:03:42.270987+00,2025-10-11 22:03:42.270987+00
44477,4,GEM Hestiarethe#GEM,37,1,635,635,1165,false,2022-10-02 01:23:29+00,2025-10-11 22:03:42.270987+00,2025-10-11 22:03:42.270987+00
44478,4,GEM Hestiarethe#GEM,142,1,621,621,1179,false,2022-07-18 00:14:17+00,2025-10-11 22:03:42.270987+00,2025-10-11 22:03:42.270987+00
44479,4,GEM Hestiarethe#GEM,517,1,587,587,1213,false,2022-07-21 01:04:07+00,2025-10-11 22:03:42.270987+00,2025-10-11 22:03:42.270987+00
44480,4,GEM Hestiarethe#GEM,30,1,570,570,1230,false,2023-08-03 15:39:52+00,2025-10-11 22:03:42.270987+00,2025-10-11 22:03:42.270987+00
44481,4,GEM Hestiarethe#GEM,223,1,540,540,1260,false,2025-02-28 04:32:36+00,2025-10-11 22:03:42.270987+00,2025-10-11 22:03:42.270987+00
44482,4,GEM Hestiarethe#GEM,2,1,323,323,1477,false,2023-07-15 17:04:06+00,2025-10-11 22:03:42.270987+00,2025-10-11 22:03:42.270987+00
44483,4,GEM Hestiarethe#GEM,20,1,196,196,1604,false,2023-09-18 06:15:23+00,2025-10-11 22:03:42.270987+00,2025-10-11 22:03:42.270987+00
44484,4,GEM Hestiarethe#GEM,28,1,191,191,1609,false,2023-09-07 01:19:44+00,2025-10-11 22:03:42.270987+00,2025-10-11 22:03:42.270987+00
44485,4,GEM Hestiarethe#GEM,157,5,187,187,1613,false,2023-08-04 17:37:30+00,2025-10-11 22:03:42.270987+00,2025-10-25 01:07:33.129582+00
44486,4,GEM Hestiarethe#GEM,119,1,184,184,1616,false,2023-09-26 00:17:37+00,2025-10-11 22:03:42.270987+00,2025-10-11 22:03:42.270987+00
44487,4,GEM Hestiarethe#GEM,39,1,183,183,1617,false,2022-08-21 01:12:27+00,2025-10-11 22:03:42.270987+00,2025-10-11 22:03:42.270987+00
44488,4,GEM Hestiarethe#GEM,61,1,152,152,1648,false,2021-11-03 01:13:48+00,2025-10-11 22:03:42.270987+00,2025-10-11 22:03:42.270987+00
44489,4,GEM Hestiarethe#GEM,245,1,145,145,1655,false,2021-10-31 01:02:56+00,2025-10-11 22:03:42.270987+00,2025-10-11 22:03:42.270987+00
44490,4,GEM Hestiarethe#GEM,78,1,142,142,1658,false,2023-08-10 00:55:37+00,2025-10-11 22:03:42.270987+00,2025-10-11 22:03:42.270987+00
44491,4,GEM Hestiarethe#GEM,498,1,139,139,1661,false,2022-09-22 18:35:16+00,2025-10-11 22:03:42.270987+00,2025-10-11 22:03:42.270987+00
44492,4,GEM Hestiarethe#GEM,16,1,116,116,1684,false,2022-09-21 23:23:43+00,2025-10-11 22:03:42.270987+00,2025-10-11 22:03:42.270987+00
44493,4,GEM Hestiarethe#GEM,133,1,112,112,1688,false,2023-07-14 16:50:35+00,2025-10-11 22:03:42.270987+00,2025-10-11 22:03:42.270987+00
44494,4,GEM Hestiarethe#GEM,72,1,102,102,1698,false,2022-07-17 23:39:16+00,2025-10-11 22:03:42.270987+00,2025-10-11 22:03:42.270987+00
44495,4,GEM Hestiarethe#GEM,58,1,94,94,1706,false,2022-07-17 23:56:02+00,2025-10-11 22:03:42.270987+00,2025-10-11 22:03:42.270987+00
44496,32,GEM Greedgardell#GEM,350,10,77053,1453,9547,false,2025-07-27 02:20:05+00,2025-10-11 22:03:58.760399+00,2025-10-11 22:03:58.760399+00
44497,32,GEM Greedgardell#GEM,29,7,46531,3931,7069,false,2025-07-27 00:54:48+00,2025-10-11 22:03:58.760399+00,2025-10-11 22:03:58.760399+00
44498,32,GEM Greedgardell#GEM,79,7,40493,0,13107,false,2023-10-16 02:04:45+00,2025-10-11 22:03:58.760399+00,2025-10-11 22:03:58.760399+00
44499,32,GEM Greedgardell#GEM,81,7,35730,0,17870,false,2023-07-22 01:42:41+00,2025-10-11 22:03:58.760399+00,2025-10-11 22:03:58.760399+00
44500,32,GEM Greedgardell#GEM,74,6,34513,2913,8087,false,2023-07-22 16:41:36+00,2025-10-11 22:03:58.760399+00,2025-10-11 22:03:58.760399+00
44501,32,GEM Greedgardell#GEM,62,7,33929,0,19671,false,2022-05-12 00:25:33+00,2025-10-11 22:03:58.760399+00,2025-10-11 22:03:58.760399+00
44502,32,GEM Greedgardell#GEM,99,7,33462,0,20138,false,2022-08-31 01:52:11+00,2025-10-11 22:03:58.760399+00,2025-10-11 22:03:58.760399+00
44503,32,GEM Greedgardell#GEM,101,6,33266,1666,9334,false,2022-10-11 18:15:28+00,2025-10-11 22:03:58.760399+00,2025-10-11 22:03:58.760399+00
44504,32,GEM Greedgardell#GEM,85,6,31657,57,10943,false,2022-10-23 18:34:20+00,2025-10-11 22:03:58.760399+00,2025-10-11 22:03:58.760399+00
44505,32,GEM Greedgardell#GEM,89,6,27463,0,15137,false,2023-07-26 23:35:36+00,2025-10-11 22:03:58.760399+00,2025-10-11 22:03:58.760399+00
44506,32,GEM Greedgardell#GEM,154,5,25879,4279,5721,false,2023-07-26 20:52:36+00,2025-10-11 22:03:58.760399+00,2025-10-11 22:03:58.760399+00
44507,32,GEM Greedgardell#GEM,51,4,19346,6746,2254,false,2025-07-05 02:56:28+00,2025-10-11 22:03:58.760399+00,2025-10-11 22:03:58.760399+00
44508,32,GEM Greedgardell#GEM,21,4,16938,4338,4662,false,2025-03-14 19:40:50+00,2025-10-11 22:03:58.760399+00,2025-10-11 22:03:58.760399+00
44509,32,GEM Greedgardell#GEM,4,3,12099,6099,501,false,2022-10-19 22:30:46+00,2025-10-11 22:03:58.760399+00,2025-10-11 22:03:58.760399+00
44510,32,GEM Greedgardell#GEM,90,3,11361,5361,1239,false,2022-11-18 01:17:14+00,2025-10-11 22:03:58.760399+00,2025-10-11 22:03:58.760399+00
44511,32,GEM Greedgardell#GEM,45,3,9509,3509,3091,false,2023-07-21 03:09:18+00,2025-10-11 22:03:58.760399+00,2025-10-11 22:03:58.760399+00
44512,32,GEM Greedgardell#GEM,20,3,9015,3015,3585,false,2022-09-23 14:30:27+00,2025-10-11 22:03:58.760399+00,2025-10-11 22:03:58.760399+00
44513,32,GEM Greedgardell#GEM,19,3,8933,2933,3667,false,2024-01-08 18:08:13+00,2025-10-11 22:03:58.760399+00,2025-10-11 22:03:58.760399+00
44514,32,GEM Greedgardell#GEM,26,3,8587,2587,4013,false,2022-07-27 00:39:50+00,2025-10-11 22:03:58.760399+00,2025-10-11 22:03:58.760399+00
44515,32,GEM Greedgardell#GEM,7,3,8449,2449,4151,false,2022-10-02 03:38:55+00,2025-10-11 22:03:58.760399+00,2025-10-11 22:03:58.760399+00
44516,32,GEM Greedgardell#GEM,526,3,8415,2415,4185,false,2023-07-04 19:45:40+00,2025-10-11 22:03:58.760399+00,2025-10-11 22:03:58.760399+00
44517,32,GEM Greedgardell#GEM,112,3,8374,2374,4226,false,2022-11-21 18:24:42+00,2025-10-11 22:03:58.760399+00,2025-10-11 22:03:58.760399+00
44518,32,GEM Greedgardell#GEM,54,3,8180,2180,4420,false,2023-10-16 02:43:55+00,2025-10-11 22:03:58.760399+00,2025-10-11 22:03:58.760399+00
44519,32,GEM Greedgardell#GEM,9,3,8060,2060,4540,false,2022-09-02 00:36:04+00,2025-10-11 22:03:58.760399+00,2025-10-11 22:03:58.760399+00
44520,32,GEM Greedgardell#GEM,18,3,7747,1747,4853,false,2022-07-29 02:17:08+00,2025-10-11 22:03:58.760399+00,2025-10-11 22:03:58.760399+00
44521,32,GEM Greedgardell#GEM,98,3,7626,1626,4974,false,2023-06-18 19:45:47+00,2025-10-11 22:03:58.760399+00,2025-10-11 22:03:58.760399+00
44522,32,GEM Greedgardell#GEM,142,3,6936,936,5664,false,2022-10-24 17:22:53+00,2025-10-11 22:03:58.760399+00,2025-10-11 22:03:58.760399+00
44523,32,GEM Greedgardell#GEM,412,3,6647,647,5953,false,2023-07-25 03:11:02+00,2025-10-11 22:03:58.760399+00,2025-10-11 22:03:58.760399+00
44524,32,GEM Greedgardell#GEM,111,3,6202,202,6398,false,2023-07-24 23:04:44+00,2025-10-11 22:03:58.760399+00,2025-10-11 22:03:58.760399+00
44525,32,GEM Greedgardell#GEM,202,3,6134,134,6466,false,2022-10-21 01:26:36+00,2025-10-11 22:03:58.760399+00,2025-10-11 22:03:58.760399+00
44526,32,GEM Greedgardell#GEM,518,2,5901,4101,99,false,2023-07-03 14:57:06+00,2025-10-11 22:03:58.760399+00,2025-10-11 22:03:58.760399+00
44527,32,GEM Greedgardell#GEM,35,2,5342,3542,658,false,2023-06-30 16:28:29+00,2025-10-11 22:03:58.760399+00,2025-10-11 22:03:58.760399+00
44528,32,GEM Greedgardell#GEM,113,2,4872,3072,1128,false,2022-09-02 01:09:27+00,2025-10-11 22:03:58.760399+00,2025-10-11 22:03:58.760399+00
44529,32,GEM Greedgardell#GEM,39,2,4240,2440,1760,false,2023-07-03 16:22:28+00,2025-10-11 22:03:58.760399+00,2025-10-11 22:03:58.760399+00
44530,32,GEM Greedgardell#GEM,11,2,3796,1996,2204,false,2022-09-26 01:25:00+00,2025-10-11 22:03:58.760399+00,2025-10-11 22:03:58.760399+00
44531,32,GEM Greedgardell#GEM,200,2,3780,1980,2220,false,2023-07-04 18:03:34+00,2025-10-11 22:03:58.760399+00,2025-10-11 22:03:58.760399+00
44532,32,GEM Greedgardell#GEM,134,2,3728,1928,2272,false,2022-10-16 22:58:57+00,2025-10-11 22:03:58.760399+00,2025-10-11 22:03:58.760399+00
44533,32,GEM Greedgardell#GEM,53,2,3091,1291,2909,false,2024-01-04 20:37:31+00,2025-10-11 22:03:58.760399+00,2025-10-11 22:03:58.760399+00
44534,32,GEM Greedgardell#GEM,28,2,3078,1278,2922,false,2024-01-03 20:24:13+00,2025-10-11 22:03:58.760399+00,2025-10-11 22:03:58.760399+00
44535,32,GEM Greedgardell#GEM,222,2,2830,1030,3170,false,2023-07-21 17:56:25+00,2025-10-11 22:03:58.760399+00,2025-10-11 22:03:58.760399+00
44536,32,GEM Greedgardell#GEM,64,2,2779,979,3221,false,2023-07-01 20:30:17+00,2025-10-11 22:03:58.760399+00,2025-10-11 22:03:58.760399+00
44537,32,GEM Greedgardell#GEM,8,2,2415,615,3585,false,2023-06-30 01:36:13+00,2025-10-11 22:03:58.760399+00,2025-10-11 22:03:58.760399+00
44538,32,GEM Greedgardell#GEM,267,2,2269,469,3731,false,2020-05-05 02:04:44+00,2025-10-11 22:03:58.760399+00,2025-10-11 22:03:58.760399+00
44539,32,GEM Greedgardell#GEM,36,2,2161,361,3839,false,2023-06-18 19:14:59+00,2025-10-11 22:03:58.760399+00,2025-10-11 22:03:58.760399+00
44540,32,GEM Greedgardell#GEM,13,2,2091,291,3909,false,2021-02-06 00:52:16+00,2025-10-11 22:03:58.760399+00,2025-10-11 22:03:58.760399+00
44541,32,GEM Greedgardell#GEM,115,1,1764,1764,36,false,2022-07-29 02:52:55+00,2025-10-11 22:03:58.760399+00,2025-10-11 22:03:58.760399+00
44542,32,GEM Greedgardell#GEM,76,1,1728,1728,72,false,2022-09-23 02:11:20+00,2025-10-11 22:03:58.760399+00,2025-10-11 22:03:58.760399+00
44543,32,GEM Greedgardell#GEM,432,1,1696,1696,104,false,2020-03-28 12:38:35+00,2025-10-11 22:03:58.760399+00,2025-10-11 22:03:58.760399+00
44544,32,GEM Greedgardell#GEM,82,1,1627,1627,173,false,2023-06-30 17:59:42+00,2025-10-11 22:03:58.760399+00,2025-10-11 22:03:58.760399+00
44545,32,GEM Greedgardell#GEM,161,1,1582,1582,218,false,2022-10-02 01:45:56+00,2025-10-11 22:03:58.760399+00,2025-10-11 22:03:58.760399+00
44546,32,GEM Greedgardell#GEM,25,1,1569,1569,231,false,2023-07-24 21:19:40+00,2025-10-11 22:03:58.760399+00,2025-10-11 22:03:58.760399+00
44547,32,GEM Greedgardell#GEM,30,1,1548,1548,252,false,2022-10-22 04:06:50+00,2025-10-11 22:03:58.760399+00,2025-10-11 22:03:58.760399+00
44548,32,GEM Greedgardell#GEM,27,1,1526,1526,274,false,2022-10-16 03:32:04+00,2025-10-11 22:03:58.760399+00,2025-10-11 22:03:58.760399+00
44549,32,GEM Greedgardell#GEM,223,1,1489,1489,311,false,2023-12-29 23:20:09+00,2025-10-11 22:03:58.760399+00,2025-10-11 22:03:58.760399+00
44550,32,GEM Greedgardell#GEM,107,1,1384,1384,416,false,2023-07-03 15:46:16+00,2025-10-11 22:03:58.760399+00,2025-10-11 22:03:58.760399+00
44551,32,GEM Greedgardell#GEM,78,1,1267,1267,533,false,2022-11-19 01:03:43+00,2025-10-11 22:03:58.760399+00,2025-10-11 22:03:58.760399+00
44552,32,GEM Greedgardell#GEM,120,1,1134,1134,666,false,2020-06-12 21:23:54+00,2025-10-11 22:03:58.760399+00,2025-10-11 22:03:58.760399+00
44553,32,GEM Greedgardell#GEM,114,1,1127,1127,673,false,2022-10-08 01:57:35+00,2025-10-11 22:03:58.760399+00,2025-10-11 22:03:58.760399+00
44554,32,GEM Greedgardell#GEM,22,1,1117,1117,683,false,2023-07-19 22:53:54+00,2025-10-11 22:03:58.760399+00,2025-10-11 22:03:58.760399+00
44555,32,GEM Greedgardell#GEM,31,1,1053,1053,747,false,2022-11-19 00:17:38+00,2025-10-11 22:03:58.760399+00,2025-10-11 22:03:58.760399+00
44556,32,GEM Greedgardell#GEM,234,1,1052,1052,748,false,2021-02-04 17:38:14+00,2025-10-11 22:03:58.760399+00,2025-10-11 22:03:58.760399+00
44557,32,GEM Greedgardell#GEM,15,1,1048,1048,752,false,2023-07-26 00:05:02+00,2025-10-11 22:03:58.760399+00,2025-10-11 22:03:58.760399+00
44558,32,GEM Greedgardell#GEM,897,1,1032,1032,768,false,2022-11-19 01:47:33+00,2025-10-11 22:03:58.760399+00,2025-10-11 22:03:58.760399+00
44559,32,GEM Greedgardell#GEM,63,1,1016,1016,784,false,2023-07-23 22:17:49+00,2025-10-11 22:03:58.760399+00,2025-10-11 22:03:58.760399+00
44560,32,GEM Greedgardell#GEM,236,1,977,977,823,false,2022-09-24 03:28:11+00,2025-10-11 22:03:58.760399+00,2025-10-11 22:03:58.760399+00
44561,32,GEM Greedgardell#GEM,40,1,973,973,827,false,2023-07-22 23:56:57+00,2025-10-11 22:03:58.760399+00,2025-10-11 22:03:58.760399+00
44562,32,GEM Greedgardell#GEM,86,1,902,902,898,false,2022-10-23 00:38:31+00,2025-10-11 22:03:58.760399+00,2025-10-11 22:03:58.760399+00
44563,32,GEM Greedgardell#GEM,166,1,860,860,940,false,2023-06-30 00:02:35+00,2025-10-11 22:03:58.760399+00,2025-10-11 22:03:58.760399+00
44564,32,GEM Greedgardell#GEM,67,1,836,836,964,false,2023-07-22 17:24:43+00,2025-10-11 22:03:58.760399+00,2025-10-11 22:03:58.760399+00
44565,32,GEM Greedgardell#GEM,245,1,835,835,965,false,2022-10-11 16:42:18+00,2025-10-11 22:03:58.760399+00,2025-10-11 22:03:58.760399+00
44566,32,GEM Greedgardell#GEM,16,1,823,823,977,false,2023-07-23 22:43:24+00,2025-10-11 22:03:58.760399+00,2025-10-11 22:03:58.760399+00
44567,32,GEM Greedgardell#GEM,1,1,784,784,1016,false,2022-09-22 18:10:08+00,2025-10-11 22:03:58.760399+00,2025-10-11 22:03:58.760399+00
44568,32,GEM Greedgardell#GEM,555,1,763,763,1037,false,2022-07-10 01:21:22+00,2025-10-11 22:03:58.760399+00,2025-10-11 22:03:58.760399+00
44569,32,GEM Greedgardell#GEM,3,1,735,735,1065,false,2022-07-27 19:50:55+00,2025-10-11 22:03:58.760399+00,2025-10-11 22:03:58.760399+00
44570,32,GEM Greedgardell#GEM,498,1,717,717,1083,false,2022-07-10 02:30:21+00,2025-10-11 22:03:58.760399+00,2025-10-11 22:03:58.760399+00
44571,32,GEM Greedgardell#GEM,10,1,699,699,1101,false,2022-09-08 21:29:32+00,2025-10-11 22:03:58.760399+00,2025-10-11 22:03:58.760399+00
44572,32,GEM Greedgardell#GEM,43,1,698,698,1102,false,2022-09-21 00:52:30+00,2025-10-11 22:03:58.760399+00,2025-10-11 22:03:58.760399+00
44573,32,GEM Greedgardell#GEM,133,1,696,696,1104,false,2022-07-10 02:12:52+00,2025-10-11 22:03:58.760399+00,2025-10-11 22:03:58.760399+00
44574,32,GEM Greedgardell#GEM,110,1,674,674,1126,false,2022-09-23 01:45:20+00,2025-10-11 22:03:58.760399+00,2025-10-11 22:03:58.760399+00
44575,32,GEM Greedgardell#GEM,421,1,668,668,1132,false,2023-07-26 20:24:02+00,2025-10-11 22:03:58.760399+00,2025-10-11 22:03:58.760399+00
44576,32,GEM Greedgardell#GEM,55,1,647,647,1153,false,2022-09-19 02:16:20+00,2025-10-11 22:03:58.760399+00,2025-10-11 22:03:58.760399+00
44577,32,GEM Greedgardell#GEM,32,1,633,633,1167,false,2022-09-23 03:21:13+00,2025-10-11 22:03:58.760399+00,2025-10-11 22:03:58.760399+00
44578,32,GEM Greedgardell#GEM,203,1,626,626,1174,false,2023-06-30 00:30:29+00,2025-10-11 22:03:58.760399+00,2025-10-11 22:03:58.760399+00
44579,32,GEM Greedgardell#GEM,37,1,572,572,1228,false,2022-07-24 20:44:27+00,2025-10-11 22:03:58.760399+00,2025-10-11 22:03:58.760399+00
44580,32,GEM Greedgardell#GEM,96,1,496,496,1304,false,2025-03-12 23:37:07+00,2025-10-11 22:03:58.760399+00,2025-10-11 22:03:58.760399+00
44581,32,GEM Greedgardell#GEM,136,1,226,226,1574,false,2022-09-19 01:51:48+00,2025-10-11 22:03:58.760399+00,2025-10-11 22:03:58.760399+00
44582,32,GEM Greedgardell#GEM,105,1,151,151,1649,false,2022-09-23 18:52:27+00,2025-10-11 22:03:58.760399+00,2025-10-11 22:03:58.760399+00
44583,32,GEM Greedgardell#GEM,163,1,150,150,1650,false,2020-03-27 23:39:13+00,2025-10-11 22:03:58.760399+00,2025-10-11 22:03:58.760399+00
44584,32,GEM Greedgardell#GEM,420,1,138,138,1662,false,2023-12-30 23:19:00+00,2025-10-11 22:03:58.760399+00,2025-10-11 22:03:58.760399+00
44585,32,GEM Greedgardell#GEM,221,1,134,134,1666,false,2022-10-21 01:05:48+00,2025-10-11 22:03:58.760399+00,2025-10-11 22:03:58.760399+00
44586,32,GEM Greedgardell#GEM,75,1,129,129,1671,false,2023-07-26 20:02:42+00,2025-10-11 22:03:58.760399+00,2025-10-11 22:03:58.760399+00
44587,32,GEM Greedgardell#GEM,201,1,128,128,1672,false,2022-09-23 23:33:54+00,2025-10-11 22:03:58.760399+00,2025-10-11 22:03:58.760399+00
44588,32,GEM Greedgardell#GEM,57,1,118,118,1682,false,2022-09-21 23:43:48+00,2025-10-11 22:03:58.760399+00,2025-10-11 22:03:58.760399+00
44589,32,GEM Greedgardell#GEM,157,1,116,116,1684,false,2023-12-29 20:58:18+00,2025-10-11 22:03:58.760399+00,2025-10-11 22:03:58.760399+00
44590,47,GEM Lageldrynne#GEM,131,3,9222,3222,3378,false,2025-10-04 15:15:16+00,2025-10-11 22:04:00.211955+00,2025-10-23 09:19:21.465053+00
44591,47,GEM Lageldrynne#GEM,36,2,3403,1603,2597,false,2025-10-09 12:04:54+00,2025-10-11 22:04:00.211955+00,2025-10-14 01:10:48.815925+00
44592,47,GEM Lageldrynne#GEM,84,2,2715,915,3285,false,2025-10-04 16:21:26+00,2025-10-11 22:04:00.211955+00,2025-10-14 01:10:37.972276+00
44593,47,GEM Lageldrynne#GEM,16,2,2693,893,3307,false,2025-10-11 02:20:12+00,2025-10-11 22:04:00.211955+00,2025-10-11 22:04:00.211955+00
44594,47,GEM Lageldrynne#GEM,79,4,2352,552,3648,false,2025-10-10 16:44:24+00,2025-10-11 22:04:00.211955+00,2025-10-27 20:47:44.405684+00
44595,47,GEM Lageldrynne#GEM,234,1,1971,1971,-171,false,2025-10-03 23:27:31+00,2025-10-11 22:04:00.211955+00,2025-10-11 22:04:00.211955+00
44596,47,GEM Lageldrynne#GEM,800,1,1966,1966,-166,false,2025-10-08 23:27:05+00,2025-10-11 22:04:00.211955+00,2025-10-11 22:04:00.211955+00
44597,47,GEM Lageldrynne#GEM,61,2,1923,123,4077,false,2025-10-10 14:01:42+00,2025-10-11 22:04:00.211955+00,2025-10-11 22:04:00.211955+00
44598,47,GEM Lageldrynne#GEM,235,2,1621,1621,179,false,2025-10-11 01:38:24+00,2025-10-11 22:04:00.211955+00,2025-10-19 20:42:07.853309+00
44599,47,GEM Lageldrynne#GEM,136,1,1615,1615,185,false,2025-10-04 17:02:15+00,2025-10-11 22:04:00.211955+00,2025-10-14 01:10:41.156448+00
44600,47,GEM Lageldrynne#GEM,901,1,1332,1332,468,false,2025-10-07 21:51:39+00,2025-10-11 22:04:00.211955+00,2025-10-11 22:04:00.211955+00
44601,47,GEM Lageldrynne#GEM,43,2,1293,1293,507,false,2025-10-09 18:38:13+00,2025-10-11 22:04:00.211955+00,2025-10-23 09:21:19.18572+00
44602,47,GEM Lageldrynne#GEM,111,1,1249,1249,551,false,2025-10-08 21:52:48+00,2025-10-11 22:04:00.211955+00,2025-10-11 22:04:00.211955+00
44603,47,GEM Lageldrynne#GEM,133,1,1239,1239,561,false,2025-10-08 11:38:21+00,2025-10-11 22:04:00.211955+00,2025-10-11 22:04:00.211955+00
44604,47,GEM Lageldrynne#GEM,14,2,1223,1223,577,false,2025-10-11 14:46:00+00,2025-10-11 22:04:00.211955+00,2025-10-23 09:23:49.495043+00
44605,47,GEM Lageldrynne#GEM,58,1,1063,1063,737,false,2025-10-11 14:14:24+00,2025-10-11 22:04:00.211955+00,2025-10-11 22:04:00.211955+00
44606,47,GEM Lageldrynne#GEM,497,1,998,998,802,false,2025-10-11 18:53:59+00,2025-10-11 22:04:00.211955+00,2025-10-11 22:04:00.211955+00
44607,47,GEM Lageldrynne#GEM,99,1,990,990,810,false,2025-10-10 13:27:51+00,2025-10-11 22:04:00.211955+00,2025-10-11 22:04:00.211955+00
44608,47,GEM Lageldrynne#GEM,875,1,971,971,829,false,2025-10-08 22:17:36+00,2025-10-11 22:04:00.211955+00,2025-10-11 22:04:00.211955+00
44609,47,GEM Lageldrynne#GEM,3,2,965,965,835,false,2025-10-09 11:30:43+00,2025-10-11 22:04:00.211955+00,2025-10-19 20:40:51.826204+00
44610,47,GEM Lageldrynne#GEM,92,3,774,774,1026,false,2025-10-04 17:48:38+00,2025-10-11 22:04:00.211955+00,2025-10-19 20:41:53.73273+00
44611,47,GEM Lageldrynne#GEM,80,1,686,686,1114,false,2025-09-16 23:03:21+00,2025-10-11 22:04:00.211955+00,2025-10-11 22:04:00.211955+00
44612,47,GEM Lageldrynne#GEM,7,1,637,637,1163,false,2025-10-04 13:11:58+00,2025-10-11 22:04:00.211955+00,2025-10-11 22:04:00.211955+00
44613,47,GEM Lageldrynne#GEM,67,1,494,494,1306,false,2025-09-16 22:32:14+00,2025-10-11 22:04:00.211955+00,2025-10-11 22:04:00.211955+00
44614,47,GEM Lageldrynne#GEM,18,1,366,366,1434,false,2025-10-07 12:48:06+00,2025-10-11 22:04:00.211955+00,2025-10-11 22:04:00.211955+00
44615,19,GEM Damglantine#GEM,23,11,89424,2824,8176,false,2025-08-28 22:42:20+00,2025-10-11 22:04:01.817+00,2025-10-11 22:04:01.817+00
44616,19,GEM Damglantine#GEM,106,6,31476,0,11124,false,2022-09-01 04:20:38+00,2025-10-11 22:04:01.817+00,2025-10-11 22:04:01.817+00
44617,19,GEM Damglantine#GEM,236,6,31407,0,11193,false,2025-08-25 02:28:31+00,2025-10-11 22:04:01.817+00,2025-10-11 22:04:01.817+00
44618,19,GEM Damglantine#GEM,18,5,30521,8921,1079,false,2023-12-16 18:47:14+00,2025-10-11 22:04:01.817+00,2025-10-11 22:04:01.817+00
44619,19,GEM Damglantine#GEM,350,5,29137,7537,2463,false,2023-12-21 02:26:26+00,2025-10-11 22:04:01.817+00,2025-10-11 22:04:01.817+00
44620,19,GEM Damglantine#GEM,427,7,27025,0,26575,false,2022-09-25 03:20:37+00,2025-10-11 22:04:01.817+00,2025-10-11 22:04:01.817+00
44621,19,GEM Damglantine#GEM,67,5,24624,3024,6976,false,2025-03-23 20:14:23+00,2025-10-11 22:04:01.817+00,2025-10-11 22:04:01.817+00
44622,19,GEM Damglantine#GEM,120,5,24470,2870,7130,false,2022-09-25 17:05:48+00,2025-10-11 22:04:01.817+00,2025-10-11 22:04:01.817+00
44623,19,GEM Damglantine#GEM,131,4,20893,8293,707,false,2025-04-25 14:35:47+00,2025-10-11 22:04:01.817+00,2025-10-11 22:04:01.817+00
44624,19,GEM Damglantine#GEM,412,4,17582,4982,4018,false,2025-03-23 00:22:20+00,2025-10-11 22:04:01.817+00,2025-10-11 22:04:01.817+00
44625,19,GEM Damglantine#GEM,111,4,17053,4453,4547,false,2025-03-23 05:14:59+00,2025-10-11 22:04:01.817+00,2025-10-11 22:04:01.817+00
44626,19,GEM Damglantine#GEM,78,4,16598,3998,5002,false,2023-12-15 00:47:25+00,2025-10-11 22:04:01.817+00,2025-10-11 22:04:01.817+00
44627,19,GEM Damglantine#GEM,98,3,10208,4208,2392,false,2025-03-15 01:25:37+00,2025-10-11 22:04:01.817+00,2025-10-11 22:04:01.817+00
44628,19,GEM Damglantine#GEM,32,3,8874,2874,3726,false,2023-12-18 22:57:35+00,2025-10-11 22:04:01.817+00,2025-10-11 22:04:01.817+00
44629,19,GEM Damglantine#GEM,99,3,7743,1743,4857,false,2023-12-19 00:10:56+00,2025-10-11 22:04:01.817+00,2025-10-11 22:04:01.817+00
44630,19,GEM Damglantine#GEM,54,3,6888,888,5712,false,2025-08-21 05:25:46+00,2025-10-11 22:04:01.817+00,2025-10-11 22:04:01.817+00
44631,19,GEM Damglantine#GEM,51,3,6824,824,5776,false,2025-08-23 05:56:41+00,2025-10-11 22:04:01.817+00,2025-10-11 22:04:01.817+00
44632,19,GEM Damglantine#GEM,29,3,6756,756,5844,false,2025-02-21 23:40:04+00,2025-10-11 22:04:01.817+00,2025-10-11 22:04:01.817+00
44633,19,GEM Damglantine#GEM,267,3,6424,424,6176,false,2023-07-12 00:28:06+00,2025-10-11 22:04:01.817+00,2025-10-11 22:04:01.817+00
44634,19,GEM Damglantine#GEM,22,3,6368,368,6232,false,2025-08-24 21:34:31+00,2025-10-11 22:04:01.817+00,2025-10-11 22:04:01.817+00
44635,19,GEM Damglantine#GEM,222,3,6162,162,6438,false,2025-03-14 23:06:57+00,2025-10-11 22:04:01.817+00,2025-10-11 22:04:01.817+00
44636,19,GEM Damglantine#GEM,235,2,5858,4058,142,false,2025-08-23 02:47:30+00,2025-10-11 22:04:01.817+00,2025-10-11 22:04:01.817+00
44637,19,GEM Damglantine#GEM,16,2,5784,3984,216,false,2025-08-21 06:07:03+00,2025-10-11 22:04:01.817+00,2025-10-11 22:04:01.817+00
44638,19,GEM Damglantine#GEM,81,2,5412,3612,588,false,2025-03-24 03:58:56+00,2025-10-11 22:04:01.817+00,2025-10-11 22:04:01.817+00
44639,19,GEM Damglantine#GEM,777,2,5227,3427,773,false,2025-03-25 03:47:31+00,2025-10-11 22:04:01.817+00,2025-10-11 22:04:01.817+00
44640,19,GEM Damglantine#GEM,21,2,4813,3013,1187,false,2025-03-24 04:37:46+00,2025-10-11 22:04:01.817+00,2025-10-11 22:04:01.817+00
44641,19,GEM Damglantine#GEM,10,2,4779,2979,1221,false,2022-10-28 03:31:18+00,2025-10-11 22:04:01.817+00,2025-10-11 22:04:01.817+00
44642,19,GEM Damglantine#GEM,107,2,4697,2897,1303,false,2023-12-23 18:38:35+00,2025-10-11 22:04:01.817+00,2025-10-11 22:04:01.817+00
44643,19,GEM Damglantine#GEM,79,2,4662,2862,1338,false,2025-08-18 04:53:30+00,2025-10-11 22:04:01.817+00,2025-10-11 22:04:01.817+00
44644,19,GEM Damglantine#GEM,201,2,4361,2561,1639,false,2025-08-23 03:17:00+00,2025-10-11 22:04:01.817+00,2025-10-11 22:04:01.817+00
44645,19,GEM Damglantine#GEM,133,2,4210,2410,1790,false,2023-07-19 23:43:37+00,2025-10-11 22:04:01.817+00,2025-10-11 22:04:01.817+00
44646,19,GEM Damglantine#GEM,91,2,4200,2400,1800,false,2025-08-28 23:13:22+00,2025-10-11 22:04:01.817+00,2025-10-11 22:04:01.817+00
44647,19,GEM Damglantine#GEM,12,2,4071,2271,1929,false,2023-08-06 20:24:52+00,2025-10-11 22:04:01.817+00,2025-10-11 22:04:01.817+00
44648,19,GEM Damglantine#GEM,31,2,3840,2040,2160,false,2025-03-24 00:06:06+00,2025-10-11 22:04:01.817+00,2025-10-11 22:04:01.817+00
44649,19,GEM Damglantine#GEM,1,2,3725,1925,2275,false,2023-08-06 21:43:15+00,2025-10-11 22:04:01.817+00,2025-10-11 22:04:01.817+00
44650,19,GEM Damglantine#GEM,43,2,3688,1888,2312,false,2022-09-24 02:41:55+00,2025-10-11 22:04:01.817+00,2025-10-11 22:04:01.817+00
44651,19,GEM Damglantine#GEM,48,2,3593,1793,2407,false,2025-10-01 23:57:37+00,2025-10-11 22:04:01.817+00,2025-10-11 22:04:01.817+00
44652,19,GEM Damglantine#GEM,15,2,3584,1784,2416,false,2025-08-18 03:55:42+00,2025-10-11 22:04:01.817+00,2025-10-11 22:04:01.817+00
44653,19,GEM Damglantine#GEM,86,2,3182,1382,2818,false,2022-10-22 22:18:15+00,2025-10-11 22:04:01.817+00,2025-10-11 22:04:01.817+00
44654,19,GEM Damglantine#GEM,4,2,2753,953,3247,false,2023-07-13 23:11:48+00,2025-10-11 22:04:01.817+00,2025-10-11 22:04:01.817+00
44655,19,GEM Damglantine#GEM,83,2,2711,911,3289,false,2025-03-23 07:01:08+00,2025-10-11 22:04:01.817+00,2025-10-11 22:04:01.817+00
44656,19,GEM Damglantine#GEM,30,2,2676,876,3324,false,2025-03-22 23:42:01+00,2025-10-11 22:04:01.817+00,2025-10-11 22:04:01.817+00
44657,19,GEM Damglantine#GEM,25,2,2506,706,3494,false,2022-09-24 02:06:38+00,2025-10-11 22:04:01.817+00,2025-10-11 22:04:01.817+00
44658,19,GEM Damglantine#GEM,90,2,2212,412,3788,false,2025-08-21 04:18:24+00,2025-10-11 22:04:01.817+00,2025-10-11 22:04:01.817+00
44659,19,GEM Damglantine#GEM,2,2,2053,253,3947,false,2020-03-24 00:26:54+00,2025-10-11 22:04:01.817+00,2025-10-11 22:04:01.817+00
44660,19,GEM Damglantine#GEM,89,2,1996,196,4004,false,2023-12-03 16:13:43+00,2025-10-11 22:04:01.817+00,2025-10-11 22:04:01.817+00
44661,19,GEM Damglantine#GEM,19,2,1939,139,4061,false,2022-09-04 03:30:38+00,2025-10-11 22:04:01.817+00,2025-10-11 22:04:01.817+00
44662,19,GEM Damglantine#GEM,42,1,1774,1774,26,false,2025-03-23 23:11:22+00,2025-10-11 22:04:01.817+00,2025-10-11 22:04:01.817+00
44663,19,GEM Damglantine#GEM,57,1,1594,1594,206,false,2022-09-25 01:16:43+00,2025-10-11 22:04:01.817+00,2025-10-11 22:04:01.817+00
44664,19,GEM Damglantine#GEM,76,1,1581,1581,219,false,2023-07-20 00:12:06+00,2025-10-11 22:04:01.817+00,2025-10-11 22:04:01.817+00
44665,19,GEM Damglantine#GEM,202,1,1580,1580,220,false,2025-08-23 05:24:46+00,2025-10-11 22:04:01.817+00,2025-10-11 22:04:01.817+00
44666,19,GEM Damglantine#GEM,240,1,1573,1573,227,false,2020-04-12 22:55:05+00,2025-10-11 22:04:01.817+00,2025-10-11 22:04:01.817+00
44667,19,GEM Damglantine#GEM,59,1,1565,1565,235,false,2025-03-23 01:42:15+00,2025-10-11 22:04:01.817+00,2025-10-11 22:04:01.817+00
44668,19,GEM Damglantine#GEM,268,1,1422,1422,378,false,2020-03-22 17:58:39+00,2025-10-11 22:04:01.817+00,2025-10-11 22:04:01.817+00
44669,19,GEM Damglantine#GEM,157,1,1372,1372,428,false,2025-03-25 04:24:38+00,2025-10-11 22:04:01.817+00,2025-10-11 22:04:01.817+00
44670,19,GEM Damglantine#GEM,117,1,1312,1312,488,false,2022-07-11 23:47:24+00,2025-10-11 22:04:01.817+00,2025-10-11 22:04:01.817+00
44671,19,GEM Damglantine#GEM,897,1,984,984,816,false,2025-08-23 04:39:37+00,2025-10-11 22:04:01.817+00,2025-10-11 22:04:01.817+00
44672,19,GEM Damglantine#GEM,53,1,955,955,845,false,2020-03-22 23:51:54+00,2025-10-11 22:04:01.817+00,2025-10-11 22:04:01.817+00
44673,19,GEM Damglantine#GEM,24,1,935,935,865,false,2025-03-23 08:41:11+00,2025-10-11 22:04:01.817+00,2025-10-11 22:04:01.817+00
44674,19,GEM Damglantine#GEM,115,1,922,922,878,false,2025-04-22 21:35:58+00,2025-10-11 22:04:01.817+00,2025-10-11 22:04:01.817+00
44675,19,GEM Damglantine#GEM,517,1,821,821,979,false,2025-03-25 03:00:46+00,2025-10-11 22:04:01.817+00,2025-10-11 22:04:01.817+00
44676,19,GEM Damglantine#GEM,432,1,761,761,1039,false,2023-07-11 03:25:06+00,2025-10-11 22:04:01.817+00,2025-10-11 22:04:01.817+00
44677,19,GEM Damglantine#GEM,105,1,734,734,1066,false,2025-04-20 02:43:49+00,2025-10-11 22:04:01.817+00,2025-10-11 22:04:01.817+00
44678,19,GEM Damglantine#GEM,64,1,717,717,1083,false,2023-07-13 18:18:30+00,2025-10-11 22:04:01.817+00,2025-10-11 22:04:01.817+00
44679,19,GEM Damglantine#GEM,17,1,598,598,1202,false,2025-08-24 22:07:08+00,2025-10-11 22:04:01.817+00,2025-10-11 22:04:01.817+00
44680,19,GEM Damglantine#GEM,13,1,594,594,1206,false,2022-08-21 20:13:22+00,2025-10-11 22:04:01.817+00,2025-10-11 22:04:01.817+00
44681,19,GEM Damglantine#GEM,103,1,592,592,1208,false,2022-09-03 04:07:26+00,2025-10-11 22:04:01.817+00,2025-10-11 22:04:01.817+00
44682,19,GEM Damglantine#GEM,238,1,589,589,1211,false,2022-09-25 16:17:06+00,2025-10-11 22:04:01.817+00,2025-10-11 22:04:01.817+00
44683,19,GEM Damglantine#GEM,28,1,576,576,1224,false,2025-08-23 01:44:48+00,2025-10-11 22:04:01.817+00,2025-10-11 22:04:01.817+00
44684,19,GEM Damglantine#GEM,119,1,569,569,1231,false,2022-07-11 21:01:20+00,2025-10-11 22:04:01.817+00,2025-10-11 22:04:01.817+00
44685,19,GEM Damglantine#GEM,34,1,531,531,1269,false,2025-02-22 02:28:16+00,2025-10-11 22:04:01.817+00,2025-10-11 22:04:01.817+00
44686,19,GEM Damglantine#GEM,245,1,323,323,1477,false,2023-08-14 21:21:22+00,2025-10-11 22:04:01.817+00,2025-10-11 22:04:01.817+00
44687,19,GEM Damglantine#GEM,234,1,292,292,1508,false,2021-02-08 01:25:34+00,2025-10-11 22:04:01.817+00,2025-10-11 22:04:01.817+00
44688,19,GEM Damglantine#GEM,154,1,282,282,1518,false,2020-03-22 22:11:58+00,2025-10-11 22:04:01.817+00,2025-10-11 22:04:01.817+00
44689,19,GEM Damglantine#GEM,39,1,239,239,1561,false,2022-09-24 03:28:11+00,2025-10-11 22:04:01.817+00,2025-10-11 22:04:01.817+00
44690,19,GEM Damglantine#GEM,40,1,177,177,1623,false,2023-12-20 00:47:08+00,2025-10-11 22:04:01.817+00,2025-10-11 22:04:01.817+00
44691,19,GEM Damglantine#GEM,141,1,143,143,1657,false,2020-03-22 01:54:07+00,2025-10-11 22:04:01.817+00,2025-10-11 22:04:01.817+00
44692,19,GEM Damglantine#GEM,37,1,143,143,1657,false,2023-08-06 22:09:36+00,2025-10-11 22:04:01.817+00,2025-10-11 22:04:01.817+00
44693,19,GEM Damglantine#GEM,360,1,140,140,1660,false,2022-05-19 14:52:28+00,2025-10-11 22:04:01.817+00,2025-10-11 22:04:01.817+00
44694,19,GEM Damglantine#GEM,147,1,134,134,1666,false,2023-08-06 21:17:18+00,2025-10-11 22:04:01.817+00,2025-10-11 22:04:01.817+00
44695,19,GEM Damglantine#GEM,126,1,125,125,1675,false,2022-09-25 15:07:35+00,2025-10-11 22:04:01.817+00,2025-10-11 22:04:01.817+00
44696,19,GEM Damglantine#GEM,55,1,118,118,1682,false,2022-09-21 23:43:48+00,2025-10-11 22:04:01.817+00,2025-10-11 22:04:01.817+00
44697,19,GEM Damglantine#GEM,92,1,116,116,1684,false,2023-07-12 20:29:04+00,2025-10-11 22:04:01.817+00,2025-10-11 22:04:01.817+00
44698,19,GEM Damglantine#GEM,45,1,116,116,1684,false,2022-09-25 01:40:51+00,2025-10-11 22:04:01.817+00,2025-10-11 22:04:01.817+00
44699,19,GEM Damglantine#GEM,36,1,110,110,1690,false,2022-06-15 00:26:35+00,2025-10-11 22:04:01.817+00,2025-10-11 22:04:01.817+00
44700,19,GEM Damglantine#GEM,102,1,109,109,1691,false,2022-07-11 21:22:49+00,2025-10-11 22:04:01.817+00,2025-10-11 22:04:01.817+00
44701,19,GEM Damglantine#GEM,266,1,106,106,1694,false,2022-10-22 21:52:45+00,2025-10-11 22:04:01.817+00,2025-10-11 22:04:01.817+00
44702,19,GEM Damglantine#GEM,61,1,99,99,1701,false,2023-07-18 22:25:01+00,2025-10-11 22:04:01.817+00,2025-10-11 22:04:01.817+00
44703,19,GEM Damglantine#GEM,516,1,97,97,1703,false,2022-09-25 17:22:20+00,2025-10-11 22:04:01.817+00,2025-10-11 22:04:01.817+00
44704,31,GEM Gallilessya#GEM,23,8,57463,3863,7137,false,2025-05-14 21:45:44+00,2025-10-11 22:04:18.7827+00,2025-10-11 22:04:18.7827+00
44705,31,GEM Gallilessya#GEM,64,3,9535,3535,3065,false,2025-03-15 16:04:02+00,2025-10-11 22:04:18.7827+00,2025-10-11 22:04:18.7827+00
44706,31,GEM Gallilessya#GEM,412,3,9480,3480,3120,false,2025-02-22 20:13:31+00,2025-10-11 22:04:18.7827+00,2025-10-11 22:04:18.7827+00
44707,31,GEM Gallilessya#GEM,89,3,8864,2864,3736,false,2025-04-27 01:42:38+00,2025-10-11 22:04:18.7827+00,2025-10-11 22:04:18.7827+00
44708,31,GEM Gallilessya#GEM,96,3,7562,1562,5038,false,2025-04-20 01:24:51+00,2025-10-11 22:04:18.7827+00,2025-10-11 22:04:18.7827+00
44709,31,GEM Gallilessya#GEM,32,3,7024,1024,5576,false,2025-02-21 21:54:15+00,2025-10-11 22:04:18.7827+00,2025-10-11 22:04:18.7827+00
44710,31,GEM Gallilessya#GEM,18,3,6023,23,6577,false,2025-04-19 12:30:40+00,2025-10-11 22:04:18.7827+00,2025-10-11 22:04:18.7827+00
44711,31,GEM Gallilessya#GEM,63,2,4720,2920,1280,false,2025-04-24 23:57:37+00,2025-10-11 22:04:18.7827+00,2025-10-11 22:04:18.7827+00
44712,31,GEM Gallilessya#GEM,51,2,4714,2914,1286,false,2025-04-20 00:35:34+00,2025-10-11 22:04:18.7827+00,2025-10-11 22:04:18.7827+00
44713,31,GEM Gallilessya#GEM,350,2,3972,2172,2028,false,2025-04-21 15:56:17+00,2025-10-11 22:04:18.7827+00,2025-10-11 22:04:18.7827+00
44714,31,GEM Gallilessya#GEM,103,2,3362,1562,2638,false,2025-04-26 12:12:16+00,2025-10-11 22:04:18.7827+00,2025-10-11 22:04:18.7827+00
44715,31,GEM Gallilessya#GEM,21,2,3078,1278,2922,false,2025-04-20 02:13:20+00,2025-10-11 22:04:18.7827+00,2025-10-11 22:04:18.7827+00
44716,31,GEM Gallilessya#GEM,31,2,3043,1243,2957,false,2025-04-19 02:09:42+00,2025-10-11 22:04:18.7827+00,2025-10-11 22:04:18.7827+00
44717,31,GEM Gallilessya#GEM,61,2,3002,1202,2998,false,2025-02-28 01:57:59+00,2025-10-11 22:04:18.7827+00,2025-10-11 22:04:18.7827+00
44718,31,GEM Gallilessya#GEM,145,4,2769,969,3231,false,2023-10-31 17:59:51+00,2025-10-11 22:04:18.7827+00,2025-10-26 08:35:45.603749+00
44719,31,GEM Gallilessya#GEM,223,2,2572,772,3428,false,2025-02-16 17:07:57+00,2025-10-11 22:04:18.7827+00,2025-10-11 22:04:18.7827+00
44720,31,GEM Gallilessya#GEM,15,2,2436,636,3564,false,2023-11-02 18:54:12+00,2025-10-11 22:04:18.7827+00,2025-10-11 22:04:18.7827+00
44721,31,GEM Gallilessya#GEM,161,2,2224,424,3776,false,2025-04-26 12:56:56+00,2025-10-11 22:04:18.7827+00,2025-10-11 22:04:18.7827+00
44722,31,GEM Gallilessya#GEM,29,2,2110,310,3890,false,2025-04-20 00:51:56+00,2025-10-11 22:04:18.7827+00,2025-10-11 22:04:18.7827+00
44723,31,GEM Gallilessya#GEM,245,2,2083,283,3917,false,2025-04-27 03:30:54+00,2025-10-11 22:04:18.7827+00,2025-10-11 22:04:18.7827+00
44724,31,GEM Gallilessya#GEM,246,1,1791,1791,9,false,2023-12-04 01:27:43+00,2025-10-11 22:04:18.7827+00,2025-10-11 22:04:18.7827+00
44725,31,GEM Gallilessya#GEM,1,1,1766,1766,34,false,2025-02-24 23:07:11+00,2025-10-11 22:04:18.7827+00,2025-10-11 22:04:18.7827+00
44726,31,GEM Gallilessya#GEM,122,1,1707,1707,93,false,2025-05-12 12:24:35+00,2025-10-11 22:04:18.7827+00,2025-10-11 22:04:18.7827+00
44727,31,GEM Gallilessya#GEM,111,1,1455,1455,345,false,2025-04-26 11:51:38+00,2025-10-11 22:04:18.7827+00,2025-10-11 22:04:18.7827+00
44728,31,GEM Gallilessya#GEM,99,1,1447,1447,353,false,2025-02-16 17:48:02+00,2025-10-11 22:04:18.7827+00,2025-10-11 22:04:18.7827+00
44729,31,GEM Gallilessya#GEM,497,1,1385,1385,415,false,2025-04-27 02:15:46+00,2025-10-11 22:04:18.7827+00,2025-10-11 22:04:18.7827+00
44730,31,GEM Gallilessya#GEM,711,1,1364,1364,436,false,2025-04-20 02:49:55+00,2025-10-11 22:04:18.7827+00,2025-10-11 22:04:18.7827+00
44731,31,GEM Gallilessya#GEM,84,1,1234,1234,566,false,2023-10-29 18:05:05+00,2025-10-11 22:04:18.7827+00,2025-10-11 22:04:18.7827+00
44732,31,GEM Gallilessya#GEM,9,1,1197,1197,603,false,2025-04-25 17:52:07+00,2025-10-11 22:04:18.7827+00,2025-10-11 22:04:18.7827+00
44733,31,GEM Gallilessya#GEM,36,1,1100,1100,700,false,2025-04-25 18:34:39+00,2025-10-11 22:04:18.7827+00,2025-10-11 22:04:18.7827+00
44734,31,GEM Gallilessya#GEM,4,1,1017,1017,783,false,2025-04-20 01:44:39+00,2025-10-11 22:04:18.7827+00,2025-10-11 22:04:18.7827+00
44735,31,GEM Gallilessya#GEM,81,2,999,999,801,false,2025-02-26 22:09:23+00,2025-10-11 22:04:18.7827+00,2025-10-26 08:43:05.924584+00
44736,31,GEM Gallilessya#GEM,59,1,948,948,852,false,2025-02-24 22:24:18+00,2025-10-11 22:04:18.7827+00,2025-10-11 22:04:18.7827+00
44737,31,GEM Gallilessya#GEM,82,1,917,917,883,false,2023-10-30 19:57:43+00,2025-10-11 22:04:18.7827+00,2025-10-11 22:04:18.7827+00
44738,31,GEM Gallilessya#GEM,78,1,833,833,967,false,2025-04-19 02:54:01+00,2025-10-11 22:04:18.7827+00,2025-10-11 22:04:18.7827+00
44739,31,GEM Gallilessya#GEM,86,1,802,802,998,false,2025-05-04 20:42:34+00,2025-10-11 22:04:18.7827+00,2025-10-11 22:04:18.7827+00
44740,31,GEM Gallilessya#GEM,222,1,800,800,1000,false,2023-11-01 23:10:10+00,2025-10-11 22:04:18.7827+00,2025-10-11 22:04:18.7827+00
44741,31,GEM Gallilessya#GEM,80,1,787,787,1013,false,2025-02-20 23:00:48+00,2025-10-11 22:04:18.7827+00,2025-10-11 22:04:18.7827+00
44742,31,GEM Gallilessya#GEM,893,1,737,737,1063,false,2025-02-21 23:00:07+00,2025-10-11 22:04:18.7827+00,2025-10-11 22:04:18.7827+00
44743,31,GEM Gallilessya#GEM,150,1,658,658,1142,false,2025-02-16 18:39:27+00,2025-10-11 22:04:18.7827+00,2025-10-11 22:04:18.7827+00
44744,31,GEM Gallilessya#GEM,498,1,651,651,1149,false,2023-10-30 05:48:50+00,2025-10-11 22:04:18.7827+00,2025-10-11 22:04:18.7827+00
44745,31,GEM Gallilessya#GEM,110,1,604,604,1196,false,2025-10-07 15:24:23+00,2025-10-11 22:04:18.7827+00,2025-10-11 22:04:18.7827+00
44746,31,GEM Gallilessya#GEM,113,1,590,590,1210,false,2025-04-25 15:51:29+00,2025-10-11 22:04:18.7827+00,2025-10-11 22:04:18.7827+00
44747,31,GEM Gallilessya#GEM,25,1,496,496,1304,false,2025-02-21 20:53:36+00,2025-10-11 22:04:18.7827+00,2025-10-11 22:04:18.7827+00
44748,31,GEM Gallilessya#GEM,7,1,491,491,1309,false,2025-02-25 21:05:49+00,2025-10-11 22:04:18.7827+00,2025-10-11 22:04:18.7827+00
44749,31,GEM Gallilessya#GEM,30,1,470,470,1330,false,2025-02-25 20:41:23+00,2025-10-11 22:04:18.7827+00,2025-10-11 22:04:18.7827+00
44750,31,GEM Gallilessya#GEM,115,1,440,440,1360,false,2023-11-02 15:33:52+00,2025-10-11 22:04:18.7827+00,2025-10-11 22:04:18.7827+00
44751,31,GEM Gallilessya#GEM,234,1,251,251,1549,false,2023-12-01 23:49:38+00,2025-10-11 22:04:18.7827+00,2025-10-11 22:04:18.7827+00
44752,31,GEM Gallilessya#GEM,121,1,215,215,1585,false,2023-12-04 00:57:00+00,2025-10-11 22:04:18.7827+00,2025-10-11 22:04:18.7827+00
44753,31,GEM Gallilessya#GEM,62,1,193,193,1607,false,2023-12-14 00:45:49+00,2025-10-11 22:04:18.7827+00,2025-10-11 22:04:18.7827+00
44754,31,GEM Gallilessya#GEM,131,1,170,170,1630,false,2023-10-31 20:24:54+00,2025-10-11 22:04:18.7827+00,2025-10-11 22:04:18.7827+00
44755,31,GEM Gallilessya#GEM,43,1,82,82,1718,false,2023-11-02 18:18:22+00,2025-10-11 22:04:18.7827+00,2025-10-11 22:04:18.7827+00
44756,41,GEM Religerness#GEM,432,7,48471,5871,5129,false,2025-09-03 17:17:23+00,2025-10-11 22:04:20.289987+00,2025-10-11 22:04:20.289987+00
44757,41,GEM Religerness#GEM,143,4,19975,7375,1625,false,2025-08-18 02:43:20+00,2025-10-11 22:04:20.289987+00,2025-10-11 22:04:20.289987+00
44758,41,GEM Religerness#GEM,902,4,15247,2647,6353,false,2025-08-17 18:33:56+00,2025-10-11 22:04:20.289987+00,2025-10-11 22:04:20.289987+00
44759,41,GEM Religerness#GEM,245,3,8383,2383,4217,false,2025-08-16 21:33:35+00,2025-10-11 22:04:20.289987+00,2025-10-11 22:04:20.289987+00
44760,41,GEM Religerness#GEM,497,3,7327,1327,5273,false,2025-09-04 19:31:05+00,2025-10-11 22:04:20.289987+00,2025-10-11 22:04:20.289987+00
44761,41,GEM Religerness#GEM,29,2,2474,674,3526,false,2025-09-11 01:54:17+00,2025-10-11 22:04:20.289987+00,2025-10-11 22:04:20.289987+00
44762,41,GEM Religerness#GEM,8,2,2130,330,3870,false,2025-08-11 02:42:21+00,2025-10-11 22:04:20.289987+00,2025-10-11 22:04:20.289987+00
44763,41,GEM Religerness#GEM,56,1,1615,1615,185,false,2025-08-17 23:02:20+00,2025-10-11 22:04:20.289987+00,2025-10-11 22:04:20.289987+00
44764,41,GEM Religerness#GEM,555,1,1461,1461,339,false,2025-08-17 21:50:15+00,2025-10-11 22:04:20.289987+00,2025-10-11 22:04:20.289987+00
44765,41,GEM Religerness#GEM,103,1,1324,1324,476,false,2025-08-18 03:15:18+00,2025-10-11 22:04:20.289987+00,2025-10-11 22:04:20.289987+00
44766,41,GEM Religerness#GEM,81,1,1319,1319,481,false,2025-08-16 21:52:11+00,2025-10-11 22:04:20.289987+00,2025-10-11 22:04:20.289987+00
44767,41,GEM Religerness#GEM,804,1,1294,1294,506,false,2025-08-15 00:04:27+00,2025-10-11 22:04:20.289987+00,2025-10-11 22:04:20.289987+00
44768,41,GEM Religerness#GEM,78,1,1243,1243,557,false,2025-08-16 19:14:00+00,2025-10-11 22:04:20.289987+00,2025-10-11 22:04:20.289987+00
44769,41,GEM Religerness#GEM,234,1,1214,1214,586,false,2025-08-14 22:56:25+00,2025-10-11 22:04:20.289987+00,2025-10-11 22:04:20.289987+00
44770,41,GEM Religerness#GEM,901,1,1171,1171,629,false,2025-08-15 00:32:01+00,2025-10-11 22:04:20.289987+00,2025-10-11 22:04:20.289987+00
44771,41,GEM Religerness#GEM,4,1,1142,1142,658,false,2025-08-15 01:13:56+00,2025-10-11 22:04:20.289987+00,2025-10-11 22:04:20.289987+00
44772,41,GEM Religerness#GEM,498,1,1113,1113,687,false,2025-08-14 23:37:28+00,2025-10-11 22:04:20.289987+00,2025-10-11 22:04:20.289987+00
44773,41,GEM Religerness#GEM,7,1,1029,1029,771,false,2025-08-14 22:08:20+00,2025-10-11 22:04:20.289987+00,2025-10-11 22:04:20.289987+00
44774,41,GEM Religerness#GEM,1,1,924,924,876,false,2025-08-16 21:11:29+00,2025-10-11 22:04:20.289987+00,2025-10-11 22:04:20.289987+00
44775,41,GEM Religerness#GEM,12,1,824,824,976,false,2025-08-17 23:20:58+00,2025-10-11 22:04:20.289987+00,2025-10-11 22:04:20.289987+00
44776,41,GEM Religerness#GEM,43,1,803,803,997,false,2025-08-12 23:58:11+00,2025-10-11 22:04:20.289987+00,2025-10-11 22:04:20.289987+00
44777,41,GEM Religerness#GEM,99,1,794,794,1006,false,2025-08-13 14:40:59+00,2025-10-11 22:04:20.289987+00,2025-10-11 22:04:20.289987+00
44778,41,GEM Religerness#GEM,111,1,675,675,1125,false,2025-08-16 02:05:41+00,2025-10-11 22:04:20.289987+00,2025-10-11 22:04:20.289987+00
44779,41,GEM Religerness#GEM,201,1,560,560,1240,false,2025-08-15 13:09:32+00,2025-10-11 22:04:20.289987+00,2025-10-11 22:04:20.289987+00
44780,41,GEM Religerness#GEM,26,1,545,545,1255,false,2025-08-17 22:16:44+00,2025-10-11 22:04:20.289987+00,2025-10-11 22:04:20.289987+00
44781,41,GEM Religerness#GEM,112,1,454,454,1346,false,2025-08-09 21:14:25+00,2025-10-11 22:04:20.289987+00,2025-10-11 22:04:20.289987+00
44782,41,GEM Religerness#GEM,254,1,210,210,1590,false,2025-08-09 17:38:27+00,2025-10-11 22:04:20.289987+00,2025-10-11 22:04:20.289987+00
44783,41,GEM Religerness#GEM,110,1,186,186,1614,false,2025-08-09 17:59:14+00,2025-10-11 22:04:20.289987+00,2025-10-11 22:04:20.289987+00
44784,41,GEM Religerness#GEM,875,1,68,68,1732,false,2025-08-09 16:58:21+00,2025-10-11 22:04:20.289987+00,2025-10-11 22:04:20.289987+00
44785,43,GEM Gliecernice#GEM,22,3,10660,4660,1940,false,2025-08-19 12:13:01+00,2025-10-11 22:04:38.220636+00,2025-10-11 22:04:38.220636+00
44786,43,GEM Gliecernice#GEM,145,3,8412,2412,4188,false,2025-08-22 23:46:57+00,2025-10-11 22:04:38.220636+00,2025-10-11 22:04:38.220636+00
44787,43,GEM Gliecernice#GEM,523,5,5873,4073,127,false,2025-08-29 18:03:02+00,2025-10-11 22:04:38.220636+00,2025-12-11 03:09:32.941903+00
44788,43,GEM Gliecernice#GEM,51,4,5351,3551,649,false,2025-08-23 21:48:17+00,2025-10-11 22:04:38.220636+00,2025-11-17 02:47:43.708294+00
44789,43,GEM Gliecernice#GEM,804,2,5164,3364,836,false,2025-08-16 00:52:42+00,2025-10-11 22:04:38.220636+00,2025-10-11 22:04:38.220636+00
44790,43,GEM Gliecernice#GEM,67,4,4690,2890,1310,false,2025-08-18 13:50:04+00,2025-10-11 22:04:38.220636+00,2025-10-25 00:58:57.610945+00
44791,43,GEM Gliecernice#GEM,64,2,2334,534,3666,false,2025-10-03 22:12:57+00,2025-10-11 22:04:38.220636+00,2025-10-11 22:04:38.220636+00
44792,43,GEM Gliecernice#GEM,86,2,1917,117,4083,false,2025-08-17 01:50:52+00,2025-10-11 22:04:38.220636+00,2025-10-11 22:04:38.220636+00
44793,43,GEM Gliecernice#GEM,18,2,1476,1476,324,false,2025-08-19 17:59:58+00,2025-10-11 22:04:38.220636+00,2025-10-17 02:23:06.93821+00
44794,43,GEM Gliecernice#GEM,238,1,589,589,1211,false,2025-08-22 23:31:06+00,2025-10-11 22:04:38.220636+00,2025-10-11 22:04:38.220636+00
44795,43,GEM Gliecernice#GEM,236,2,484,484,1316,false,2025-08-19 10:56:58+00,2025-10-11 22:04:38.220636+00,2025-11-03 13:17:11.842276+00
44796,5,GEM Orzyadhere#LAS,254,8,61639,8039,2961,false,2023-02-01 02:44:46+00,2025-10-11 22:04:39.802145+00,2025-10-11 22:04:39.802145+00
44797,5,GEM Orzyadhere#LAS,29,4,18991,6391,2609,false,2025-07-03 23:27:40+00,2025-10-11 22:04:39.802145+00,2025-10-11 22:04:39.802145+00
44798,5,GEM Orzyadhere#LAS,51,4,18417,5817,3183,false,2025-07-04 00:01:31+00,2025-10-11 22:04:39.802145+00,2025-10-11 22:04:39.802145+00
44799,5,GEM Orzyadhere#LAS,59,4,18226,5626,3374,false,2025-03-29 02:48:41+00,2025-10-11 22:04:39.802145+00,2025-10-11 22:04:39.802145+00
44800,5,GEM Orzyadhere#LAS,22,4,16753,4153,4847,false,2025-07-09 00:58:47+00,2025-10-11 22:04:39.802145+00,2025-10-11 22:04:39.802145+00
44801,5,GEM Orzyadhere#LAS,267,4,13850,1250,7750,false,2025-02-18 03:31:01+00,2025-10-11 22:04:39.802145+00,2025-10-11 22:04:39.802145+00
44802,5,GEM Orzyadhere#LAS,350,4,13405,805,8195,false,2025-03-11 12:21:47+00,2025-10-11 22:04:39.802145+00,2025-10-11 22:04:39.802145+00
44803,5,GEM Orzyadhere#LAS,203,4,12600,0,9000,false,2021-04-15 10:05:33+00,2025-10-11 22:04:39.802145+00,2025-10-11 22:04:39.802145+00
44804,5,GEM Orzyadhere#LAS,20,3,12525,6525,75,false,2021-12-21 03:50:32+00,2025-10-11 22:04:39.802145+00,2025-10-11 22:04:39.802145+00
44805,5,GEM Orzyadhere#LAS,36,3,12328,6328,272,false,2022-06-09 03:48:31+00,2025-10-11 22:04:39.802145+00,2025-10-11 22:04:39.802145+00
44806,5,GEM Orzyadhere#LAS,89,3,10691,4691,1909,false,2022-10-08 01:24:27+00,2025-10-11 22:04:39.802145+00,2025-10-11 22:04:39.802145+00
44807,5,GEM Orzyadhere#LAS,107,3,9747,3747,2853,false,2023-12-04 18:15:59+00,2025-10-11 22:04:39.802145+00,2025-10-11 22:04:39.802145+00
44808,5,GEM Orzyadhere#LAS,21,3,9425,3425,3175,false,2023-08-06 17:19:02+00,2025-10-11 22:04:39.802145+00,2025-10-11 22:04:39.802145+00
44809,5,GEM Orzyadhere#LAS,63,3,8787,2787,3813,false,2025-07-19 19:38:18+00,2025-10-11 22:04:39.802145+00,2025-10-11 22:04:39.802145+00
44810,5,GEM Orzyadhere#LAS,7,3,8671,2671,3929,false,2025-09-11 23:39:32+00,2025-10-11 22:04:39.802145+00,2025-10-11 22:04:39.802145+00
44811,5,GEM Orzyadhere#LAS,121,3,8273,2273,4327,false,2021-04-05 03:59:30+00,2025-10-11 22:04:39.802145+00,2025-10-11 22:04:39.802145+00
44812,5,GEM Orzyadhere#LAS,223,3,7946,1946,4654,false,2025-02-15 20:30:48+00,2025-10-11 22:04:39.802145+00,2025-10-11 22:04:39.802145+00
44813,5,GEM Orzyadhere#LAS,9,3,7638,1638,4962,false,2025-03-29 03:11:35+00,2025-10-11 22:04:39.802145+00,2025-10-11 22:04:39.802145+00
44814,5,GEM Orzyadhere#LAS,32,3,7457,1457,5143,false,2023-01-29 22:56:05+00,2025-10-11 22:04:39.802145+00,2025-10-11 22:04:39.802145+00
44815,5,GEM Orzyadhere#LAS,4,3,7151,1151,5449,false,2025-09-15 23:32:40+00,2025-10-11 22:04:39.802145+00,2025-10-11 22:04:39.802145+00
44816,5,GEM Orzyadhere#LAS,18,3,6972,972,5628,false,2023-10-16 23:33:24+00,2025-10-11 22:04:39.802145+00,2025-10-11 22:04:39.802145+00
44817,5,GEM Orzyadhere#LAS,38,3,6380,380,6220,false,2025-03-31 00:23:31+00,2025-10-11 22:04:39.802145+00,2025-10-11 22:04:39.802145+00
44818,5,GEM Orzyadhere#LAS,43,2,5515,3715,485,false,2025-02-20 03:42:55+00,2025-10-11 22:04:39.802145+00,2025-10-11 22:04:39.802145+00
44819,5,GEM Orzyadhere#LAS,222,3,5327,3527,673,false,2025-07-10 00:36:30+00,2025-10-11 22:04:39.802145+00,2025-10-19 17:13:27.813945+00
44820,5,GEM Orzyadhere#LAS,145,2,5249,3449,751,false,2025-07-10 01:13:51+00,2025-10-11 22:04:39.802145+00,2025-10-11 22:04:39.802145+00
44821,5,GEM Orzyadhere#LAS,103,2,3989,2189,2011,false,2025-07-11 01:20:07+00,2025-10-11 22:04:39.802145+00,2025-10-11 22:04:39.802145+00
44822,5,GEM Orzyadhere#LAS,154,2,3810,2010,2190,false,2021-04-13 02:49:37+00,2025-10-11 22:04:39.802145+00,2025-10-11 22:04:39.802145+00
44823,5,GEM Orzyadhere#LAS,126,2,3705,1905,2295,false,2022-07-12 23:14:38+00,2025-10-11 22:04:39.802145+00,2025-10-11 22:04:39.802145+00
44824,5,GEM Orzyadhere#LAS,64,2,3461,1661,2539,false,2025-07-22 00:56:23+00,2025-10-11 22:04:39.802145+00,2025-10-11 22:04:39.802145+00
44825,5,GEM Orzyadhere#LAS,238,2,3386,1586,2614,false,2025-10-11 02:46:52+00,2025-10-11 22:04:39.802145+00,2025-10-11 22:04:39.802145+00
44826,5,GEM Orzyadhere#LAS,412,2,3322,1522,2678,false,2025-07-18 20:20:36+00,2025-10-11 22:04:39.802145+00,2025-10-11 22:04:39.802145+00
44827,5,GEM Orzyadhere#LAS,518,2,3224,1424,2776,false,2021-11-25 23:55:48+00,2025-10-11 22:04:39.802145+00,2025-10-11 22:04:39.802145+00
44828,5,GEM Orzyadhere#LAS,31,2,3198,1398,2802,false,2022-08-20 23:23:29+00,2025-10-11 22:04:39.802145+00,2025-10-11 22:04:39.802145+00
44829,5,GEM Orzyadhere#LAS,200,2,2948,1148,3052,false,2022-12-31 12:52:44+00,2025-10-11 22:04:39.802145+00,2025-10-11 22:04:39.802145+00
44830,5,GEM Orzyadhere#LAS,91,2,2529,729,3471,false,2021-12-06 03:07:41+00,2025-10-11 22:04:39.802145+00,2025-10-11 22:04:39.802145+00
44831,5,GEM Orzyadhere#LAS,34,2,2394,594,3606,false,2023-07-31 18:37:04+00,2025-10-11 22:04:39.802145+00,2025-10-11 22:04:39.802145+00
44832,5,GEM Orzyadhere#LAS,131,2,2224,424,3776,false,2025-03-30 19:36:20+00,2025-10-11 22:04:39.802145+00,2025-10-11 22:04:39.802145+00
44833,5,GEM Orzyadhere#LAS,498,2,2098,298,3902,false,2021-10-08 23:33:55+00,2025-10-11 22:04:39.802145+00,2025-10-11 22:04:39.802145+00
44834,5,GEM Orzyadhere#LAS,30,2,1902,102,4098,false,2022-07-12 21:56:27+00,2025-10-11 22:04:39.802145+00,2025-10-11 22:04:39.802145+00
44835,5,GEM Orzyadhere#LAS,92,2,1823,23,4177,false,2022-07-12 23:46:01+00,2025-10-11 22:04:39.802145+00,2025-10-11 22:04:39.802145+00
44836,5,GEM Orzyadhere#LAS,117,1,1621,1621,179,false,2025-02-17 03:55:27+00,2025-10-11 22:04:39.802145+00,2025-10-11 22:04:39.802145+00
44837,5,GEM Orzyadhere#LAS,141,1,1510,1510,290,false,2025-09-11 22:54:47+00,2025-10-11 22:04:39.802145+00,2025-10-11 22:04:39.802145+00
44838,5,GEM Orzyadhere#LAS,86,1,1503,1503,297,false,2022-10-31 01:09:02+00,2025-10-11 22:04:39.802145+00,2025-10-11 22:04:39.802145+00
44839,5,GEM Orzyadhere#LAS,81,1,1465,1465,335,false,2022-07-12 23:33:42+00,2025-10-11 22:04:39.802145+00,2025-10-11 22:04:39.802145+00
44840,5,GEM Orzyadhere#LAS,114,1,1442,1442,358,false,2022-10-29 20:00:58+00,2025-10-11 22:04:39.802145+00,2025-10-11 22:04:39.802145+00
44841,5,GEM Orzyadhere#LAS,119,1,1120,1120,680,false,2021-04-12 06:05:27+00,2025-10-11 22:04:39.802145+00,2025-10-11 22:04:39.802145+00
44842,5,GEM Orzyadhere#LAS,105,1,1063,1063,737,false,2022-07-12 22:49:06+00,2025-10-11 22:04:39.802145+00,2025-10-11 22:04:39.802145+00
44843,5,GEM Orzyadhere#LAS,555,1,1027,1027,773,false,2022-11-19 01:47:33+00,2025-10-11 22:04:39.802145+00,2025-10-11 22:04:39.802145+00
44844,5,GEM Orzyadhere#LAS,526,1,1011,1011,789,false,2022-05-13 19:16:40+00,2025-10-11 22:04:39.802145+00,2025-10-11 22:04:39.802145+00
44845,5,GEM Orzyadhere#LAS,56,1,991,991,809,false,2021-04-13 07:12:11+00,2025-10-11 22:04:39.802145+00,2025-10-11 22:04:39.802145+00
44846,5,GEM Orzyadhere#LAS,78,1,990,990,810,false,2021-04-14 03:09:53+00,2025-10-11 22:04:39.802145+00,2025-10-11 22:04:39.802145+00
44847,5,GEM Orzyadhere#LAS,57,1,973,973,827,false,2022-07-12 22:19:41+00,2025-10-11 22:04:39.802145+00,2025-10-11 22:04:39.802145+00
44848,5,GEM Orzyadhere#LAS,85,1,842,842,958,false,2022-07-12 22:35:09+00,2025-10-11 22:04:39.802145+00,2025-10-11 22:04:39.802145+00
44849,5,GEM Orzyadhere#LAS,13,1,792,792,1008,false,2022-10-30 17:12:27+00,2025-10-11 22:04:39.802145+00,2025-10-11 22:04:39.802145+00
44850,5,GEM Orzyadhere#LAS,58,1,723,723,1077,false,2022-08-20 22:58:38+00,2025-10-11 22:04:39.802145+00,2025-10-11 22:04:39.802145+00
44851,5,GEM Orzyadhere#LAS,161,1,706,706,1094,false,2023-08-07 23:37:02+00,2025-10-11 22:04:39.802145+00,2025-10-11 22:04:39.802145+00
44852,5,GEM Orzyadhere#LAS,80,1,700,700,1100,false,2021-04-14 01:17:53+00,2025-10-11 22:04:39.802145+00,2025-10-11 22:04:39.802145+00
44853,5,GEM Orzyadhere#LAS,24,1,683,683,1117,false,2022-07-12 19:02:46+00,2025-10-11 22:04:39.802145+00,2025-10-11 22:04:39.802145+00
44854,5,GEM Orzyadhere#LAS,8,1,654,654,1146,false,2021-04-05 00:10:52+00,2025-10-11 22:04:39.802145+00,2025-10-11 22:04:39.802145+00
44855,5,GEM Orzyadhere#LAS,10,1,642,642,1158,false,2022-07-12 02:59:37+00,2025-10-11 22:04:39.802145+00,2025-10-11 22:04:39.802145+00
44856,5,GEM Orzyadhere#LAS,202,1,641,641,1159,false,2022-08-24 01:01:03+00,2025-10-11 22:04:39.802145+00,2025-10-11 22:04:39.802145+00
44857,5,GEM Orzyadhere#LAS,67,2,617,617,1183,false,2025-10-11 01:58:14+00,2025-10-11 22:04:39.802145+00,2025-10-19 17:13:37.218841+00
44858,5,GEM Orzyadhere#LAS,104,1,595,595,1205,false,2021-03-28 15:38:17+00,2025-10-11 22:04:39.802145+00,2025-10-11 22:04:39.802145+00
44859,5,GEM Orzyadhere#LAS,62,1,576,576,1224,false,2021-04-05 16:25:58+00,2025-10-11 22:04:39.802145+00,2025-10-11 22:04:39.802145+00
44860,5,GEM Orzyadhere#LAS,12,1,542,542,1258,false,2025-07-19 20:09:20+00,2025-10-11 22:04:39.802145+00,2025-10-11 22:04:39.802145+00
44861,5,GEM Orzyadhere#LAS,82,1,539,539,1261,false,2021-04-04 07:17:53+00,2025-10-11 22:04:39.802145+00,2025-10-11 22:04:39.802145+00
44862,5,GEM Orzyadhere#LAS,11,1,480,480,1320,false,2022-11-12 01:52:56+00,2025-10-11 22:04:39.802145+00,2025-10-11 22:04:39.802145+00
44863,5,GEM Orzyadhere#LAS,111,1,303,303,1497,false,2022-06-08 02:50:44+00,2025-10-11 22:04:39.802145+00,2025-10-11 22:04:39.802145+00
44864,5,GEM Orzyadhere#LAS,40,1,298,298,1502,false,2021-04-14 07:45:49+00,2025-10-11 22:04:39.802145+00,2025-10-11 22:04:39.802145+00
44865,5,GEM Orzyadhere#LAS,23,1,244,244,1556,false,2022-09-25 04:04:24+00,2025-10-11 22:04:39.802145+00,2025-10-11 22:04:39.802145+00
44866,5,GEM Orzyadhere#LAS,101,1,211,211,1589,false,2023-07-31 19:45:01+00,2025-10-11 22:04:39.802145+00,2025-10-11 22:04:39.802145+00
44867,5,GEM Orzyadhere#LAS,2,1,198,198,1602,false,2018-07-20 19:58:38+00,2025-10-11 22:04:39.802145+00,2025-10-11 22:04:39.802145+00
44868,5,GEM Orzyadhere#LAS,25,1,185,185,1615,false,2021-12-19 21:16:15+00,2025-10-11 22:04:39.802145+00,2025-10-11 22:04:39.802145+00
44869,5,GEM Orzyadhere#LAS,122,1,180,180,1620,false,2022-07-13 00:33:11+00,2025-10-11 22:04:39.802145+00,2025-10-11 22:04:39.802145+00
44870,5,GEM Orzyadhere#LAS,99,1,164,164,1636,false,2022-07-12 02:21:19+00,2025-10-11 22:04:39.802145+00,2025-10-11 22:04:39.802145+00
44871,5,GEM Orzyadhere#LAS,61,1,163,163,1637,false,2021-04-01 16:28:40+00,2025-10-11 22:04:39.802145+00,2025-10-11 22:04:39.802145+00
44872,5,GEM Orzyadhere#LAS,35,1,150,150,1650,false,2021-04-15 10:47:38+00,2025-10-11 22:04:39.802145+00,2025-10-11 22:04:39.802145+00
44873,5,GEM Orzyadhere#LAS,136,1,146,146,1654,false,2021-03-25 00:35:44+00,2025-10-11 22:04:39.802145+00,2025-10-11 22:04:39.802145+00
44874,5,GEM Orzyadhere#LAS,112,1,138,138,1662,false,2022-07-12 15:59:24+00,2025-10-11 22:04:39.802145+00,2025-10-11 22:04:39.802145+00
44875,5,GEM Orzyadhere#LAS,76,1,128,128,1672,false,2021-04-05 17:15:01+00,2025-10-11 22:04:39.802145+00,2025-10-11 22:04:39.802145+00
44876,5,GEM Orzyadhere#LAS,110,1,123,123,1677,false,2021-03-22 14:40:57+00,2025-10-11 22:04:39.802145+00,2025-10-11 22:04:39.802145+00
44877,5,GEM Orzyadhere#LAS,133,1,118,118,1682,false,2021-03-22 16:01:31+00,2025-10-11 22:04:39.802145+00,2025-10-11 22:04:39.802145+00
44878,5,GEM Orzyadhere#LAS,142,1,98,98,1702,false,2022-07-12 16:46:16+00,2025-10-11 22:04:39.802145+00,2025-10-11 22:04:39.802145+00
44879,5,GEM Orzyadhere#LAS,1,1,96,96,1704,false,2022-07-12 03:16:18+00,2025-10-11 22:04:39.802145+00,2025-10-11 22:04:39.802145+00
44880,5,GEM Orzyadhere#LAS,245,1,86,86,1714,false,2021-04-05 18:24:50+00,2025-10-11 22:04:39.802145+00,2025-10-11 22:04:39.802145+00
44881,14,GEM Primrosenrot#GEM,29,9,84139,19539,-8539,false,2025-03-30 00:29:51+00,2025-10-11 22:04:56.298927+00,2025-10-11 22:04:56.298927+00
44882,14,GEM Primrosenrot#GEM,350,9,63641,10041,959,false,2025-09-20 17:08:45+00,2025-10-11 22:04:56.298927+00,2025-10-19 01:59:23.672917+00
44883,14,GEM Primrosenrot#GEM,21,7,52435,9835,1165,false,2025-03-30 01:07:20+00,2025-10-11 22:04:56.298927+00,2025-10-11 22:04:56.298927+00
44884,14,GEM Primrosenrot#GEM,50,7,28778,0,24822,false,2022-08-27 02:24:49+00,2025-10-11 22:04:56.298927+00,2025-10-11 22:04:56.298927+00
44885,14,GEM Primrosenrot#GEM,498,6,27903,0,14697,false,2022-06-06 00:02:05+00,2025-10-11 22:04:56.298927+00,2025-10-11 22:04:56.298927+00
44886,14,GEM Primrosenrot#GEM,875,4,17148,4548,4452,false,2023-08-17 19:07:44+00,2025-10-11 22:04:56.298927+00,2025-10-11 22:04:56.298927+00
44887,14,GEM Primrosenrot#GEM,99,4,14294,1694,7306,false,2025-09-20 18:46:55+00,2025-10-11 22:04:56.298927+00,2025-10-11 22:04:56.298927+00
44888,14,GEM Primrosenrot#GEM,150,4,13040,440,8560,false,2025-09-27 23:40:38+00,2025-10-11 22:04:56.298927+00,2025-10-11 22:04:56.298927+00
44889,14,GEM Primrosenrot#GEM,98,3,12516,6516,84,false,2025-10-05 22:36:03+00,2025-10-11 22:04:56.298927+00,2025-10-11 22:04:56.298927+00
44890,14,GEM Primrosenrot#GEM,43,3,11445,5445,1155,false,2025-07-27 01:29:30+00,2025-10-11 22:04:56.298927+00,2025-10-11 22:04:56.298927+00
44891,14,GEM Primrosenrot#GEM,497,3,10869,4869,1731,false,2025-07-27 02:50:36+00,2025-10-11 22:04:56.298927+00,2025-10-11 22:04:56.298927+00
44892,14,GEM Primrosenrot#GEM,31,3,10592,4592,2008,false,2023-07-02 23:35:53+00,2025-10-11 22:04:56.298927+00,2025-10-11 22:04:56.298927+00
44893,14,GEM Primrosenrot#GEM,421,3,9557,3557,3043,false,2022-08-28 09:21:53+00,2025-10-11 22:04:56.298927+00,2025-10-11 22:04:56.298927+00
44894,14,GEM Primrosenrot#GEM,36,3,9161,3161,3439,false,2023-12-28 04:19:46+00,2025-10-11 22:04:56.298927+00,2025-10-11 22:04:56.298927+00
44895,14,GEM Primrosenrot#GEM,56,3,8697,2697,3903,false,2025-10-07 23:40:42+00,2025-10-11 22:04:56.298927+00,2025-10-11 22:04:56.298927+00
44896,14,GEM Primrosenrot#GEM,902,3,8684,2684,3916,false,2025-07-28 03:40:42+00,2025-10-11 22:04:56.298927+00,2025-10-11 22:04:56.298927+00
44897,14,GEM Primrosenrot#GEM,360,3,8416,2416,4184,false,2021-03-01 08:56:51+00,2025-10-11 22:04:56.298927+00,2025-10-11 22:04:56.298927+00
44898,14,GEM Primrosenrot#GEM,44,3,6537,537,6063,false,2022-08-19 22:51:39+00,2025-10-11 22:04:56.298927+00,2025-10-11 22:04:56.298927+00
44899,14,GEM Primrosenrot#GEM,89,2,5449,3649,551,false,2025-09-20 17:56:28+00,2025-10-11 22:04:56.298927+00,2025-10-11 22:04:56.298927+00
44900,14,GEM Primrosenrot#GEM,96,2,5203,3403,797,false,2022-06-05 22:51:40+00,2025-10-11 22:04:56.298927+00,2025-10-11 22:04:56.298927+00
44901,14,GEM Primrosenrot#GEM,33,2,4394,2594,1606,false,2023-08-27 23:39:00+00,2025-10-11 22:04:56.298927+00,2025-10-11 22:04:56.298927+00
44902,14,GEM Primrosenrot#GEM,32,2,4377,2577,1623,false,2023-02-04 19:25:21+00,2025-10-11 22:04:56.298927+00,2025-10-11 22:04:56.298927+00
44903,14,GEM Primrosenrot#GEM,518,2,4177,2377,1823,false,2025-07-26 23:14:28+00,2025-10-11 22:04:56.298927+00,2025-10-11 22:04:56.298927+00
44904,14,GEM Primrosenrot#GEM,107,2,4009,2209,1991,false,2023-10-11 22:59:56+00,2025-10-11 22:04:56.298927+00,2025-10-11 22:04:56.298927+00
44905,14,GEM Primrosenrot#GEM,64,2,3894,2094,2106,false,2023-08-10 23:03:11+00,2025-10-11 22:04:56.298927+00,2025-10-11 22:04:56.298927+00
44906,14,GEM Primrosenrot#GEM,76,2,3350,1550,2650,false,2023-08-10 20:21:06+00,2025-10-11 22:04:56.298927+00,2025-10-11 22:04:56.298927+00
44907,14,GEM Primrosenrot#GEM,12,2,3022,1222,2978,false,2025-07-25 00:36:33+00,2025-10-11 22:04:56.298927+00,2025-10-11 22:04:56.298927+00
44908,14,GEM Primrosenrot#GEM,67,2,2973,1173,3027,false,2023-07-21 04:00:06+00,2025-10-11 22:04:56.298927+00,2025-10-11 22:04:56.298927+00
44909,14,GEM Primrosenrot#GEM,25,2,2545,745,3455,false,2025-03-28 15:04:23+00,2025-10-11 22:04:56.298927+00,2025-10-11 22:04:56.298927+00
44910,14,GEM Primrosenrot#GEM,51,2,2478,678,3522,false,2023-03-29 13:39:42+00,2025-10-11 22:04:56.298927+00,2025-10-11 22:04:56.298927+00
44911,14,GEM Primrosenrot#GEM,876,2,2411,611,3589,false,2021-02-17 03:24:03+00,2025-10-11 22:04:56.298927+00,2025-10-11 22:04:56.298927+00
44912,14,GEM Primrosenrot#GEM,117,2,2337,537,3663,false,2025-07-26 04:39:34+00,2025-10-11 22:04:56.298927+00,2025-10-11 22:04:56.298927+00
44913,14,GEM Primrosenrot#GEM,202,2,2162,362,3838,false,2023-06-30 20:18:40+00,2025-10-11 22:04:56.298927+00,2025-10-11 22:04:56.298927+00
44914,14,GEM Primrosenrot#GEM,78,2,2086,286,3914,false,2023-08-27 22:59:40+00,2025-10-11 22:04:56.298927+00,2025-10-11 22:04:56.298927+00
44915,14,GEM Primrosenrot#GEM,17,2,1994,194,4006,false,2023-07-03 17:37:15+00,2025-10-11 22:04:56.298927+00,2025-10-11 22:04:56.298927+00
44916,14,GEM Primrosenrot#GEM,77,2,1877,77,4123,false,2021-01-15 03:22:33+00,2025-10-11 22:04:56.298927+00,2025-10-11 22:04:56.298927+00
44917,14,GEM Primrosenrot#GEM,200,2,1868,68,4132,false,2023-07-05 20:02:16+00,2025-10-11 22:04:56.298927+00,2025-10-11 22:04:56.298927+00
44918,14,GEM Primrosenrot#GEM,103,2,1845,45,4155,false,2025-07-27 03:35:29+00,2025-10-11 22:04:56.298927+00,2025-10-11 22:04:56.298927+00
44919,14,GEM Primrosenrot#GEM,9,1,1746,1746,54,false,2025-10-05 19:58:57+00,2025-10-11 22:04:56.298927+00,2025-10-11 22:04:56.298927+00
44920,14,GEM Primrosenrot#GEM,57,1,1727,1727,73,false,2023-08-13 22:38:05+00,2025-10-11 22:04:56.298927+00,2025-10-11 22:04:56.298927+00
44921,14,GEM Primrosenrot#GEM,105,1,1708,1708,92,false,2022-07-10 22:22:38+00,2025-10-11 22:04:56.298927+00,2025-10-11 22:04:56.298927+00
44922,14,GEM Primrosenrot#GEM,79,1,1608,1608,192,false,2023-08-14 15:11:35+00,2025-10-11 22:04:56.298927+00,2025-10-11 22:04:56.298927+00
44923,14,GEM Primrosenrot#GEM,69,1,1544,1544,256,false,2022-08-07 15:11:20+00,2025-10-11 22:04:56.298927+00,2025-10-11 22:04:56.298927+00
44924,14,GEM Primrosenrot#GEM,161,1,1489,1489,311,false,2022-08-28 07:12:00+00,2025-10-11 22:04:56.298927+00,2025-10-11 22:04:56.298927+00
44925,14,GEM Primrosenrot#GEM,887,1,1302,1302,498,false,2022-06-23 02:00:26+00,2025-10-11 22:04:56.298927+00,2025-10-11 22:04:56.298927+00
44926,14,GEM Primrosenrot#GEM,37,1,1283,1283,517,false,2023-07-15 00:40:49+00,2025-10-11 22:04:56.298927+00,2025-10-11 22:04:56.298927+00
44927,14,GEM Primrosenrot#GEM,1,1,1242,1242,558,false,2022-11-13 21:50:24+00,2025-10-11 22:04:56.298927+00,2025-10-11 22:04:56.298927+00
44928,14,GEM Primrosenrot#GEM,40,1,1201,1201,599,false,2023-07-15 03:03:46+00,2025-10-11 22:04:56.298927+00,2025-10-11 22:04:56.298927+00
44929,14,GEM Primrosenrot#GEM,19,1,1170,1170,630,false,2023-08-10 19:30:35+00,2025-10-11 22:04:56.298927+00,2025-10-11 22:04:56.298927+00
44930,14,GEM Primrosenrot#GEM,86,1,1128,1128,672,false,2023-07-28 01:17:03+00,2025-10-11 22:04:56.298927+00,2025-10-11 22:04:56.298927+00
44931,14,GEM Primrosenrot#GEM,26,1,1117,1117,683,false,2025-10-05 20:24:38+00,2025-10-11 22:04:56.298927+00,2025-10-11 22:04:56.298927+00
44932,14,GEM Primrosenrot#GEM,62,1,1111,1111,689,false,2022-06-23 03:23:58+00,2025-10-11 22:04:56.298927+00,2025-10-11 22:04:56.298927+00
44933,14,GEM Primrosenrot#GEM,13,1,1111,1111,689,false,2022-08-28 02:07:17+00,2025-10-11 22:04:56.298927+00,2025-10-11 22:04:56.298927+00
44934,14,GEM Primrosenrot#GEM,22,1,1045,1045,755,false,2023-06-30 17:59:42+00,2025-10-11 22:04:56.298927+00,2025-10-11 22:04:56.298927+00
44935,14,GEM Primrosenrot#GEM,18,1,1007,1007,793,false,2022-07-11 03:44:17+00,2025-10-11 22:04:56.298927+00,2025-10-11 22:04:56.298927+00
44936,14,GEM Primrosenrot#GEM,54,1,959,959,841,false,2025-09-27 16:03:46+00,2025-10-11 22:04:56.298927+00,2025-10-11 22:04:56.298927+00
44937,14,GEM Primrosenrot#GEM,120,1,920,920,880,false,2020-03-31 23:56:54+00,2025-10-11 22:04:56.298927+00,2025-10-11 22:04:56.298927+00
44938,14,GEM Primrosenrot#GEM,104,1,903,903,897,false,2023-08-14 15:43:29+00,2025-10-11 22:04:56.298927+00,2025-10-11 22:04:56.298927+00
44939,14,GEM Primrosenrot#GEM,82,1,879,879,921,false,2022-08-19 00:46:32+00,2025-10-11 22:04:56.298927+00,2025-10-11 22:04:56.298927+00
44940,14,GEM Primrosenrot#GEM,106,1,877,877,923,false,2025-10-01 23:57:37+00,2025-10-11 22:04:56.298927+00,2025-10-11 22:04:56.298927+00
44941,14,GEM Primrosenrot#GEM,27,1,846,846,954,false,2023-08-14 17:10:24+00,2025-10-11 22:04:56.298927+00,2025-10-11 22:04:56.298927+00
44942,14,GEM Primrosenrot#GEM,119,1,782,782,1018,false,2022-07-10 01:21:22+00,2025-10-11 22:04:56.298927+00,2025-10-11 22:04:56.298927+00
44943,14,GEM Primrosenrot#GEM,81,1,766,766,1034,false,2022-08-28 03:26:24+00,2025-10-11 22:04:56.298927+00,2025-10-11 22:04:56.298927+00
44944,14,GEM Primrosenrot#GEM,154,1,751,751,1049,false,2022-08-28 04:23:22+00,2025-10-11 22:04:56.298927+00,2025-10-11 22:04:56.298927+00
44945,14,GEM Primrosenrot#GEM,122,1,726,726,1074,false,2023-08-11 00:05:12+00,2025-10-11 22:04:56.298927+00,2025-10-11 22:04:56.298927+00
44946,14,GEM Primrosenrot#GEM,115,1,704,704,1096,false,2023-06-29 19:10:32+00,2025-10-11 22:04:56.298927+00,2025-10-11 22:04:56.298927+00
44947,14,GEM Primrosenrot#GEM,34,1,667,667,1133,false,2022-08-28 03:54:03+00,2025-10-11 22:04:56.298927+00,2025-10-11 22:04:56.298927+00
44948,14,GEM Primrosenrot#GEM,45,1,655,655,1145,false,2022-07-09 22:46:22+00,2025-10-11 22:04:56.298927+00,2025-10-11 22:04:56.298927+00
44949,14,GEM Primrosenrot#GEM,141,1,621,621,1179,false,2022-06-22 00:50:30+00,2025-10-11 22:04:56.298927+00,2025-10-11 22:04:56.298927+00
44950,14,GEM Primrosenrot#GEM,268,1,547,547,1253,false,2022-08-28 02:58:59+00,2025-10-11 22:04:56.298927+00,2025-10-11 22:04:56.298927+00
44951,14,GEM Primrosenrot#GEM,777,1,388,388,1412,false,2023-08-30 13:44:27+00,2025-10-11 22:04:56.298927+00,2025-10-11 22:04:56.298927+00
44952,14,GEM Primrosenrot#GEM,63,1,382,382,1418,false,2023-07-26 01:28:45+00,2025-10-11 22:04:56.298927+00,2025-10-11 22:04:56.298927+00
44953,14,GEM Primrosenrot#GEM,39,1,229,229,1571,false,2023-07-11 00:16:28+00,2025-10-11 22:04:56.298927+00,2025-10-11 22:04:56.298927+00
44954,14,GEM Primrosenrot#GEM,60,1,226,226,1574,false,2023-10-09 23:39:10+00,2025-10-11 22:04:56.298927+00,2025-10-11 22:04:56.298927+00
44955,14,GEM Primrosenrot#GEM,110,0,221,221,1579,false,2021-01-16 01:22:02+00,2025-10-11 22:04:56.298927+00,2025-10-19 00:40:30.377579+00
44956,14,GEM Primrosenrot#GEM,114,1,199,199,1601,false,2023-07-10 19:27:57+00,2025-10-11 22:04:56.298927+00,2025-10-11 22:04:56.298927+00
44957,14,GEM Primrosenrot#GEM,897,1,192,192,1608,false,2023-08-10 23:45:09+00,2025-10-11 22:04:56.298927+00,2025-10-11 22:04:56.298927+00
44958,14,GEM Primrosenrot#GEM,157,1,178,178,1622,false,2023-07-11 00:50:19+00,2025-10-11 22:04:56.298927+00,2025-10-11 22:04:56.298927+00
44959,14,GEM Primrosenrot#GEM,133,1,141,141,1659,false,2020-04-02 20:22:23+00,2025-10-11 22:04:56.298927+00,2025-10-11 22:04:56.298927+00
44960,14,GEM Primrosenrot#GEM,131,1,139,139,1661,false,2022-09-03 00:29:28+00,2025-10-11 22:04:56.298927+00,2025-10-11 22:04:56.298927+00
44961,14,GEM Primrosenrot#GEM,555,1,130,130,1670,false,2022-08-27 23:48:31+00,2025-10-11 22:04:56.298927+00,2025-10-11 22:04:56.298927+00
44962,14,GEM Primrosenrot#GEM,412,1,110,110,1690,false,2022-07-09 02:05:30+00,2025-10-11 22:04:56.298927+00,2025-10-11 22:04:56.298927+00
44963,14,GEM Primrosenrot#GEM,203,1,105,105,1695,false,2023-06-29 19:30:33+00,2025-10-11 22:04:56.298927+00,2025-10-11 22:04:56.298927+00
44964,14,GEM Primrosenrot#GEM,4,1,97,97,1703,false,2022-07-09 23:50:19+00,2025-10-11 22:04:56.298927+00,2025-10-11 22:04:56.298927+00
44965,14,GEM Primrosenrot#GEM,111,1,87,87,1713,false,2023-08-14 16:32:26+00,2025-10-11 22:04:56.298927+00,2025-10-11 22:04:56.298927+00
44966,14,GEM Primrosenrot#GEM,80,1,80,80,1720,false,2022-07-10 18:53:02+00,2025-10-11 22:04:56.298927+00,2025-10-11 22:04:56.298927+00
44967,9,GEM Brincellezha#GEM,350,8,54128,528,10472,false,2025-08-24 01:35:00+00,2025-10-11 22:04:57.774956+00,2025-10-11 22:04:57.774956+00
44968,9,GEM Brincellezha#GEM,21,6,33878,2278,8722,false,2023-11-10 19:14:57+00,2025-10-11 22:04:57.774956+00,2025-10-11 22:04:57.774956+00
44969,9,GEM Brincellezha#GEM,875,6,30621,0,11979,false,2022-10-06 02:27:21+00,2025-10-11 22:04:57.774956+00,2025-10-11 22:04:57.774956+00
44970,9,GEM Brincellezha#GEM,11,5,28395,6795,3205,false,2025-02-13 21:45:06+00,2025-10-11 22:04:57.774956+00,2025-10-11 22:04:57.774956+00
44971,9,GEM Brincellezha#GEM,20,5,24055,2455,7545,false,2025-02-28 23:55:54+00,2025-10-11 22:04:57.774956+00,2025-10-11 22:04:57.774956+00
44972,9,GEM Brincellezha#GEM,58,4,18307,5707,3293,false,2025-10-05 18:07:54+00,2025-10-11 22:04:57.774956+00,2025-10-11 22:04:57.774956+00
44973,9,GEM Brincellezha#GEM,110,4,16039,3439,5561,false,2022-10-29 14:27:44+00,2025-10-11 22:04:57.774956+00,2025-10-11 22:04:57.774956+00
44974,9,GEM Brincellezha#GEM,223,4,15974,3374,5626,false,2025-10-05 01:35:30+00,2025-10-11 22:04:57.774956+00,2025-10-11 22:04:57.774956+00
44975,9,GEM Brincellezha#GEM,85,4,15225,2625,6375,false,2021-02-20 00:21:52+00,2025-10-11 22:04:57.774956+00,2025-10-11 22:04:57.774956+00
44976,9,GEM Brincellezha#GEM,17,4,14306,1706,7294,false,2022-09-22 18:10:08+00,2025-10-11 22:04:57.774956+00,2025-10-11 22:04:57.774956+00
44977,9,GEM Brincellezha#GEM,28,4,13619,1019,7981,false,2023-10-07 19:47:35+00,2025-10-11 22:04:57.774956+00,2025-10-11 22:04:57.774956+00
44978,9,GEM Brincellezha#GEM,107,4,13426,826,8174,false,2023-12-10 17:44:58+00,2025-10-11 22:04:57.774956+00,2025-10-11 22:04:57.774956+00
44979,9,GEM Brincellezha#GEM,19,3,12216,6216,384,false,2025-02-13 19:37:56+00,2025-10-11 22:04:57.774956+00,2025-10-11 22:04:57.774956+00
44980,9,GEM Brincellezha#GEM,102,3,11818,5818,782,false,2025-10-06 18:42:48+00,2025-10-11 22:04:57.774956+00,2025-10-11 22:04:57.774956+00
44981,9,GEM Brincellezha#GEM,117,3,11273,5273,1327,false,2025-08-24 17:42:09+00,2025-10-11 22:04:57.774956+00,2025-10-11 22:04:57.774956+00
44982,9,GEM Brincellezha#GEM,105,3,10268,4268,2332,false,2023-12-29 19:39:22+00,2025-10-11 22:04:57.774956+00,2025-10-11 22:04:57.774956+00
44983,9,GEM Brincellezha#GEM,60,3,9928,3928,2672,false,2025-08-10 17:17:17+00,2025-10-11 22:04:57.774956+00,2025-10-11 22:04:57.774956+00
44984,9,GEM Brincellezha#GEM,497,3,9770,3770,2830,false,2025-08-23 01:20:21+00,2025-10-11 22:04:57.774956+00,2025-10-11 22:04:57.774956+00
44985,9,GEM Brincellezha#GEM,876,3,9667,3667,2933,false,2022-06-10 20:17:25+00,2025-10-11 22:04:57.774956+00,2025-10-11 22:04:57.774956+00
44986,9,GEM Brincellezha#GEM,34,3,9453,3453,3147,false,2023-07-06 00:50:53+00,2025-10-11 22:04:57.774956+00,2025-10-11 22:04:57.774956+00
44987,9,GEM Brincellezha#GEM,35,3,8476,2476,4124,false,2025-04-15 02:41:46+00,2025-10-11 22:04:57.774956+00,2025-10-11 22:04:57.774956+00
44988,9,GEM Brincellezha#GEM,141,3,7872,1872,4728,false,2025-08-22 02:22:18+00,2025-10-11 22:04:57.774956+00,2025-10-11 22:04:57.774956+00
44989,9,GEM Brincellezha#GEM,103,3,6601,601,5999,false,2023-12-29 18:35:44+00,2025-10-11 22:04:57.774956+00,2025-10-11 22:04:57.774956+00
44990,9,GEM Brincellezha#GEM,23,3,6100,100,6500,false,2023-12-29 19:08:50+00,2025-10-11 22:04:57.774956+00,2025-10-11 22:04:57.774956+00
44991,9,GEM Brincellezha#GEM,96,2,5943,4143,57,false,2023-02-04 23:47:44+00,2025-10-11 22:04:57.774956+00,2025-10-11 22:04:57.774956+00
44992,9,GEM Brincellezha#GEM,62,2,5762,3962,238,false,2025-08-10 18:05:00+00,2025-10-11 22:04:57.774956+00,2025-10-11 22:04:57.774956+00
44993,9,GEM Brincellezha#GEM,29,2,5715,3915,285,false,2025-02-22 16:51:33+00,2025-10-11 22:04:57.774956+00,2025-10-11 22:04:57.774956+00
44994,9,GEM Brincellezha#GEM,36,2,5567,3767,433,false,2022-06-18 00:31:54+00,2025-10-11 22:04:57.774956+00,2025-10-11 22:04:57.774956+00
44995,9,GEM Brincellezha#GEM,48,2,5358,3558,642,false,2025-07-31 23:35:21+00,2025-10-11 22:04:57.774956+00,2025-10-11 22:04:57.774956+00
44996,9,GEM Brincellezha#GEM,360,2,4850,3050,1150,false,2022-10-03 01:41:25+00,2025-10-11 22:04:57.774956+00,2025-10-11 22:04:57.774956+00
44997,9,GEM Brincellezha#GEM,33,2,4534,2734,1466,false,2023-10-16 15:31:03+00,2025-10-11 22:04:57.774956+00,2025-10-11 22:04:57.774956+00
44998,9,GEM Brincellezha#GEM,31,2,4268,2468,1732,false,2022-06-04 00:02:46+00,2025-10-11 22:04:57.774956+00,2025-10-11 22:04:57.774956+00
44999,9,GEM Brincellezha#GEM,161,2,4110,2310,1890,false,2022-07-13 10:52:46+00,2025-10-11 22:04:57.774956+00,2025-10-11 22:04:57.774956+00
45000,9,GEM Brincellezha#GEM,67,2,4062,2262,1938,false,2025-08-24 19:47:06+00,2025-10-11 22:04:57.774956+00,2025-10-11 22:04:57.774956+00
45001,9,GEM Brincellezha#GEM,44,2,4059,2259,1941,false,2025-08-15 00:51:30+00,2025-10-11 22:04:57.774956+00,2025-10-11 22:04:57.774956+00
45002,9,GEM Brincellezha#GEM,69,2,3979,2179,2021,false,2021-02-21 00:06:56+00,2025-10-11 22:04:57.774956+00,2025-10-11 22:04:57.774956+00
45003,9,GEM Brincellezha#GEM,32,2,3280,1480,2720,false,2025-10-06 19:26:46+00,2025-10-11 22:04:57.774956+00,2025-10-11 22:04:57.774956+00
45004,9,GEM Brincellezha#GEM,64,2,3265,1465,2735,false,2025-08-23 01:58:59+00,2025-10-11 22:04:57.774956+00,2025-10-11 22:04:57.774956+00
45005,9,GEM Brincellezha#GEM,154,2,3121,1321,2879,false,2025-08-21 17:23:19+00,2025-10-11 22:04:57.774956+00,2025-10-11 22:04:57.774956+00
45006,9,GEM Brincellezha#GEM,236,2,3086,1286,2914,false,2025-08-30 01:45:03+00,2025-10-11 22:04:57.774956+00,2025-10-11 22:04:57.774956+00
45007,9,GEM Brincellezha#GEM,114,2,2878,1078,3122,false,2025-10-05 16:37:13+00,2025-10-11 22:04:57.774956+00,2025-10-11 22:04:57.774956+00
45008,9,GEM Brincellezha#GEM,15,2,2822,1022,3178,false,2023-07-06 17:37:41+00,2025-10-11 22:04:57.774956+00,2025-10-11 22:04:57.774956+00
45009,9,GEM Brincellezha#GEM,113,2,2808,1008,3192,false,2023-12-29 22:50:58+00,2025-10-11 22:04:57.774956+00,2025-10-11 22:04:57.774956+00
45010,9,GEM Brincellezha#GEM,77,2,2805,1005,3195,false,2021-02-25 02:50:10+00,2025-10-11 22:04:57.774956+00,2025-10-11 22:04:57.774956+00
45011,9,GEM Brincellezha#GEM,76,2,2467,667,3533,false,2025-04-14 23:48:21+00,2025-10-11 22:04:57.774956+00,2025-10-11 22:04:57.774956+00
45012,9,GEM Brincellezha#GEM,54,2,2435,635,3565,false,2023-12-30 00:14:34+00,2025-10-11 22:04:57.774956+00,2025-10-11 22:04:57.774956+00
45013,9,GEM Brincellezha#GEM,517,2,2411,611,3589,false,2025-08-12 13:02:45+00,2025-10-11 22:04:57.774956+00,2025-10-11 22:04:57.774956+00
45014,9,GEM Brincellezha#GEM,51,2,2382,582,3618,false,2025-05-01 02:16:52+00,2025-10-11 22:04:57.774956+00,2025-10-11 22:04:57.774956+00
45015,9,GEM Brincellezha#GEM,13,2,2326,526,3674,false,2025-08-01 00:17:01+00,2025-10-11 22:04:57.774956+00,2025-10-11 22:04:57.774956+00
45016,9,GEM Brincellezha#GEM,12,2,2318,518,3682,false,2025-04-24 01:38:16+00,2025-10-11 22:04:57.774956+00,2025-10-11 22:04:57.774956+00
45017,9,GEM Brincellezha#GEM,4,2,2312,512,3688,false,2025-04-24 23:16:48+00,2025-10-11 22:04:57.774956+00,2025-10-11 22:04:57.774956+00
45018,9,GEM Brincellezha#GEM,498,2,2175,375,3825,false,2020-07-10 16:36:57+00,2025-10-11 22:04:57.774956+00,2025-10-11 22:04:57.774956+00
45019,9,GEM Brincellezha#GEM,7,2,2146,346,3854,false,2025-04-22 00:25:47+00,2025-10-11 22:04:57.774956+00,2025-10-11 22:04:57.774956+00
45020,9,GEM Brincellezha#GEM,22,2,2120,320,3880,false,2023-07-08 16:43:52+00,2025-10-11 22:04:57.774956+00,2025-10-11 22:04:57.774956+00
45021,9,GEM Brincellezha#GEM,61,2,2058,258,3942,false,2022-09-24 22:01:09+00,2025-10-11 22:04:57.774956+00,2025-10-11 22:04:57.774956+00
45022,9,GEM Brincellezha#GEM,202,2,1993,193,4007,false,2025-08-22 03:06:14+00,2025-10-11 22:04:57.774956+00,2025-10-11 22:04:57.774956+00
45023,9,GEM Brincellezha#GEM,245,1,1897,1897,-97,false,2025-04-21 01:11:19+00,2025-10-11 22:04:57.774956+00,2025-10-11 22:04:57.774956+00
45024,9,GEM Brincellezha#GEM,145,1,1896,1896,-96,false,2025-05-01 02:56:45+00,2025-10-11 22:04:57.774956+00,2025-10-11 22:04:57.774956+00
45025,9,GEM Brincellezha#GEM,63,1,1888,1888,-88,false,2025-03-01 01:28:32+00,2025-10-11 22:04:57.774956+00,2025-10-11 22:04:57.774956+00
45026,9,GEM Brincellezha#GEM,81,2,1873,73,4127,false,2023-10-16 14:00:07+00,2025-10-11 22:04:57.774956+00,2025-10-11 22:04:57.774956+00
45027,9,GEM Brincellezha#GEM,90,2,1869,69,4131,false,2025-08-24 02:17:20+00,2025-10-11 22:04:57.774956+00,2025-10-11 22:04:57.774956+00
45028,9,GEM Brincellezha#GEM,164,1,1781,1781,19,false,2022-09-24 23:11:22+00,2025-10-11 22:04:57.774956+00,2025-10-11 22:04:57.774956+00
45029,9,GEM Brincellezha#GEM,99,1,1734,1734,66,false,2025-02-13 20:02:43+00,2025-10-11 22:04:57.774956+00,2025-10-11 22:04:57.774956+00
45030,9,GEM Brincellezha#GEM,222,1,1620,1620,180,false,2022-10-30 01:38:06+00,2025-10-11 22:04:57.774956+00,2025-10-11 22:04:57.774956+00
45031,9,GEM Brincellezha#GEM,133,1,1357,1357,443,false,2022-09-24 03:28:11+00,2025-10-11 22:04:57.774956+00,2025-10-11 22:04:57.774956+00
45032,9,GEM Brincellezha#GEM,82,1,1349,1349,451,false,2022-10-06 01:15:18+00,2025-10-11 22:04:57.774956+00,2025-10-11 22:04:57.774956+00
45033,9,GEM Brincellezha#GEM,25,1,1302,1302,498,false,2025-08-24 03:51:51+00,2025-10-11 22:04:57.774956+00,2025-10-11 22:04:57.774956+00
45034,9,GEM Brincellezha#GEM,104,1,1295,1295,505,false,2025-08-15 00:32:01+00,2025-10-11 22:04:57.774956+00,2025-10-11 22:04:57.774956+00
45035,9,GEM Brincellezha#GEM,38,1,1206,1206,594,false,2022-06-19 02:41:58+00,2025-10-11 22:04:57.774956+00,2025-10-11 22:04:57.774956+00
45036,9,GEM Brincellezha#GEM,518,1,1106,1106,694,false,2025-03-01 02:12:37+00,2025-10-11 22:04:57.774956+00,2025-10-11 22:04:57.774956+00
45037,9,GEM Brincellezha#GEM,37,1,1046,1046,754,false,2023-10-16 22:47:01+00,2025-10-11 22:04:57.774956+00,2025-10-11 22:04:57.774956+00
45038,9,GEM Brincellezha#GEM,57,1,1005,1005,795,false,2025-03-01 00:46:10+00,2025-10-11 22:04:57.774956+00,2025-10-11 22:04:57.774956+00
45039,9,GEM Brincellezha#GEM,131,1,925,925,875,false,2023-12-10 20:20:35+00,2025-10-11 22:04:57.774956+00,2025-10-11 22:04:57.774956+00
45040,9,GEM Brincellezha#GEM,86,1,891,891,909,false,2023-02-06 03:55:34+00,2025-10-11 22:04:57.774956+00,2025-10-11 22:04:57.774956+00
45041,9,GEM Brincellezha#GEM,157,1,867,867,933,false,2023-10-16 23:33:24+00,2025-10-11 22:04:57.774956+00,2025-10-11 22:04:57.774956+00
45042,9,GEM Brincellezha#GEM,10,1,817,817,983,false,2022-09-21 22:40:18+00,2025-10-11 22:04:57.774956+00,2025-10-11 22:04:57.774956+00
45043,9,GEM Brincellezha#GEM,91,1,806,806,994,false,2023-12-29 20:15:53+00,2025-10-11 22:04:57.774956+00,2025-10-11 22:04:57.774956+00
45044,9,GEM Brincellezha#GEM,39,1,758,758,1042,false,2020-07-03 20:04:33+00,2025-10-11 22:04:57.774956+00,2025-10-11 22:04:57.774956+00
45045,9,GEM Brincellezha#GEM,45,1,674,674,1126,false,2022-08-21 20:13:23+00,2025-10-11 22:04:57.774956+00,2025-10-11 22:04:57.774956+00
45046,9,GEM Brincellezha#GEM,111,1,659,659,1141,false,2025-03-01 02:53:16+00,2025-10-11 22:04:57.774956+00,2025-10-11 22:04:57.774956+00
45047,9,GEM Brincellezha#GEM,106,1,585,585,1215,false,2025-07-27 03:01:35+00,2025-10-11 22:04:57.774956+00,2025-10-11 22:04:57.774956+00
45048,9,GEM Brincellezha#GEM,147,1,506,506,1294,false,2025-02-13 23:19:40+00,2025-10-11 22:04:57.774956+00,2025-10-11 22:04:57.774956+00
45049,9,GEM Brincellezha#GEM,412,1,462,462,1338,false,2022-08-21 20:27:32+00,2025-10-11 22:04:57.774956+00,2025-10-11 22:04:57.774956+00
45050,9,GEM Brincellezha#GEM,79,1,444,444,1356,false,2025-10-05 01:59:59+00,2025-10-11 22:04:57.774956+00,2025-10-11 22:04:57.774956+00
45051,9,GEM Brincellezha#GEM,254,1,248,248,1552,false,2022-09-22 22:49:07+00,2025-10-11 22:04:57.774956+00,2025-10-11 22:04:57.774956+00
45052,9,GEM Brincellezha#GEM,16,1,206,206,1594,false,2020-06-26 11:24:49+00,2025-10-11 22:04:57.774956+00,2025-10-11 22:04:57.774956+00
45053,9,GEM Brincellezha#GEM,89,1,202,202,1598,false,2022-09-24 22:22:22+00,2025-10-11 22:04:57.774956+00,2025-10-11 22:04:57.774956+00
45054,9,GEM Brincellezha#GEM,50,1,186,186,1614,false,2021-02-06 16:48:27+00,2025-10-11 22:04:57.774956+00,2025-10-11 22:04:57.774956+00
45055,9,GEM Brincellezha#GEM,234,1,173,173,1627,false,2021-02-08 20:44:28+00,2025-10-11 22:04:57.774956+00,2025-10-11 22:04:57.774956+00
45056,9,GEM Brincellezha#GEM,18,1,153,153,1647,false,2023-09-17 22:36:45+00,2025-10-11 22:04:57.774956+00,2025-10-11 22:04:57.774956+00
45057,9,GEM Brincellezha#GEM,5,1,151,151,1649,false,2020-04-30 19:31:44+00,2025-10-11 22:04:57.774956+00,2025-10-11 22:04:57.774956+00
45058,9,GEM Brincellezha#GEM,1,1,118,118,1682,false,2022-09-21 23:43:48+00,2025-10-11 22:04:57.774956+00,2025-10-11 22:04:57.774956+00
45059,9,GEM Brincellezha#GEM,121,1,109,109,1691,false,2021-02-20 06:52:25+00,2025-10-11 22:04:57.774956+00,2025-10-11 22:04:57.774956+00
45060,42,GEM Debranice#GEM,432,7,50899,8299,2701,false,2025-09-02 02:22:29+00,2025-10-11 22:04:59.328068+00,2025-10-11 22:04:59.328068+00
45061,42,GEM Debranice#GEM,800,4,19106,6506,2494,false,2025-08-31 04:51:06+00,2025-10-11 22:04:59.328068+00,2025-10-11 22:04:59.328068+00
45062,42,GEM Debranice#GEM,902,4,18830,6230,2770,false,2025-09-02 04:39:36+00,2025-10-11 22:04:59.328068+00,2025-10-11 22:04:59.328068+00
45063,42,GEM Debranice#GEM,98,4,13652,1052,7948,false,2025-08-16 01:28:02+00,2025-10-11 22:04:59.328068+00,2025-10-11 22:04:59.328068+00
45064,42,GEM Debranice#GEM,54,3,9047,3047,3553,false,2025-08-16 02:05:41+00,2025-10-11 22:04:59.328068+00,2025-10-11 22:04:59.328068+00
45065,42,GEM Debranice#GEM,99,3,8751,2751,3849,false,2025-08-19 18:08:08+00,2025-10-11 22:04:59.328068+00,2025-10-11 22:04:59.328068+00
45066,42,GEM Debranice#GEM,16,3,7802,1802,4798,false,2025-08-14 20:05:35+00,2025-10-11 22:04:59.328068+00,2025-10-11 22:04:59.328068+00
45067,42,GEM Debranice#GEM,74,3,6915,915,5685,false,2025-08-26 17:42:49+00,2025-10-11 22:04:59.328068+00,2025-10-11 22:04:59.328068+00
45068,42,GEM Debranice#GEM,89,2,4806,3006,1194,false,2025-08-22 01:25:43+00,2025-10-11 22:04:59.328068+00,2025-10-11 22:04:59.328068+00
45069,42,GEM Debranice#GEM,57,2,2855,1055,3145,false,2025-08-23 21:59:37+00,2025-10-11 22:04:59.328068+00,2025-10-11 22:04:59.328068+00
45070,42,GEM Debranice#GEM,202,2,2675,875,3325,false,2025-08-20 15:30:49+00,2025-10-11 22:04:59.328068+00,2025-10-11 22:04:59.328068+00
45071,42,GEM Debranice#GEM,22,2,2612,812,3388,false,2025-08-29 01:55:04+00,2025-10-11 22:04:59.328068+00,2025-10-11 22:04:59.328068+00
45072,42,GEM Debranice#GEM,19,2,2604,804,3396,false,2025-08-16 19:14:00+00,2025-10-11 22:04:59.328068+00,2025-10-11 22:04:59.328068+00
45073,42,GEM Debranice#GEM,111,2,2511,711,3489,false,2025-08-21 15:15:58+00,2025-10-11 22:04:59.328068+00,2025-10-11 22:04:59.328068+00
45074,42,GEM Debranice#GEM,201,2,2409,609,3591,false,2025-08-21 15:40:47+00,2025-10-11 22:04:59.328068+00,2025-10-11 22:04:59.328068+00
45075,42,GEM Debranice#GEM,32,2,2216,416,3784,false,2025-08-16 19:51:27+00,2025-10-11 22:04:59.328068+00,2025-10-11 22:04:59.328068+00
45076,42,GEM Debranice#GEM,53,2,2191,391,3809,false,2025-08-26 15:06:53+00,2025-10-11 22:04:59.328068+00,2025-10-11 22:04:59.328068+00
45077,42,GEM Debranice#GEM,51,2,2050,250,3950,false,2025-08-22 23:46:57+00,2025-10-11 22:04:59.328068+00,2025-10-11 22:04:59.328068+00
45078,42,GEM Debranice#GEM,103,2,1825,25,4175,false,2025-08-23 16:19:55+00,2025-10-11 22:04:59.328068+00,2025-10-11 22:04:59.328068+00
45079,42,GEM Debranice#GEM,96,1,1762,1762,38,false,2025-08-10 02:03:13+00,2025-10-11 22:04:59.328068+00,2025-10-11 22:04:59.328068+00
45080,42,GEM Debranice#GEM,901,1,1640,1640,160,false,2025-08-22 01:53:32+00,2025-10-11 22:04:59.328068+00,2025-10-11 22:04:59.328068+00
45081,42,GEM Debranice#GEM,7,1,1572,1572,228,false,2025-08-23 21:14:00+00,2025-10-11 22:04:59.328068+00,2025-10-11 22:04:59.328068+00
45082,42,GEM Debranice#GEM,245,1,1529,1529,271,false,2025-08-21 23:09:57+00,2025-10-11 22:04:59.328068+00,2025-10-11 22:04:59.328068+00
45083,42,GEM Debranice#GEM,1,1,1357,1357,443,false,2025-08-15 00:32:01+00,2025-10-11 22:04:59.328068+00,2025-10-11 22:04:59.328068+00
45084,42,GEM Debranice#GEM,105,1,1335,1335,465,false,2025-08-14 22:56:25+00,2025-10-11 22:04:59.328068+00,2025-10-11 22:04:59.328068+00
45085,42,GEM Debranice#GEM,43,1,1314,1314,486,false,2025-08-23 15:56:35+00,2025-10-11 22:04:59.328068+00,2025-10-11 22:04:59.328068+00
45086,42,GEM Debranice#GEM,80,1,1216,1216,584,false,2025-08-22 02:22:18+00,2025-10-11 22:04:59.328068+00,2025-10-11 22:04:59.328068+00
45087,42,GEM Debranice#GEM,34,1,1190,1190,610,false,2025-08-14 21:47:23+00,2025-10-11 22:04:59.328068+00,2025-10-11 22:04:59.328068+00
45088,42,GEM Debranice#GEM,526,1,1085,1085,715,false,2025-08-19 01:00:06+00,2025-10-11 22:04:59.328068+00,2025-10-11 22:04:59.328068+00
45089,42,GEM Debranice#GEM,40,1,1082,1082,718,false,2025-08-22 03:06:14+00,2025-10-11 22:04:59.328068+00,2025-10-11 22:04:59.328068+00
45090,42,GEM Debranice#GEM,26,1,1063,1063,737,false,2025-08-10 20:49:00+00,2025-10-11 22:04:59.328068+00,2025-10-11 22:04:59.328068+00
45091,42,GEM Debranice#GEM,133,1,1022,1022,778,false,2025-08-21 00:18:14+00,2025-10-11 22:04:59.328068+00,2025-10-11 22:04:59.328068+00
45092,42,GEM Debranice#GEM,78,1,1003,1003,797,false,2025-08-17 23:27:15+00,2025-10-11 22:04:59.328068+00,2025-10-11 22:04:59.328068+00
45093,42,GEM Debranice#GEM,3,1,991,991,809,false,2025-08-15 00:51:30+00,2025-10-11 22:04:59.328068+00,2025-10-11 22:04:59.328068+00
45094,42,GEM Debranice#GEM,147,1,897,897,903,false,2025-08-20 14:33:23+00,2025-10-11 22:04:59.328068+00,2025-10-11 22:04:59.328068+00
45095,42,GEM Debranice#GEM,18,1,891,891,909,false,2025-08-17 00:13:08+00,2025-10-11 22:04:59.328068+00,2025-10-11 22:04:59.328068+00
45096,42,GEM Debranice#GEM,9,1,641,641,1159,false,2025-08-17 23:06:43+00,2025-10-11 22:04:59.328068+00,2025-10-11 22:04:59.328068+00
45097,42,GEM Debranice#GEM,161,1,601,601,1199,false,2025-08-22 16:04:12+00,2025-10-11 22:04:59.328068+00,2025-10-11 22:04:59.328068+00
45098,42,GEM Debranice#GEM,24,1,541,541,1259,false,2025-08-20 23:41:51+00,2025-10-11 22:04:59.328068+00,2025-10-11 22:04:59.328068+00
45099,42,GEM Debranice#GEM,81,1,506,506,1294,false,2025-08-22 01:04:38+00,2025-10-11 22:04:59.328068+00,2025-10-11 22:04:59.328068+00
45100,42,GEM Debranice#GEM,82,1,467,467,1333,false,2025-08-22 23:31:06+00,2025-10-11 22:04:59.328068+00,2025-10-11 22:04:59.328068+00
45101,42,GEM Debranice#GEM,56,1,453,453,1347,false,2025-08-09 21:14:25+00,2025-10-11 22:04:59.328068+00,2025-10-11 22:04:59.328068+00
45102,42,GEM Debranice#GEM,8,1,442,442,1358,false,2025-08-22 15:08:39+00,2025-10-11 22:04:59.328068+00,2025-10-11 22:04:59.328068+00
45103,42,GEM Debranice#GEM,12,1,429,429,1371,false,2025-08-22 15:31:40+00,2025-10-11 22:04:59.328068+00,2025-10-11 22:04:59.328068+00
45104,42,GEM Debranice#GEM,110,1,413,413,1387,false,2025-08-21 02:49:12+00,2025-10-11 22:04:59.328068+00,2025-10-11 22:04:59.328068+00
45105,42,GEM Debranice#GEM,950,1,395,395,1405,false,2025-08-21 23:46:48+00,2025-10-11 22:04:59.328068+00,2025-10-11 22:04:59.328068+00
45106,42,GEM Debranice#GEM,90,1,330,330,1470,false,2025-08-21 01:21:40+00,2025-10-11 22:04:59.328068+00,2025-10-11 22:04:59.328068+00
45107,17,GEM Blaandelvals#GEM,117,5,22258,658,9342,false,2025-10-03 02:56:33+00,2025-10-11 22:05:15.759879+00,2025-10-11 22:05:15.759879+00
45108,17,GEM Blaandelvals#GEM,7,4,18516,5916,3084,false,2025-04-11 01:50:42+00,2025-10-11 22:05:15.759879+00,2025-10-11 22:05:15.759879+00
45109,17,GEM Blaandelvals#GEM,22,4,16606,4006,4994,false,2025-09-16 14:59:42+00,2025-10-11 22:05:15.759879+00,2025-10-11 22:05:15.759879+00
45110,17,GEM Blaandelvals#GEM,412,4,14623,2023,6977,false,2025-09-20 22:45:16+00,2025-10-11 22:05:15.759879+00,2025-10-11 22:05:15.759879+00
45111,17,GEM Blaandelvals#GEM,67,4,14611,2011,6989,false,2025-10-05 17:27:54+00,2025-10-11 22:05:15.759879+00,2025-10-11 22:05:15.759879+00
45112,17,GEM Blaandelvals#GEM,21,4,13535,935,8065,false,2025-10-04 21:45:22+00,2025-10-11 22:05:15.759879+00,2025-10-11 22:05:15.759879+00
45113,17,GEM Blaandelvals#GEM,517,3,12421,6421,179,false,2025-10-04 02:26:42+00,2025-10-11 22:05:15.759879+00,2025-10-11 22:05:15.759879+00
45114,17,GEM Blaandelvals#GEM,32,3,8592,2592,4008,false,2023-11-05 21:39:49+00,2025-10-11 22:05:15.759879+00,2025-10-11 22:05:15.759879+00
45115,17,GEM Blaandelvals#GEM,31,3,7612,1612,4988,false,2025-10-04 17:48:38+00,2025-10-11 22:05:15.759879+00,2025-10-11 22:05:15.759879+00
45116,17,GEM Blaandelvals#GEM,89,3,6412,412,6188,false,2025-09-11 16:42:39+00,2025-10-11 22:05:15.759879+00,2025-10-11 22:05:15.759879+00
45117,17,GEM Blaandelvals#GEM,39,3,6077,77,6523,false,2025-08-12 16:50:23+00,2025-10-11 22:05:15.759879+00,2025-10-11 22:05:15.759879+00
45118,17,GEM Blaandelvals#GEM,99,2,5755,3955,245,false,2025-09-30 23:18:59+00,2025-10-11 22:05:15.759879+00,2025-10-11 22:05:15.759879+00
45119,17,GEM Blaandelvals#GEM,35,2,4779,2979,1221,false,2025-10-04 17:02:15+00,2025-10-11 22:05:15.759879+00,2025-10-11 22:05:15.759879+00
45120,17,GEM Blaandelvals#GEM,1,2,4735,2935,1265,false,2025-07-25 04:07:29+00,2025-10-11 22:05:15.759879+00,2025-10-11 22:05:15.759879+00
45121,17,GEM Blaandelvals#GEM,110,2,4545,2745,1455,false,2025-10-02 04:57:59+00,2025-10-11 22:05:15.759879+00,2025-10-11 22:05:15.759879+00
45122,17,GEM Blaandelvals#GEM,51,2,4244,2444,1756,false,2025-08-14 20:27:37+00,2025-10-11 22:05:15.759879+00,2025-10-11 22:05:15.759879+00
45123,17,GEM Blaandelvals#GEM,106,2,3786,1986,2214,false,2025-10-04 15:50:11+00,2025-10-11 22:05:15.759879+00,2025-10-11 22:05:15.759879+00
45124,17,GEM Blaandelvals#GEM,90,2,3113,1313,2887,false,2025-10-05 00:23:19+00,2025-10-11 22:05:15.759879+00,2025-10-11 22:05:15.759879+00
45125,17,GEM Blaandelvals#GEM,63,2,3112,1312,2888,false,2023-11-01 23:14:50+00,2025-10-11 22:05:15.759879+00,2025-10-11 22:05:15.759879+00
45126,17,GEM Blaandelvals#GEM,15,2,3077,1277,2923,false,2025-09-19 05:21:07+00,2025-10-11 22:05:15.759879+00,2025-10-11 22:05:15.759879+00
45127,17,GEM Blaandelvals#GEM,234,2,2682,882,3318,false,2025-10-04 15:15:16+00,2025-10-11 22:05:15.759879+00,2025-10-11 22:05:15.759879+00
45128,17,GEM Blaandelvals#GEM,24,2,2592,792,3408,false,2025-09-11 22:12:49+00,2025-10-11 22:05:15.759879+00,2025-10-11 22:05:15.759879+00
45129,17,GEM Blaandelvals#GEM,122,2,2487,687,3513,false,2025-09-11 19:49:15+00,2025-10-11 22:05:15.759879+00,2025-10-11 22:05:15.759879+00
45130,17,GEM Blaandelvals#GEM,131,2,2346,546,3654,false,2025-04-11 01:17:43+00,2025-10-11 22:05:15.759879+00,2025-10-11 22:05:15.759879+00
45131,17,GEM Blaandelvals#GEM,103,2,2339,539,3661,false,2025-10-04 19:06:47+00,2025-10-11 22:05:15.759879+00,2025-10-11 22:05:15.759879+00
45132,17,GEM Blaandelvals#GEM,45,2,2295,495,3705,false,2025-08-11 03:49:04+00,2025-10-11 22:05:15.759879+00,2025-10-11 22:05:15.759879+00
45133,17,GEM Blaandelvals#GEM,80,2,2132,332,3868,false,2025-08-15 01:13:56+00,2025-10-11 22:05:15.759879+00,2025-10-11 22:05:15.759879+00
45134,17,GEM Blaandelvals#GEM,516,2,1958,158,4042,false,2025-09-21 15:57:35+00,2025-10-11 22:05:15.759879+00,2025-10-11 22:05:15.759879+00
45135,17,GEM Blaandelvals#GEM,233,2,1892,92,4108,false,2025-09-27 05:34:42+00,2025-10-11 22:05:15.759879+00,2025-10-11 22:05:15.759879+00
45136,17,GEM Blaandelvals#GEM,25,1,1766,1766,34,false,2025-08-10 21:52:28+00,2025-10-11 22:05:15.759879+00,2025-10-11 22:05:15.759879+00
45137,17,GEM Blaandelvals#GEM,777,1,1699,1699,101,false,2023-12-05 20:56:35+00,2025-10-11 22:05:15.759879+00,2025-10-11 22:05:15.759879+00
45138,17,GEM Blaandelvals#GEM,23,1,1643,1643,157,false,2025-07-25 20:13:50+00,2025-10-11 22:05:15.759879+00,2025-10-11 22:05:15.759879+00
45139,17,GEM Blaandelvals#GEM,238,1,1518,1518,282,false,2023-12-11 00:22:50+00,2025-10-11 22:05:15.759879+00,2025-10-11 22:05:15.759879+00
45140,17,GEM Blaandelvals#GEM,19,1,1510,1510,290,false,2025-09-11 01:54:17+00,2025-10-11 22:05:15.759879+00,2025-10-11 22:05:15.759879+00
45141,17,GEM Blaandelvals#GEM,20,1,1404,1404,396,false,2025-09-27 18:54:17+00,2025-10-11 22:05:15.759879+00,2025-10-11 22:05:15.759879+00
45142,17,GEM Blaandelvals#GEM,57,1,1383,1383,417,false,2023-10-24 23:55:44+00,2025-10-11 22:05:15.759879+00,2025-10-11 22:05:15.759879+00
45143,17,GEM Blaandelvals#GEM,222,1,1372,1372,428,false,2025-10-02 02:18:06+00,2025-10-11 22:05:15.759879+00,2025-10-11 22:05:15.759879+00
45144,17,GEM Blaandelvals#GEM,800,1,1328,1328,472,false,2025-08-11 23:02:04+00,2025-10-11 22:05:15.759879+00,2025-10-11 22:05:15.759879+00
45145,17,GEM Blaandelvals#GEM,86,1,1292,1292,508,false,2025-09-30 20:09:19+00,2025-10-11 22:05:15.759879+00,2025-10-11 22:05:15.759879+00
45146,17,GEM Blaandelvals#GEM,902,1,1266,1266,534,false,2025-09-14 16:16:23+00,2025-10-11 22:05:15.759879+00,2025-10-11 22:05:15.759879+00
45147,17,GEM Blaandelvals#GEM,17,1,1216,1216,584,false,2025-10-03 00:45:21+00,2025-10-11 22:05:15.759879+00,2025-10-11 22:05:15.759879+00
45148,17,GEM Blaandelvals#GEM,420,1,1204,1204,596,false,2023-12-02 23:19:04+00,2025-10-11 22:05:15.759879+00,2025-10-11 22:05:15.759879+00
45149,17,GEM Blaandelvals#GEM,115,1,1185,1185,615,false,2023-12-04 01:27:43+00,2025-10-11 22:05:15.759879+00,2025-10-11 22:05:15.759879+00
45150,17,GEM Blaandelvals#GEM,555,1,1086,1086,714,false,2025-08-19 02:08:08+00,2025-10-11 22:05:15.759879+00,2025-10-11 22:05:15.759879+00
45151,17,GEM Blaandelvals#GEM,3,1,1032,1032,768,false,2025-09-27 05:02:58+00,2025-10-11 22:05:15.759879+00,2025-10-11 22:05:15.759879+00
45152,17,GEM Blaandelvals#GEM,10,1,1022,1022,778,false,2025-08-19 01:00:06+00,2025-10-11 22:05:15.759879+00,2025-10-11 22:05:15.759879+00
45153,17,GEM Blaandelvals#GEM,76,1,1015,1015,785,false,2025-08-12 17:34:46+00,2025-10-11 22:05:15.759879+00,2025-10-11 22:05:15.759879+00
45154,17,GEM Blaandelvals#GEM,92,1,991,991,809,false,2023-12-06 14:31:40+00,2025-10-11 22:05:15.759879+00,2025-10-11 22:05:15.759879+00
45155,17,GEM Blaandelvals#GEM,105,1,919,919,881,false,2023-12-21 22:04:16+00,2025-10-11 22:05:15.759879+00,2025-10-11 22:05:15.759879+00
45156,17,GEM Blaandelvals#GEM,53,1,895,895,905,false,2023-12-05 18:30:53+00,2025-10-11 22:05:15.759879+00,2025-10-11 22:05:15.759879+00
45157,17,GEM Blaandelvals#GEM,30,1,868,868,932,false,2023-11-01 19:44:10+00,2025-10-11 22:05:15.759879+00,2025-10-11 22:05:15.759879+00
45158,17,GEM Blaandelvals#GEM,150,1,866,866,934,false,2025-10-04 18:30:08+00,2025-10-11 22:05:15.759879+00,2025-10-11 22:05:15.759879+00
45159,17,GEM Blaandelvals#GEM,133,1,816,816,984,false,2023-09-20 00:07:11+00,2025-10-11 22:05:15.759879+00,2025-10-11 22:05:15.759879+00
45160,17,GEM Blaandelvals#GEM,950,1,811,811,989,false,2025-08-09 15:49:42+00,2025-10-11 22:05:15.759879+00,2025-10-11 22:05:15.759879+00
45161,17,GEM Blaandelvals#GEM,201,1,788,788,1012,false,2023-12-10 18:03:10+00,2025-10-11 22:05:15.759879+00,2025-10-11 22:05:15.759879+00
45162,17,GEM Blaandelvals#GEM,161,1,778,778,1022,false,2023-12-08 20:43:15+00,2025-10-11 22:05:15.759879+00,2025-10-11 22:05:15.759879+00
45163,17,GEM Blaandelvals#GEM,8,1,723,723,1077,false,2023-12-03 18:09:19+00,2025-10-11 22:05:15.759879+00,2025-10-11 22:05:15.759879+00
45164,17,GEM Blaandelvals#GEM,18,1,721,721,1079,false,2025-10-02 00:47:53+00,2025-10-11 22:05:15.759879+00,2025-10-11 22:05:15.759879+00
45165,17,GEM Blaandelvals#GEM,82,1,682,682,1118,false,2025-08-07 21:47:06+00,2025-10-11 22:05:15.759879+00,2025-10-11 22:05:15.759879+00
45166,17,GEM Blaandelvals#GEM,50,1,671,671,1129,false,2023-10-17 23:15:06+00,2025-10-11 22:05:15.759879+00,2025-10-11 22:05:15.759879+00
45167,17,GEM Blaandelvals#GEM,154,1,665,665,1135,false,2025-08-19 02:33:33+00,2025-10-11 22:05:15.759879+00,2025-10-11 22:05:15.759879+00
45168,17,GEM Blaandelvals#GEM,203,1,641,641,1159,false,2023-11-05 14:34:49+00,2025-10-11 22:05:15.759879+00,2025-10-11 22:05:15.759879+00
45169,17,GEM Blaandelvals#GEM,266,1,615,615,1185,false,2023-12-01 20:52:33+00,2025-10-11 22:05:15.759879+00,2025-10-11 22:05:15.759879+00
45170,17,GEM Blaandelvals#GEM,37,1,614,614,1186,false,2023-11-01 20:05:31+00,2025-10-11 22:05:15.759879+00,2025-10-11 22:05:15.759879+00
45171,17,GEM Blaandelvals#GEM,29,1,598,598,1202,false,2025-08-10 22:52:39+00,2025-10-11 22:05:15.759879+00,2025-10-11 22:05:15.759879+00
45172,17,GEM Blaandelvals#GEM,901,1,598,598,1202,false,2025-09-24 01:53:29+00,2025-10-11 22:05:15.759879+00,2025-10-11 22:05:15.759879+00
45173,17,GEM Blaandelvals#GEM,78,1,586,586,1214,false,2023-11-01 19:10:53+00,2025-10-11 22:05:15.759879+00,2025-10-11 22:05:15.759879+00
45174,17,GEM Blaandelvals#GEM,111,1,584,584,1216,false,2023-12-01 15:17:15+00,2025-10-11 22:05:15.759879+00,2025-10-11 22:05:15.759879+00
45175,17,GEM Blaandelvals#GEM,147,1,514,514,1286,false,2023-09-02 20:46:44+00,2025-10-11 22:05:15.759879+00,2025-10-11 22:05:15.759879+00
45176,17,GEM Blaandelvals#GEM,62,1,497,497,1303,false,2025-08-19 01:21:24+00,2025-10-11 22:05:15.759879+00,2025-10-11 22:05:15.759879+00
45177,17,GEM Blaandelvals#GEM,54,1,347,347,1453,false,2023-12-03 16:59:06+00,2025-10-11 22:05:15.759879+00,2025-10-11 22:05:15.759879+00
45178,17,GEM Blaandelvals#GEM,202,1,309,309,1491,false,2023-08-27 01:28:29+00,2025-10-11 22:05:15.759879+00,2025-10-11 22:05:15.759879+00
45179,17,GEM Blaandelvals#GEM,254,1,243,243,1557,false,2023-12-06 16:05:48+00,2025-10-11 22:05:15.759879+00,2025-10-11 22:05:15.759879+00
45180,17,GEM Blaandelvals#GEM,34,1,220,220,1580,false,2023-09-16 17:56:19+00,2025-10-11 22:05:15.759879+00,2025-10-11 22:05:15.759879+00
45181,17,GEM Blaandelvals#GEM,267,1,208,208,1592,false,2023-09-03 20:49:14+00,2025-10-11 22:05:15.759879+00,2025-10-11 22:05:15.759879+00
45182,17,GEM Blaandelvals#GEM,55,1,204,204,1596,false,2023-11-05 18:41:16+00,2025-10-11 22:05:15.759879+00,2025-10-11 22:05:15.759879+00
45183,17,GEM Blaandelvals#GEM,121,1,198,198,1602,false,2023-12-07 20:18:26+00,2025-10-11 22:05:15.759879+00,2025-10-11 22:05:15.759879+00
45184,17,GEM Blaandelvals#GEM,350,1,145,145,1655,false,2024-01-02 06:03:01+00,2025-10-11 22:05:15.759879+00,2025-10-11 22:05:15.759879+00
45185,17,GEM Blaandelvals#GEM,81,1,119,119,1681,false,2023-12-03 01:45:14+00,2025-10-11 22:05:15.759879+00,2025-10-11 22:05:15.759879+00
45186,17,GEM Blaandelvals#GEM,11,1,118,118,1682,false,2023-12-02 15:47:53+00,2025-10-11 22:05:15.759879+00,2025-10-11 22:05:15.759879+00
45187,17,GEM Blaandelvals#GEM,9,1,113,113,1687,false,2023-12-02 16:32:48+00,2025-10-11 22:05:15.759879+00,2025-10-11 22:05:15.759879+00
45188,17,GEM Blaandelvals#GEM,13,1,108,108,1692,false,2023-12-05 15:46:11+00,2025-10-11 22:05:15.759879+00,2025-10-11 22:05:15.759879+00
45189,17,GEM Blaandelvals#GEM,498,1,70,70,1730,false,2023-12-06 15:04:38+00,2025-10-11 22:05:15.759879+00,2025-10-11 22:05:15.759879+00
45190,22,GEM Glacelynne#GEM,111,7,39356,0,14244,false,2025-03-29 02:48:41+00,2025-10-11 22:05:17.291432+00,2025-10-11 22:05:17.291432+00
45191,22,GEM Glacelynne#GEM,201,7,38293,0,15307,false,2022-09-04 06:47:48+00,2025-10-11 22:05:17.291432+00,2025-10-11 22:05:17.291432+00
45192,22,GEM Glacelynne#GEM,29,6,34800,3200,7800,false,2025-09-11 16:42:39+00,2025-10-11 22:05:17.291432+00,2025-10-11 22:05:17.291432+00
45193,22,GEM Glacelynne#GEM,350,6,33481,1881,9119,false,2025-09-11 23:39:32+00,2025-10-11 22:05:17.291432+00,2025-10-11 22:05:17.291432+00
45194,22,GEM Glacelynne#GEM,236,7,32570,0,21030,false,2023-07-15 18:18:21+00,2025-10-11 22:05:17.291432+00,2025-10-11 22:05:17.291432+00
45195,22,GEM Glacelynne#GEM,131,6,31936,336,10664,false,2022-11-10 16:55:45+00,2025-10-11 22:05:17.291432+00,2025-10-11 22:05:17.291432+00
45196,22,GEM Glacelynne#GEM,106,5,25741,4141,5859,false,2022-09-03 05:32:32+00,2025-10-11 22:05:17.291432+00,2025-10-11 22:05:17.291432+00
45197,22,GEM Glacelynne#GEM,84,4,17957,5357,3643,false,2025-07-27 03:01:35+00,2025-10-11 22:05:17.291432+00,2025-10-11 22:05:17.291432+00
45198,22,GEM Glacelynne#GEM,43,4,15427,2827,6173,false,2022-10-31 21:20:14+00,2025-10-11 22:05:17.291432+00,2025-10-11 22:05:17.291432+00
45199,22,GEM Glacelynne#GEM,412,4,15106,2506,6494,false,2025-07-24 23:13:13+00,2025-10-11 22:05:17.291432+00,2025-10-11 22:05:17.291432+00
45200,22,GEM Glacelynne#GEM,32,4,12894,294,8706,false,2025-04-12 00:44:11+00,2025-10-11 22:05:17.291432+00,2025-10-11 22:05:17.291432+00
45201,22,GEM Glacelynne#GEM,18,4,12797,197,8803,false,2025-03-23 01:42:15+00,2025-10-11 22:05:17.291432+00,2025-10-11 22:05:17.291432+00
45202,22,GEM Glacelynne#GEM,145,3,12114,6114,486,false,2023-09-16 18:26:56+00,2025-10-11 22:05:17.291432+00,2025-10-11 22:05:17.291432+00
45203,22,GEM Glacelynne#GEM,523,3,11878,5878,722,false,2023-09-14 14:37:58+00,2025-10-11 22:05:17.291432+00,2025-10-11 22:05:17.291432+00
45204,22,GEM Glacelynne#GEM,99,3,10656,4656,1944,false,2025-03-30 01:46:20+00,2025-10-11 22:05:17.291432+00,2025-10-11 22:05:17.291432+00
45205,22,GEM Glacelynne#GEM,267,3,9474,3474,3126,false,2023-07-26 20:24:02+00,2025-10-11 22:05:17.291432+00,2025-10-11 22:05:17.291432+00
45206,22,GEM Glacelynne#GEM,89,3,8838,2838,3762,false,2025-09-03 20:48:53+00,2025-10-11 22:05:17.291432+00,2025-10-11 22:05:17.291432+00
45207,22,GEM Glacelynne#GEM,19,3,8705,2705,3895,false,2022-11-05 03:25:33+00,2025-10-11 22:05:17.291432+00,2025-10-11 22:05:17.291432+00
45208,22,GEM Glacelynne#GEM,222,3,7723,1723,4877,false,2025-09-11 22:12:49+00,2025-10-11 22:05:17.291432+00,2025-10-11 22:05:17.291432+00
45209,22,GEM Glacelynne#GEM,13,3,6800,800,5800,false,2025-07-27 03:47:08+00,2025-10-11 22:05:17.291432+00,2025-10-11 22:05:17.291432+00
45210,22,GEM Glacelynne#GEM,25,3,6050,50,6550,false,2022-07-07 01:10:00+00,2025-10-11 22:05:17.291432+00,2025-10-11 22:05:17.291432+00
45211,22,GEM Glacelynne#GEM,86,2,5579,3779,421,false,2025-03-30 00:29:51+00,2025-10-11 22:05:17.291432+00,2025-10-11 22:05:17.291432+00
45212,22,GEM Glacelynne#GEM,98,2,5426,3626,574,false,2023-02-01 02:00:06+00,2025-10-11 22:05:17.291432+00,2025-10-11 22:05:17.291432+00
45213,22,GEM Glacelynne#GEM,22,2,4927,3127,1073,false,2023-07-26 20:52:36+00,2025-10-11 22:05:17.291432+00,2025-10-11 22:05:17.291432+00
45214,22,GEM Glacelynne#GEM,64,2,4453,2653,1547,false,2025-07-27 02:20:05+00,2025-10-11 22:05:17.291432+00,2025-10-11 22:05:17.291432+00
45215,22,GEM Glacelynne#GEM,133,2,4013,2213,1987,false,2022-06-18 20:39:16+00,2025-10-11 22:05:17.291432+00,2025-10-11 22:05:17.291432+00
45216,22,GEM Glacelynne#GEM,161,2,3775,1975,2225,false,2025-03-24 04:37:46+00,2025-10-11 22:05:17.291432+00,2025-10-11 22:05:17.291432+00
45217,22,GEM Glacelynne#GEM,21,2,3636,1836,2364,false,2022-10-13 00:40:11+00,2025-10-11 22:05:17.291432+00,2025-10-11 22:05:17.291432+00
45218,22,GEM Glacelynne#GEM,266,2,3359,1559,2641,false,2023-02-03 02:42:54+00,2025-10-11 22:05:17.291432+00,2025-10-11 22:05:17.291432+00
45219,22,GEM Glacelynne#GEM,10,2,3333,1533,2667,false,2022-10-06 18:22:57+00,2025-10-11 22:05:17.291432+00,2025-10-11 22:05:17.291432+00
45220,22,GEM Glacelynne#GEM,120,2,3164,1364,2836,false,2021-02-23 04:29:38+00,2025-10-11 22:05:17.291432+00,2025-10-11 22:05:17.291432+00
45221,22,GEM Glacelynne#GEM,15,2,3100,1300,2900,false,2022-10-13 00:02:57+00,2025-10-11 22:05:17.291432+00,2025-10-11 22:05:17.291432+00
45222,22,GEM Glacelynne#GEM,30,2,2866,1066,3134,false,2022-09-04 05:24:07+00,2025-10-11 22:05:17.291432+00,2025-10-11 22:05:17.291432+00
45223,22,GEM Glacelynne#GEM,268,2,2549,749,3451,false,2022-09-04 03:41:48+00,2025-10-11 22:05:17.291432+00,2025-10-11 22:05:17.291432+00
45224,22,GEM Glacelynne#GEM,245,2,2302,502,3698,false,2025-03-24 03:22:41+00,2025-10-11 22:05:17.291432+00,2025-10-11 22:05:17.291432+00
45225,22,GEM Glacelynne#GEM,12,2,2144,344,3856,false,2021-02-21 17:30:05+00,2025-10-11 22:05:17.291432+00,2025-10-11 22:05:17.291432+00
45226,22,GEM Glacelynne#GEM,55,2,2128,328,3872,false,2022-08-21 22:52:12+00,2025-10-11 22:05:17.291432+00,2025-10-11 22:05:17.291432+00
45227,22,GEM Glacelynne#GEM,16,2,1863,63,4137,false,2022-10-14 17:42:10+00,2025-10-11 22:05:17.291432+00,2025-10-11 22:05:17.291432+00
45228,22,GEM Glacelynne#GEM,75,1,1821,1821,-21,false,2025-03-29 04:05:36+00,2025-10-11 22:05:17.291432+00,2025-10-11 22:05:17.291432+00
45229,22,GEM Glacelynne#GEM,235,1,1703,1703,97,false,2022-09-04 04:30:34+00,2025-10-11 22:05:17.291432+00,2025-10-11 22:05:17.291432+00
45230,22,GEM Glacelynne#GEM,68,1,1536,1536,264,false,2025-03-24 02:45:41+00,2025-10-11 22:05:17.291432+00,2025-10-11 22:05:17.291432+00
45231,22,GEM Glacelynne#GEM,78,1,1501,1501,299,false,2023-10-17 22:58:24+00,2025-10-11 22:05:17.291432+00,2025-10-11 22:05:17.291432+00
45232,22,GEM Glacelynne#GEM,80,1,1489,1489,311,false,2023-10-22 00:19:25+00,2025-10-11 22:05:17.291432+00,2025-10-11 22:05:17.291432+00
45233,22,GEM Glacelynne#GEM,45,1,1453,1453,347,false,2020-02-08 00:38:27+00,2025-10-11 22:05:17.291432+00,2025-10-11 22:05:17.291432+00
45234,22,GEM Glacelynne#GEM,234,1,1425,1425,375,false,2021-02-07 23:17:46+00,2025-10-11 22:05:17.291432+00,2025-10-11 22:05:17.291432+00
45235,22,GEM Glacelynne#GEM,67,1,1394,1394,406,false,2022-07-07 02:18:34+00,2025-10-11 22:05:17.291432+00,2025-10-11 22:05:17.291432+00
45236,22,GEM Glacelynne#GEM,34,1,1392,1392,408,false,2025-09-08 20:10:09+00,2025-10-11 22:05:17.291432+00,2025-10-11 22:05:17.291432+00
45237,22,GEM Glacelynne#GEM,37,1,1297,1297,503,false,2022-07-09 22:00:47+00,2025-10-11 22:05:17.291432+00,2025-10-11 22:05:17.291432+00
45238,22,GEM Glacelynne#GEM,1,1,1247,1247,553,false,2025-03-30 02:30:15+00,2025-10-11 22:05:17.291432+00,2025-10-11 22:05:17.291432+00
45239,22,GEM Glacelynne#GEM,4,1,1175,1175,625,false,2025-07-27 01:33:22+00,2025-10-11 22:05:17.291432+00,2025-10-11 22:05:17.291432+00
45240,22,GEM Glacelynne#GEM,107,1,1162,1162,638,false,2022-07-07 00:45:41+00,2025-10-11 22:05:17.291432+00,2025-10-11 22:05:17.291432+00
45241,22,GEM Glacelynne#GEM,429,1,1076,1076,724,false,2020-12-29 16:35:51+00,2025-10-11 22:05:17.291432+00,2025-10-11 22:05:17.291432+00
45242,22,GEM Glacelynne#GEM,31,1,1013,1013,787,false,2025-03-30 01:07:20+00,2025-10-11 22:05:17.291432+00,2025-10-11 22:05:17.291432+00
45243,22,GEM Glacelynne#GEM,420,1,997,997,803,false,2025-07-24 21:58:22+00,2025-10-11 22:05:17.291432+00,2025-10-11 22:05:17.291432+00
45244,22,GEM Glacelynne#GEM,20,1,869,869,931,false,2025-03-28 19:31:28+00,2025-10-11 22:05:17.291432+00,2025-10-11 22:05:17.291432+00
45245,22,GEM Glacelynne#GEM,63,1,851,851,949,false,2022-05-25 20:57:41+00,2025-10-11 22:05:17.291432+00,2025-10-11 22:05:17.291432+00
45246,22,GEM Glacelynne#GEM,51,1,847,847,953,false,2025-03-23 01:00:31+00,2025-10-11 22:05:17.291432+00,2025-10-11 22:05:17.291432+00
45247,22,GEM Glacelynne#GEM,122,1,778,778,1022,false,2025-07-26 22:56:56+00,2025-10-11 22:05:17.291432+00,2025-10-11 22:05:17.291432+00
45248,22,GEM Glacelynne#GEM,113,1,768,768,1032,false,2025-07-25 22:57:38+00,2025-10-11 22:05:17.291432+00,2025-10-11 22:05:17.291432+00
45249,22,GEM Glacelynne#GEM,57,1,730,730,1070,false,2022-06-10 20:13:53+00,2025-10-11 22:05:17.291432+00,2025-10-11 22:05:17.291432+00
45250,22,GEM Glacelynne#GEM,5,1,716,716,1084,false,2022-06-18 21:54:59+00,2025-10-11 22:05:17.291432+00,2025-10-11 22:05:17.291432+00
45251,22,GEM Glacelynne#GEM,54,1,653,653,1147,false,2022-08-18 21:52:22+00,2025-10-11 22:05:17.291432+00,2025-10-11 22:05:17.291432+00
45252,22,GEM Glacelynne#GEM,81,1,650,650,1150,false,2020-06-15 21:15:41+00,2025-10-11 22:05:17.291432+00,2025-10-11 22:05:17.291432+00
45253,22,GEM Glacelynne#GEM,24,1,650,650,1150,false,2022-09-04 06:25:26+00,2025-10-11 22:05:17.291432+00,2025-10-11 22:05:17.291432+00
45254,22,GEM Glacelynne#GEM,40,1,547,547,1253,false,2022-06-10 23:42:48+00,2025-10-11 22:05:17.291432+00,2025-10-11 22:05:17.291432+00
45255,22,GEM Glacelynne#GEM,110,1,517,517,1283,false,2022-07-07 23:26:21+00,2025-10-11 22:05:17.291432+00,2025-10-11 22:05:17.291432+00
45256,22,GEM Glacelynne#GEM,82,1,458,458,1342,false,2022-09-04 04:46:18+00,2025-10-11 22:05:17.291432+00,2025-10-11 22:05:17.291432+00
45257,22,GEM Glacelynne#GEM,36,1,419,419,1381,false,2023-07-14 03:29:04+00,2025-10-11 22:05:17.291432+00,2025-10-11 22:05:17.291432+00
45258,22,GEM Glacelynne#GEM,83,1,395,395,1405,false,2025-03-29 03:11:35+00,2025-10-11 22:05:17.291432+00,2025-10-11 22:05:17.291432+00
45259,22,GEM Glacelynne#GEM,238,1,388,388,1412,false,2022-06-04 20:50:39+00,2025-10-11 22:05:17.291432+00,2025-10-11 22:05:17.291432+00
45260,22,GEM Glacelynne#GEM,8,1,243,243,1557,false,2022-07-06 23:17:19+00,2025-10-11 22:05:17.291432+00,2025-10-11 22:05:17.291432+00
45261,22,GEM Glacelynne#GEM,498,1,225,225,1575,false,2022-07-07 22:30:23+00,2025-10-11 22:05:17.291432+00,2025-10-11 22:05:17.291432+00
45262,22,GEM Glacelynne#GEM,203,1,201,201,1599,false,2022-06-06 11:42:35+00,2025-10-11 22:05:17.291432+00,2025-10-11 22:05:17.291432+00
45263,22,GEM Glacelynne#GEM,92,1,152,152,1648,false,2022-06-01 23:05:21+00,2025-10-11 22:05:17.291432+00,2025-10-11 22:05:17.291432+00
45264,22,GEM Glacelynne#GEM,77,1,147,147,1653,false,2022-06-03 19:10:06+00,2025-10-11 22:05:17.291432+00,2025-10-11 22:05:17.291432+00
45265,22,GEM Glacelynne#GEM,101,1,146,146,1654,false,2020-03-26 20:44:51+00,2025-10-11 22:05:17.291432+00,2025-10-11 22:05:17.291432+00
45266,22,GEM Glacelynne#GEM,432,1,139,139,1661,false,2022-06-14 21:31:37+00,2025-10-11 22:05:17.291432+00,2025-10-11 22:05:17.291432+00
45267,22,GEM Glacelynne#GEM,555,1,105,105,1695,false,2022-05-30 02:25:37+00,2025-10-11 22:05:17.291432+00,2025-10-11 22:05:17.291432+00
45268,22,GEM Glacelynne#GEM,103,1,95,95,1705,false,2022-06-11 10:56:44+00,2025-10-11 22:05:17.291432+00,2025-10-11 22:05:17.291432+00
45269,44,GEM Golzendants#GEM,234,6,42480,10880,120,false,2025-09-08 12:20:20+00,2025-10-11 22:05:18.812213+00,2025-10-11 22:05:18.812213+00
45270,44,GEM Golzendants#GEM,84,5,11306,5306,1294,false,2025-10-07 20:56:13+00,2025-10-11 22:05:18.812213+00,2025-12-21 04:22:15.6333+00
45271,44,GEM Golzendants#GEM,157,7,4484,2684,1516,false,2025-09-08 19:38:07+00,2025-10-11 22:05:18.812213+00,2025-12-23 23:26:12.541416+00
45272,44,GEM Golzendants#GEM,39,2,2348,548,3652,false,2025-08-22 03:06:14+00,2025-10-11 22:05:18.812213+00,2025-10-11 22:05:18.812213+00
45273,44,GEM Golzendants#GEM,29,2,2117,317,3883,false,2025-09-16 23:41:03+00,2025-10-11 22:05:18.812213+00,2025-10-11 22:05:18.812213+00
45274,44,GEM Golzendants#GEM,350,1,1789,1789,11,false,2025-10-01 22:00:39+00,2025-10-11 22:05:18.812213+00,2025-10-11 22:05:18.812213+00
45275,44,GEM Golzendants#GEM,78,1,1692,1692,108,false,2025-09-04 13:39:58+00,2025-10-11 22:05:18.812213+00,2025-10-11 22:05:18.812213+00
45276,44,GEM Golzendants#GEM,122,1,1532,1532,268,false,2025-08-22 20:41:52+00,2025-10-11 22:05:18.812213+00,2025-10-11 22:05:18.812213+00
45277,44,GEM Golzendants#GEM,113,1,1491,1491,309,false,2025-09-08 18:01:01+00,2025-10-11 22:05:18.812213+00,2025-10-11 22:05:18.812213+00
45278,44,GEM Golzendants#GEM,266,1,1474,1474,326,false,2025-09-08 20:10:09+00,2025-10-11 22:05:18.812213+00,2025-10-11 22:05:18.812213+00
45279,44,GEM Golzendants#GEM,222,1,1420,1420,380,false,2025-10-02 19:26:30+00,2025-10-11 22:05:18.812213+00,2025-10-11 22:05:18.812213+00
45280,44,GEM Golzendants#GEM,202,1,1051,1051,749,false,2025-08-31 19:56:24+00,2025-10-11 22:05:18.812213+00,2025-10-11 22:05:18.812213+00
45281,44,GEM Golzendants#GEM,82,1,977,977,823,false,2025-09-02 14:10:43+00,2025-10-11 22:05:18.812213+00,2025-10-11 22:05:18.812213+00
45282,44,GEM Golzendants#GEM,54,1,937,937,863,false,2025-09-04 20:35:04+00,2025-10-11 22:05:18.812213+00,2025-10-11 22:05:18.812213+00
45283,44,GEM Golzendants#GEM,64,1,908,908,892,false,2025-08-31 21:23:59+00,2025-10-11 22:05:18.812213+00,2025-10-11 22:05:18.812213+00
45284,44,GEM Golzendants#GEM,92,1,846,846,954,false,2025-08-22 23:46:57+00,2025-10-11 22:05:18.812213+00,2025-10-11 22:05:18.812213+00
45285,44,GEM Golzendants#GEM,1,1,695,695,1105,false,2025-08-22 16:04:12+00,2025-10-11 22:05:18.812213+00,2025-10-11 22:05:18.812213+00
45286,44,GEM Golzendants#GEM,24,1,669,669,1131,false,2025-08-31 20:13:10+00,2025-10-11 22:05:18.812213+00,2025-10-11 22:05:18.812213+00
45287,44,GEM Golzendants#GEM,31,1,561,561,1239,false,2025-08-22 23:31:06+00,2025-10-11 22:05:18.812213+00,2025-10-11 22:05:18.812213+00
45288,44,GEM Golzendants#GEM,30,1,532,532,1268,false,2025-08-22 15:31:40+00,2025-10-11 22:05:18.812213+00,2025-10-11 22:05:18.812213+00
45289,45,GEM Argyndorness#GEM,222,2,2394,594,3606,false,2025-08-31 21:04:56+00,2025-10-11 22:05:35.236219+00,2025-10-11 22:05:35.236219+00
45290,45,GEM Argyndorness#GEM,82,1,1729,1729,71,false,2025-10-06 17:31:13+00,2025-10-11 22:05:35.236219+00,2025-10-11 22:05:35.236219+00
45291,45,GEM Argyndorness#GEM,350,1,887,887,913,false,2025-08-31 21:23:59+00,2025-10-11 22:05:35.236219+00,2025-10-11 22:05:35.236219+00
45292,45,GEM Argyndorness#GEM,133,1,671,671,1129,false,2025-08-31 20:13:10+00,2025-10-11 22:05:35.236219+00,2025-10-11 22:05:35.236219+00
45293,2,GEM Cordacrimory#GEM,24,8,73387,19787,-8787,false,2025-03-16 04:05:19+00,2025-10-11 22:05:36.781486+00,2025-10-11 22:05:36.781486+00
45294,2,GEM Cordacrimory#GEM,350,6,42292,10692,308,false,2023-10-30 19:57:43+00,2025-10-11 22:05:36.781486+00,2025-10-11 22:05:36.781486+00
45295,2,GEM Cordacrimory#GEM,18,7,36668,0,16932,false,2023-09-07 05:34:34+00,2025-10-11 22:05:36.781486+00,2025-10-11 22:05:36.781486+00
45296,2,GEM Cordacrimory#GEM,41,6,30534,0,12066,false,2022-07-30 22:42:41+00,2025-10-11 22:05:36.781486+00,2025-10-11 22:05:36.781486+00
45297,2,GEM Cordacrimory#GEM,67,6,28585,0,14015,false,2023-02-08 01:25:31+00,2025-10-11 22:05:36.781486+00,2025-10-11 22:05:36.781486+00
45298,2,GEM Cordacrimory#GEM,86,5,28258,6658,3342,false,2023-06-30 15:55:54+00,2025-10-11 22:05:36.781486+00,2025-10-11 22:05:36.781486+00
45299,2,GEM Cordacrimory#GEM,119,5,25870,4270,5730,false,2023-02-10 02:59:00+00,2025-10-11 22:05:36.781486+00,2025-10-11 22:05:36.781486+00
45300,2,GEM Cordacrimory#GEM,122,5,23149,1549,8451,false,2025-03-15 04:52:05+00,2025-10-11 22:05:36.781486+00,2025-10-11 22:05:36.781486+00
45301,2,GEM Cordacrimory#GEM,54,5,22999,1399,8601,false,2024-05-12 22:04:19+00,2025-10-11 22:05:36.781486+00,2025-10-11 22:05:36.781486+00
45302,2,GEM Cordacrimory#GEM,107,4,18684,6084,2916,false,2025-08-05 04:38:32+00,2025-10-11 22:05:36.781486+00,2025-10-11 22:05:36.781486+00
45303,2,GEM Cordacrimory#GEM,82,4,18632,6032,2968,false,2025-08-01 06:33:17+00,2025-10-11 22:05:36.781486+00,2025-10-11 22:05:36.781486+00
45304,2,GEM Cordacrimory#GEM,145,6,16577,3977,5023,false,2025-07-25 06:19:16+00,2025-10-11 22:05:36.781486+00,2025-11-19 20:30:34.377359+00
45305,2,GEM Cordacrimory#GEM,90,4,13532,932,8068,false,2025-08-04 03:33:36+00,2025-10-11 22:05:36.781486+00,2025-10-11 22:05:36.781486+00
45306,2,GEM Cordacrimory#GEM,84,4,13059,459,8541,false,2023-12-26 01:03:27+00,2025-10-11 22:05:36.781486+00,2025-10-11 22:05:36.781486+00
45307,2,GEM Cordacrimory#GEM,23,3,12138,6138,462,false,2023-06-28 23:32:10+00,2025-10-11 22:05:36.781486+00,2025-10-11 22:05:36.781486+00
45308,2,GEM Cordacrimory#GEM,11,3,10182,4182,2418,false,2022-10-08 00:04:33+00,2025-10-11 22:05:36.781486+00,2025-10-11 22:05:36.781486+00
45309,2,GEM Cordacrimory#GEM,81,3,8466,2466,4134,false,2025-07-21 03:47:38+00,2025-10-11 22:05:36.781486+00,2025-10-11 22:05:36.781486+00
45310,2,GEM Cordacrimory#GEM,21,3,8423,2423,4177,false,2023-08-01 23:38:54+00,2025-10-11 22:05:36.781486+00,2025-10-11 22:05:36.781486+00
45311,2,GEM Cordacrimory#GEM,75,3,8022,2022,4578,false,2025-09-10 17:27:15+00,2025-10-11 22:05:36.781486+00,2025-10-11 22:05:36.781486+00
45312,2,GEM Cordacrimory#GEM,74,3,7486,1486,5114,false,2025-08-07 04:55:36+00,2025-10-11 22:05:36.781486+00,2025-10-11 22:05:36.781486+00
45313,2,GEM Cordacrimory#GEM,157,4,7459,1459,5141,false,2023-06-30 01:11:08+00,2025-10-11 22:05:36.781486+00,2025-11-19 20:29:40.673493+00
45314,2,GEM Cordacrimory#GEM,19,2,5691,3891,309,false,2023-12-28 04:19:46+00,2025-10-11 22:05:36.781486+00,2025-10-11 22:05:36.781486+00
45315,2,GEM Cordacrimory#GEM,12,2,4893,3093,1107,false,2025-03-17 01:51:29+00,2025-10-11 22:05:36.781486+00,2025-10-11 22:05:36.781486+00
45316,2,GEM Cordacrimory#GEM,222,2,4682,2882,1318,false,2023-07-24 02:31:16+00,2025-10-11 22:05:36.781486+00,2025-10-11 22:05:36.781486+00
45317,2,GEM Cordacrimory#GEM,412,2,4661,2861,1339,false,2025-09-14 12:58:48+00,2025-10-11 22:05:36.781486+00,2025-10-11 22:05:36.781486+00
45318,2,GEM Cordacrimory#GEM,59,2,4256,2456,1744,false,2023-12-27 01:46:56+00,2025-10-11 22:05:36.781486+00,2025-10-11 22:05:36.781486+00
45319,2,GEM Cordacrimory#GEM,91,2,4135,2335,1865,false,2023-02-08 21:54:03+00,2025-10-11 22:05:36.781486+00,2025-10-11 22:05:36.781486+00
45320,2,GEM Cordacrimory#GEM,14,2,3696,1896,2304,false,2023-08-02 18:28:09+00,2025-10-11 22:05:36.781486+00,2025-10-11 22:05:36.781486+00
45321,2,GEM Cordacrimory#GEM,13,2,3541,1741,2459,false,2025-08-01 05:48:52+00,2025-10-11 22:05:36.781486+00,2025-10-11 22:05:36.781486+00
45322,2,GEM Cordacrimory#GEM,80,2,3066,1266,2934,false,2025-03-10 22:49:53+00,2025-10-11 22:05:36.781486+00,2025-10-11 22:05:36.781486+00
45323,2,GEM Cordacrimory#GEM,254,2,2988,1188,3012,false,2025-03-10 18:39:19+00,2025-10-11 22:05:36.781486+00,2025-10-11 22:05:36.781486+00
45324,2,GEM Cordacrimory#GEM,127,2,2903,1103,3097,false,2025-08-03 06:06:21+00,2025-10-11 22:05:36.781486+00,2025-10-11 22:05:36.781486+00
45325,2,GEM Cordacrimory#GEM,22,2,2898,1098,3102,false,2024-07-27 03:46:10+00,2025-10-11 22:05:36.781486+00,2025-10-11 22:05:36.781486+00
45326,2,GEM Cordacrimory#GEM,36,2,2813,1013,3187,false,2022-08-18 18:55:35+00,2025-10-11 22:05:36.781486+00,2025-10-11 22:05:36.781486+00
45327,2,GEM Cordacrimory#GEM,114,2,2808,1008,3192,false,2025-03-16 04:45:37+00,2025-10-11 22:05:36.781486+00,2025-10-11 22:05:36.781486+00
45328,2,GEM Cordacrimory#GEM,25,2,2737,937,3263,false,2025-08-02 04:54:01+00,2025-10-11 22:05:36.781486+00,2025-10-11 22:05:36.781486+00
45329,2,GEM Cordacrimory#GEM,92,2,2384,584,3616,false,2023-08-02 12:59:02+00,2025-10-11 22:05:36.781486+00,2025-10-11 22:05:36.781486+00
45330,2,GEM Cordacrimory#GEM,5,2,2329,529,3671,false,2023-02-27 01:02:54+00,2025-10-11 22:05:36.781486+00,2025-10-11 22:05:36.781486+00
45331,2,GEM Cordacrimory#GEM,2,2,2300,500,3700,false,2025-08-03 05:17:24+00,2025-10-11 22:05:36.781486+00,2025-10-11 22:05:36.781486+00
45332,2,GEM Cordacrimory#GEM,1,2,2254,454,3746,false,2023-06-30 17:15:58+00,2025-10-11 22:05:36.781486+00,2025-10-11 22:05:36.781486+00
45333,2,GEM Cordacrimory#GEM,234,2,2222,422,3778,false,2025-07-23 06:30:07+00,2025-10-11 22:05:36.781486+00,2025-10-11 22:05:36.781486+00
45334,2,GEM Cordacrimory#GEM,53,2,2221,421,3779,false,2023-07-04 19:45:40+00,2025-10-11 22:05:36.781486+00,2025-10-11 22:05:36.781486+00
45335,2,GEM Cordacrimory#GEM,20,2,2140,340,3860,false,2023-12-27 02:17:52+00,2025-10-11 22:05:36.781486+00,2025-10-11 22:05:36.781486+00
45336,2,GEM Cordacrimory#GEM,32,2,2102,302,3898,false,2023-08-02 17:44:43+00,2025-10-11 22:05:36.781486+00,2025-10-11 22:05:36.781486+00
45337,2,GEM Cordacrimory#GEM,27,2,2087,287,3913,false,2025-07-27 16:47:57+00,2025-10-11 22:05:36.781486+00,2025-10-11 22:05:36.781486+00
45338,2,GEM Cordacrimory#GEM,78,2,1871,71,4129,false,2025-03-10 17:57:01+00,2025-10-11 22:05:36.781486+00,2025-10-11 22:05:36.781486+00
45339,2,GEM Cordacrimory#GEM,10,1,1778,1778,22,false,2025-07-27 21:34:52+00,2025-10-11 22:05:36.781486+00,2025-10-11 22:05:36.781486+00
45340,2,GEM Cordacrimory#GEM,64,1,1684,1684,116,false,2023-07-02 14:18:19+00,2025-10-11 22:05:36.781486+00,2025-10-11 22:05:36.781486+00
45341,2,GEM Cordacrimory#GEM,150,1,1589,1589,211,false,2025-03-16 03:24:45+00,2025-10-11 22:05:36.781486+00,2025-10-11 22:05:36.781486+00
45342,2,GEM Cordacrimory#GEM,103,1,1527,1527,273,false,2025-07-31 04:24:56+00,2025-10-11 22:05:36.781486+00,2025-10-11 22:05:36.781486+00
45343,2,GEM Cordacrimory#GEM,45,1,1404,1404,396,false,2025-03-15 04:17:30+00,2025-10-11 22:05:36.781486+00,2025-10-11 22:05:36.781486+00
45344,2,GEM Cordacrimory#GEM,266,1,1402,1402,398,false,2021-02-13 04:22:42+00,2025-10-11 22:05:36.781486+00,2025-10-11 22:05:36.781486+00
45345,2,GEM Cordacrimory#GEM,113,1,1385,1385,415,false,2023-12-25 23:59:43+00,2025-10-11 22:05:36.781486+00,2025-10-11 22:05:36.781486+00
45346,2,GEM Cordacrimory#GEM,55,1,1318,1318,482,false,2023-02-09 22:39:03+00,2025-10-11 22:05:36.781486+00,2025-10-11 22:05:36.781486+00
45347,2,GEM Cordacrimory#GEM,29,1,1221,1221,579,false,2022-07-30 20:48:24+00,2025-10-11 22:05:36.781486+00,2025-10-11 22:05:36.781486+00
45348,2,GEM Cordacrimory#GEM,28,1,1205,1205,595,false,2023-02-27 00:29:09+00,2025-10-11 22:05:36.781486+00,2025-10-11 22:05:36.781486+00
45349,2,GEM Cordacrimory#GEM,420,1,1191,1191,609,false,2022-05-17 19:23:03+00,2025-10-11 22:05:36.781486+00,2025-10-11 22:05:36.781486+00
45350,2,GEM Cordacrimory#GEM,897,1,1185,1185,615,false,2024-05-12 21:22:45+00,2025-10-11 22:05:36.781486+00,2025-10-11 22:05:36.781486+00
45351,2,GEM Cordacrimory#GEM,804,1,1097,1097,703,false,2025-08-04 04:25:49+00,2025-10-11 22:05:36.781486+00,2025-10-11 22:05:36.781486+00
45352,2,GEM Cordacrimory#GEM,111,1,1013,1013,787,false,2023-07-01 20:30:17+00,2025-10-11 22:05:36.781486+00,2025-10-11 22:05:36.781486+00
45353,2,GEM Cordacrimory#GEM,110,1,948,948,852,false,2022-05-25 11:27:32+00,2025-10-11 22:05:36.781486+00,2025-10-11 22:05:36.781486+00
45354,2,GEM Cordacrimory#GEM,134,1,892,892,908,false,2023-12-03 22:53:58+00,2025-10-11 22:05:36.781486+00,2025-10-11 22:05:36.781486+00
45355,2,GEM Cordacrimory#GEM,950,1,828,828,972,false,2025-07-25 04:34:48+00,2025-10-11 22:05:36.781486+00,2025-10-11 22:05:36.781486+00
45356,2,GEM Cordacrimory#GEM,34,1,801,801,999,false,2025-07-25 05:16:51+00,2025-10-11 22:05:36.781486+00,2025-10-11 22:05:36.781486+00
45357,2,GEM Cordacrimory#GEM,238,1,770,770,1030,false,2022-07-30 17:44:31+00,2025-10-11 22:05:36.781486+00,2025-10-11 22:05:36.781486+00
45358,2,GEM Cordacrimory#GEM,58,1,757,757,1043,false,2022-07-30 18:11:36+00,2025-10-11 22:05:36.781486+00,2025-10-11 22:05:36.781486+00
45359,2,GEM Cordacrimory#GEM,236,1,723,723,1077,false,2025-07-23 05:28:56+00,2025-10-11 22:05:36.781486+00,2025-10-11 22:05:36.781486+00
45360,2,GEM Cordacrimory#GEM,117,1,696,696,1104,false,2025-07-26 02:00:52+00,2025-10-11 22:05:36.781486+00,2025-10-11 22:05:36.781486+00
45361,2,GEM Cordacrimory#GEM,3,1,683,683,1117,false,2025-08-01 05:11:33+00,2025-10-11 22:05:36.781486+00,2025-10-11 22:05:36.781486+00
45362,2,GEM Cordacrimory#GEM,63,1,655,655,1145,false,2022-07-09 22:46:22+00,2025-10-11 22:05:36.781486+00,2025-10-11 22:05:36.781486+00
45363,2,GEM Cordacrimory#GEM,106,1,644,644,1156,false,2025-08-04 05:12:41+00,2025-10-11 22:05:36.781486+00,2025-10-11 22:05:36.781486+00
45364,2,GEM Cordacrimory#GEM,40,1,624,624,1176,false,2023-07-03 14:32:49+00,2025-10-11 22:05:36.781486+00,2025-10-11 22:05:36.781486+00
45365,2,GEM Cordacrimory#GEM,555,1,539,539,1261,false,2021-01-06 00:26:11+00,2025-10-11 22:05:36.781486+00,2025-10-11 22:05:36.781486+00
45366,2,GEM Cordacrimory#GEM,35,1,357,357,1443,false,2023-12-26 02:36:00+00,2025-10-11 22:05:36.781486+00,2025-10-11 22:05:36.781486+00
45367,2,GEM Cordacrimory#GEM,57,1,232,232,1568,false,2022-09-05 14:30:05+00,2025-10-11 22:05:36.781486+00,2025-10-11 22:05:36.781486+00
45368,2,GEM Cordacrimory#GEM,516,1,197,197,1603,false,2023-06-24 23:12:52+00,2025-10-11 22:05:36.781486+00,2025-10-11 22:05:36.781486+00
45369,2,GEM Cordacrimory#GEM,30,1,167,167,1633,false,2022-11-16 19:33:31+00,2025-10-11 22:05:36.781486+00,2025-10-11 22:05:36.781486+00
45370,2,GEM Cordacrimory#GEM,89,1,134,134,1666,false,2022-08-23 23:29:58+00,2025-10-11 22:05:36.781486+00,2025-10-11 22:05:36.781486+00
45371,2,GEM Cordacrimory#GEM,523,1,126,126,1674,false,2022-07-30 18:35:02+00,2025-10-11 22:05:36.781486+00,2025-10-11 22:05:36.781486+00
45372,2,GEM Cordacrimory#GEM,99,1,98,98,1702,false,2022-07-09 21:00:34+00,2025-10-11 22:05:36.781486+00,2025-10-11 22:05:36.781486+00
45373,2,GEM Cordacrimory#GEM,15,1,98,98,1702,false,2022-07-09 22:00:46+00,2025-10-11 22:05:36.781486+00,2025-10-11 22:05:36.781486+00
45374,2,GEM Cordacrimory#GEM,235,1,97,97,1703,false,2022-07-09 23:50:19+00,2025-10-11 22:05:36.781486+00,2025-10-11 22:05:36.781486+00
45375,2,GEM Cordacrimory#GEM,104,1,77,77,1723,false,2022-07-09 23:21:26+00,2025-10-11 22:05:36.781486+00,2025-10-11 22:05:36.781486+00
45376,12,GEM Lacellire#LAS,350,9,59031,5431,5569,false,2025-07-13 01:45:11+00,2025-10-11 22:05:38.298579+00,2025-11-17 04:55:54.596984+00
45377,12,GEM Lacellire#LAS,67,7,43102,502,10498,false,2024-02-10 00:07:04+00,2025-10-11 22:05:38.298579+00,2025-10-11 22:05:38.298579+00
45378,12,GEM Lacellire#LAS,29,6,37042,5442,5558,false,2023-12-26 01:03:27+00,2025-10-11 22:05:38.298579+00,2025-10-11 22:05:38.298579+00
45379,12,GEM Lacellire#LAS,222,6,34294,2694,8306,false,2025-03-26 01:46:16+00,2025-10-11 22:05:38.298579+00,2025-10-11 22:05:38.298579+00
45380,12,GEM Lacellire#LAS,92,6,26317,0,16283,false,2023-02-03 01:58:04+00,2025-10-11 22:05:38.298579+00,2025-10-11 22:05:38.298579+00
45381,12,GEM Lacellire#LAS,245,5,23213,1613,8387,false,2022-05-29 21:45:55+00,2025-10-11 22:05:38.298579+00,2025-10-11 22:05:38.298579+00
45382,12,GEM Lacellire#LAS,107,4,19781,7181,1819,false,2023-12-01 00:03:39+00,2025-10-11 22:05:38.298579+00,2025-10-11 22:05:38.298579+00
45383,12,GEM Lacellire#LAS,81,4,18366,5766,3234,false,2025-03-31 01:04:54+00,2025-10-11 22:05:38.298579+00,2025-10-11 22:05:38.298579+00
45384,12,GEM Lacellire#LAS,76,4,17445,4845,4155,false,2023-08-28 13:33:33+00,2025-10-11 22:05:38.298579+00,2025-10-11 22:05:38.298579+00
45385,12,GEM Lacellire#LAS,22,4,13040,440,8560,false,2024-02-08 01:18:37+00,2025-10-11 22:05:38.298579+00,2025-10-11 22:05:38.298579+00
45386,12,GEM Lacellire#LAS,51,3,12110,6110,490,false,2025-03-10 01:48:28+00,2025-10-11 22:05:38.298579+00,2025-10-11 22:05:38.298579+00
45387,12,GEM Lacellire#LAS,412,3,11776,5776,824,false,2025-07-14 18:56:52+00,2025-10-11 22:05:38.298579+00,2025-10-11 22:05:38.298579+00
45388,12,GEM Lacellire#LAS,96,3,11282,5282,1318,false,2025-03-01 02:12:37+00,2025-10-11 22:05:38.298579+00,2025-10-11 22:05:38.298579+00
45389,12,GEM Lacellire#LAS,143,3,9833,3833,2767,false,2025-07-14 04:42:40+00,2025-10-11 22:05:38.298579+00,2025-10-11 22:05:38.298579+00
45390,12,GEM Lacellire#LAS,99,3,9033,3033,3567,false,2025-03-24 16:33:06+00,2025-10-11 22:05:38.298579+00,2025-10-11 22:05:38.298579+00
45391,12,GEM Lacellire#LAS,122,3,8554,2554,4046,false,2025-03-03 02:27:51+00,2025-10-11 22:05:38.298579+00,2025-10-11 22:05:38.298579+00
45392,12,GEM Lacellire#LAS,64,3,7338,1338,5262,false,2025-07-14 19:43:20+00,2025-10-11 22:05:38.298579+00,2025-10-11 22:05:38.298579+00
45393,12,GEM Lacellire#LAS,145,3,7165,1165,5435,false,2025-04-10 04:00:50+00,2025-10-11 22:05:38.298579+00,2025-10-11 22:05:38.298579+00
45394,12,GEM Lacellire#LAS,25,3,7149,1149,5451,false,2023-10-18 10:14:15+00,2025-10-11 22:05:38.298579+00,2025-10-11 22:05:38.298579+00
45395,12,GEM Lacellire#LAS,21,3,6495,495,6105,false,2024-01-24 13:06:43+00,2025-10-11 22:05:38.298579+00,2025-10-11 22:05:38.298579+00
45396,12,GEM Lacellire#LAS,35,3,6385,385,6215,false,2025-07-14 15:18:07+00,2025-10-11 22:05:38.298579+00,2025-10-11 22:05:38.298579+00
45397,12,GEM Lacellire#LAS,26,2,5618,3818,382,false,2022-11-12 14:34:09+00,2025-10-11 22:05:38.298579+00,2025-10-11 22:05:38.298579+00
45398,12,GEM Lacellire#LAS,131,2,5347,3547,653,false,2025-03-24 18:50:53+00,2025-10-11 22:05:38.298579+00,2025-10-11 22:05:38.298579+00
45399,12,GEM Lacellire#LAS,200,2,4936,3136,1064,false,2023-07-06 16:14:17+00,2025-10-11 22:05:38.298579+00,2025-10-11 22:05:38.298579+00
45400,12,GEM Lacellire#LAS,799,2,4898,3098,1102,false,2025-03-31 04:32:07+00,2025-10-11 22:05:38.298579+00,2025-10-11 22:05:38.298579+00
45401,12,GEM Lacellire#LAS,254,2,4654,2854,1346,false,2023-11-15 13:30:43+00,2025-10-11 22:05:38.298579+00,2025-10-11 22:05:38.298579+00
45402,12,GEM Lacellire#LAS,14,2,3589,1789,2411,false,2025-03-22 01:46:36+00,2025-10-11 22:05:38.298579+00,2025-10-11 22:05:38.298579+00
45403,12,GEM Lacellire#LAS,8,2,3368,1568,2632,false,2025-04-10 03:12:26+00,2025-10-11 22:05:38.298579+00,2025-10-11 22:05:38.298579+00
45404,12,GEM Lacellire#LAS,360,2,3057,1257,2943,false,2025-03-14 12:36:02+00,2025-10-11 22:05:38.298579+00,2025-10-11 22:05:38.298579+00
45405,12,GEM Lacellire#LAS,31,2,2983,1183,3017,false,2025-03-26 00:57:07+00,2025-10-11 22:05:38.298579+00,2025-10-11 22:05:38.298579+00
45406,12,GEM Lacellire#LAS,15,2,2873,1073,3127,false,2025-03-31 00:23:31+00,2025-10-11 22:05:38.298579+00,2025-10-11 22:05:38.298579+00
45407,12,GEM Lacellire#LAS,711,2,2742,942,3258,false,2025-04-10 04:55:47+00,2025-10-11 22:05:38.298579+00,2025-10-11 22:05:38.298579+00
45408,12,GEM Lacellire#LAS,32,2,2433,633,3567,false,2022-11-09 23:16:24+00,2025-10-11 22:05:38.298579+00,2025-10-11 22:05:38.298579+00
45409,12,GEM Lacellire#LAS,89,2,2173,373,3827,false,2025-07-14 17:43:06+00,2025-10-11 22:05:38.298579+00,2025-10-11 22:05:38.298579+00
45410,12,GEM Lacellire#LAS,234,2,2080,280,3920,false,2021-12-07 17:35:41+00,2025-10-11 22:05:38.298579+00,2025-10-11 22:05:38.298579+00
45411,12,GEM Lacellire#LAS,119,2,2067,267,3933,false,2022-05-21 01:18:53+00,2025-10-11 22:05:38.298579+00,2025-10-11 22:05:38.298579+00
45412,12,GEM Lacellire#LAS,11,2,1987,187,4013,false,2022-05-25 04:00:44+00,2025-10-11 22:05:38.298579+00,2025-10-11 22:05:38.298579+00
45413,12,GEM Lacellire#LAS,429,1,1868,1868,-68,false,2025-04-10 01:35:01+00,2025-10-11 22:05:38.298579+00,2025-10-11 22:05:38.298579+00
45414,12,GEM Lacellire#LAS,141,2,1845,45,4155,false,2021-03-12 20:53:25+00,2025-10-11 22:05:38.298579+00,2025-10-11 22:05:38.298579+00
45415,12,GEM Lacellire#LAS,142,1,1780,1780,20,false,2025-03-24 17:10:46+00,2025-10-11 22:05:38.298579+00,2025-10-11 22:05:38.298579+00
45416,12,GEM Lacellire#LAS,34,1,1702,1702,98,false,2025-07-12 02:05:18+00,2025-10-11 22:05:38.298579+00,2025-10-11 22:05:38.298579+00
45417,12,GEM Lacellire#LAS,86,1,1695,1695,105,false,2024-02-09 02:42:29+00,2025-10-11 22:05:38.298579+00,2025-10-11 22:05:38.298579+00
45418,12,GEM Lacellire#LAS,518,1,1621,1621,179,false,2025-07-14 18:31:11+00,2025-10-11 22:05:38.298579+00,2025-10-11 22:05:38.298579+00
45419,12,GEM Lacellire#LAS,75,1,1615,1615,185,false,2022-05-17 04:26:11+00,2025-10-11 22:05:38.298579+00,2025-10-11 22:05:38.298579+00
45420,12,GEM Lacellire#LAS,80,1,1591,1591,209,false,2025-03-05 00:50:42+00,2025-10-11 22:05:38.298579+00,2025-10-11 22:05:38.298579+00
45421,12,GEM Lacellire#LAS,103,1,1553,1553,247,false,2019-08-01 00:04:49+00,2025-10-11 22:05:38.298579+00,2025-10-11 22:05:38.298579+00
45422,12,GEM Lacellire#LAS,2,1,1546,1546,254,false,2025-03-10 21:39:11+00,2025-10-11 22:05:38.298579+00,2025-10-11 22:05:38.298579+00
45423,12,GEM Lacellire#LAS,126,1,1416,1416,384,false,2022-04-30 04:22:51+00,2025-10-11 22:05:38.298579+00,2025-10-11 22:05:38.298579+00
45424,12,GEM Lacellire#LAS,45,2,1415,1415,385,false,2019-01-20 01:58:34+00,2025-10-11 22:05:38.298579+00,2025-11-06 03:35:05.84986+00
45425,12,GEM Lacellire#LAS,777,1,1392,1392,408,false,2022-05-25 03:27:39+00,2025-10-11 22:05:38.298579+00,2025-10-11 22:05:38.298579+00
45426,12,GEM Lacellire#LAS,134,1,1336,1336,464,false,2025-03-24 17:54:30+00,2025-10-11 22:05:38.298579+00,2025-10-11 22:05:38.298579+00
45427,12,GEM Lacellire#LAS,78,1,1305,1305,495,false,2021-12-05 16:47:04+00,2025-10-11 22:05:38.298579+00,2025-10-11 22:05:38.298579+00
45428,12,GEM Lacellire#LAS,16,1,1243,1243,557,false,2022-11-11 02:41:11+00,2025-10-11 22:05:38.298579+00,2025-10-11 22:05:38.298579+00
45429,12,GEM Lacellire#LAS,114,1,1232,1232,568,false,2025-02-28 17:24:09+00,2025-10-11 22:05:38.298579+00,2025-10-11 22:05:38.298579+00
45430,12,GEM Lacellire#LAS,106,1,1183,1183,617,false,2023-10-16 15:31:03+00,2025-10-11 22:05:38.298579+00,2025-10-11 22:05:38.298579+00
45431,12,GEM Lacellire#LAS,161,1,1152,1152,648,false,2025-03-30 16:52:59+00,2025-10-11 22:05:38.298579+00,2025-10-11 22:05:38.298579+00
45432,12,GEM Lacellire#LAS,24,1,1119,1119,681,false,2021-10-24 04:45:20+00,2025-10-11 22:05:38.298579+00,2025-10-11 22:05:38.298579+00
45433,12,GEM Lacellire#LAS,1,1,1116,1116,684,false,2025-03-01 00:46:10+00,2025-10-11 22:05:38.298579+00,2025-10-11 22:05:38.298579+00
45434,12,GEM Lacellire#LAS,10,1,1066,1066,734,false,2024-02-02 03:41:30+00,2025-10-11 22:05:38.298579+00,2025-10-11 22:05:38.298579+00
45435,12,GEM Lacellire#LAS,72,1,1057,1057,743,false,2021-10-26 23:20:45+00,2025-10-11 22:05:38.298579+00,2025-10-11 22:05:38.298579+00
45436,12,GEM Lacellire#LAS,102,1,1056,1056,744,false,2025-03-03 03:28:33+00,2025-10-11 22:05:38.298579+00,2025-10-11 22:05:38.298579+00
45437,12,GEM Lacellire#LAS,268,1,982,982,818,false,2021-10-24 02:52:37+00,2025-10-11 22:05:38.298579+00,2025-10-11 22:05:38.298579+00
45438,12,GEM Lacellire#LAS,19,1,940,940,860,false,2021-12-03 16:19:56+00,2025-10-11 22:05:38.298579+00,2025-10-11 22:05:38.298579+00
45439,12,GEM Lacellire#LAS,113,1,896,896,904,false,2023-07-06 04:10:15+00,2025-10-11 22:05:38.298579+00,2025-10-11 22:05:38.298579+00
45440,12,GEM Lacellire#LAS,62,1,888,888,912,false,2025-03-31 04:48:44+00,2025-10-11 22:05:38.298579+00,2025-10-11 22:05:38.298579+00
45441,12,GEM Lacellire#LAS,950,1,873,873,927,false,2025-03-23 01:42:15+00,2025-10-11 22:05:38.298579+00,2025-10-11 22:05:38.298579+00
45442,12,GEM Lacellire#LAS,875,1,865,865,935,false,2025-03-03 01:56:34+00,2025-10-11 22:05:38.298579+00,2025-10-11 22:05:38.298579+00
45443,12,GEM Lacellire#LAS,112,1,845,845,955,false,2021-10-24 02:11:58+00,2025-10-11 22:05:38.298579+00,2025-10-11 22:05:38.298579+00
45444,12,GEM Lacellire#LAS,39,1,830,830,970,false,2025-03-23 01:00:31+00,2025-10-11 22:05:38.298579+00,2025-10-11 22:05:38.298579+00
45445,12,GEM Lacellire#LAS,17,1,811,811,989,false,2025-04-10 02:21:18+00,2025-10-11 22:05:38.298579+00,2025-10-11 22:05:38.298579+00
45446,12,GEM Lacellire#LAS,57,1,792,792,1008,false,2021-12-06 03:44:37+00,2025-10-11 22:05:38.298579+00,2025-10-11 22:05:38.298579+00
45447,12,GEM Lacellire#LAS,4,1,738,738,1062,false,2025-03-06 00:30:28+00,2025-10-11 22:05:38.298579+00,2025-10-11 22:05:38.298579+00
45448,12,GEM Lacellire#LAS,164,1,731,731,1069,false,2022-05-25 20:57:40+00,2025-10-11 22:05:38.298579+00,2025-10-11 22:05:38.298579+00
45449,12,GEM Lacellire#LAS,98,1,633,633,1167,false,2022-05-27 00:57:16+00,2025-10-11 22:05:38.298579+00,2025-10-11 22:05:38.298579+00
45450,12,GEM Lacellire#LAS,238,1,608,608,1192,false,2022-05-24 14:22:10+00,2025-10-11 22:05:38.298579+00,2025-10-11 22:05:38.298579+00
45451,12,GEM Lacellire#LAS,55,1,560,560,1240,false,2025-02-28 21:32:38+00,2025-10-11 22:05:38.298579+00,2025-10-11 22:05:38.298579+00
45452,12,GEM Lacellire#LAS,12,1,259,259,1541,false,2022-05-19 13:34:52+00,2025-10-11 22:05:38.298579+00,2025-10-11 22:05:38.298579+00
45453,12,GEM Lacellire#LAS,266,1,226,226,1574,false,2022-06-02 16:09:27+00,2025-10-11 22:05:38.298579+00,2025-10-11 22:05:38.298579+00
45454,12,GEM Lacellire#LAS,555,1,163,163,1637,false,2021-12-05 20:35:50+00,2025-10-11 22:05:38.298579+00,2025-10-11 22:05:38.298579+00
45455,12,GEM Lacellire#LAS,121,1,128,128,1672,false,2022-05-21 19:44:26+00,2025-10-11 22:05:38.298579+00,2025-10-11 22:05:38.298579+00
45456,12,GEM Lacellire#LAS,235,3,125,125,1675,false,2022-04-30 02:02:49+00,2025-10-11 22:05:38.298579+00,2025-10-28 17:07:20.125262+00
45457,12,GEM Lacellire#LAS,58,1,95,95,1705,false,2022-05-21 21:11:04+00,2025-10-11 22:05:38.298579+00,2025-10-11 22:05:38.298579+00
45458,12,GEM Lacellire#LAS,82,1,75,75,1725,false,2021-03-13 22:12:24+00,2025-10-11 22:05:38.298579+00,2025-10-11 22:05:38.298579+00
45459,51,GEM Depurallire#GEM,526,4,17691,5091,3909,false,2025-10-04 17:02:15+00,2025-10-11 22:05:55.247543+00,2025-10-11 22:05:55.247543+00
45460,51,GEM Depurallire#GEM,223,2,5198,3398,802,false,2025-10-03 17:17:47+00,2025-10-11 22:05:55.247543+00,2025-10-11 22:05:55.247543+00
45461,51,GEM Depurallire#GEM,32,2,3663,1863,2337,false,2025-10-04 19:06:47+00,2025-10-11 22:05:55.247543+00,2025-10-11 22:05:55.247543+00
45462,51,GEM Depurallire#GEM,60,2,1899,99,4101,false,2025-10-04 17:48:38+00,2025-10-11 22:05:55.247543+00,2025-10-11 22:05:55.247543+00
45463,51,GEM Depurallire#GEM,893,1,1580,1580,220,false,2025-10-04 13:42:48+00,2025-10-11 22:05:55.247543+00,2025-10-11 22:05:55.247543+00
45464,51,GEM Depurallire#GEM,53,1,1129,1129,671,false,2025-10-09 23:20:02+00,2025-10-11 22:05:55.247543+00,2025-10-11 22:05:55.247543+00
45465,51,GEM Depurallire#GEM,203,1,1104,1104,696,false,2025-10-09 22:55:20+00,2025-10-11 22:05:55.247543+00,2025-10-11 22:05:55.247543+00
45466,51,GEM Depurallire#GEM,51,1,959,959,841,false,2025-10-03 21:23:55+00,2025-10-11 22:05:55.247543+00,2025-10-11 22:05:55.247543+00
45467,51,GEM Depurallire#GEM,80,1,866,866,934,false,2025-10-02 22:32:26+00,2025-10-11 22:05:55.247543+00,2025-10-11 22:05:55.247543+00
45468,51,GEM Depurallire#GEM,61,1,674,674,1126,false,2025-10-03 20:38:51+00,2025-10-11 22:05:55.247543+00,2025-10-11 22:05:55.247543+00
45469,51,GEM Depurallire#GEM,134,1,622,622,1178,false,2025-10-04 13:11:58+00,2025-10-11 22:05:55.247543+00,2025-10-11 22:05:55.247543+00
45470,51,GEM Depurallire#GEM,876,1,454,454,1346,false,2025-10-09 22:10:17+00,2025-10-11 22:05:55.247543+00,2025-10-11 22:05:55.247543+00
45471,51,GEM Depurallire#GEM,78,1,421,421,1379,false,2025-10-09 22:27:55+00,2025-10-11 22:05:55.247543+00,2025-10-11 22:05:55.247543+00
45472,33,GEM Irzeleriance#LAS,3,4,19988,7388,1612,false,2025-10-05 22:36:03+00,2025-10-11 22:05:56.735519+00,2025-10-11 22:05:56.735519+00
45473,33,GEM Irzeleriance#LAS,64,4,18820,6220,2780,false,2025-04-18 03:24:22+00,2025-10-11 22:05:56.735519+00,2025-10-11 22:05:56.735519+00
45474,33,GEM Irzeleriance#LAS,350,4,17913,5313,3687,false,2025-04-28 16:23:55+00,2025-10-11 22:05:56.735519+00,2025-10-11 22:05:56.735519+00
45475,33,GEM Irzeleriance#LAS,84,4,17648,5048,3952,false,2025-07-31 05:30:17+00,2025-10-11 22:05:56.735519+00,2025-10-11 22:05:56.735519+00
45476,33,GEM Irzeleriance#LAS,804,3,6194,194,6406,false,2025-10-06 18:42:48+00,2025-10-11 22:05:56.735519+00,2025-10-11 22:05:56.735519+00
45477,33,GEM Irzeleriance#LAS,99,2,5863,4063,137,false,2025-04-13 03:00:07+00,2025-10-11 22:05:56.735519+00,2025-10-11 22:05:56.735519+00
45478,33,GEM Irzeleriance#LAS,164,2,5673,3873,327,false,2023-12-12 17:11:19+00,2025-10-11 22:05:56.735519+00,2025-10-11 22:05:56.735519+00
45479,33,GEM Irzeleriance#LAS,4,2,5135,3335,865,false,2025-07-29 17:55:37+00,2025-10-11 22:05:56.735519+00,2025-10-11 22:05:56.735519+00
45480,33,GEM Irzeleriance#LAS,104,2,5001,3201,999,false,2025-04-25 00:05:27+00,2025-10-11 22:05:56.735519+00,2025-10-11 22:05:56.735519+00
45481,33,GEM Irzeleriance#LAS,12,2,4986,3186,1014,false,2025-10-08 00:44:56+00,2025-10-11 22:05:56.735519+00,2025-10-11 22:05:56.735519+00
45482,33,GEM Irzeleriance#LAS,154,2,4738,2938,1262,false,2023-12-13 22:23:21+00,2025-10-11 22:05:56.735519+00,2025-10-11 22:05:56.735519+00
45483,33,GEM Irzeleriance#LAS,245,2,4371,2571,1629,false,2025-04-24 23:16:48+00,2025-10-11 22:05:56.735519+00,2025-10-11 22:05:56.735519+00
45484,33,GEM Irzeleriance#LAS,106,2,4352,2552,1648,false,2025-07-28 01:35:33+00,2025-10-11 22:05:56.735519+00,2025-10-11 22:05:56.735519+00
45485,33,GEM Irzeleriance#LAS,18,2,4053,2253,1947,false,2023-12-22 20:27:39+00,2025-10-11 22:05:56.735519+00,2025-10-11 22:05:56.735519+00
45486,33,GEM Irzeleriance#LAS,127,2,3705,1905,2295,false,2023-11-30 15:17:46+00,2025-10-11 22:05:56.735519+00,2025-10-11 22:05:56.735519+00
45487,33,GEM Irzeleriance#LAS,222,2,3240,1440,2760,false,2024-01-02 02:56:15+00,2025-10-11 22:05:56.735519+00,2025-10-11 22:05:56.735519+00
45488,33,GEM Irzeleriance#LAS,85,2,3174,1374,2826,false,2023-12-14 00:45:49+00,2025-10-11 22:05:56.735519+00,2025-10-11 22:05:56.735519+00
45489,33,GEM Irzeleriance#LAS,412,2,2817,1017,3183,false,2025-07-31 06:15:02+00,2025-10-11 22:05:56.735519+00,2025-10-11 22:05:56.735519+00
45490,33,GEM Irzeleriance#LAS,33,2,2726,926,3274,false,2023-12-01 17:57:04+00,2025-10-11 22:05:56.735519+00,2025-10-11 22:05:56.735519+00
45491,33,GEM Irzeleriance#LAS,21,2,2672,872,3328,false,2023-12-30 00:14:34+00,2025-10-11 22:05:56.735519+00,2025-10-11 22:05:56.735519+00
45492,33,GEM Irzeleriance#LAS,157,2,2523,723,3477,false,2025-10-05 00:51:25+00,2025-10-11 22:05:56.735519+00,2025-10-11 22:05:56.735519+00
45493,33,GEM Irzeleriance#LAS,26,2,2371,571,3629,false,2025-07-08 01:55:33+00,2025-10-11 22:05:56.735519+00,2025-10-11 22:05:56.735519+00
45494,33,GEM Irzeleriance#LAS,67,2,2325,525,3675,false,2023-12-06 19:59:29+00,2025-10-11 22:05:56.735519+00,2025-10-11 22:05:56.735519+00
45495,33,GEM Irzeleriance#LAS,888,2,2173,373,3827,false,2025-10-02 01:11:48+00,2025-10-11 22:05:56.735519+00,2025-10-11 22:05:56.735519+00
45496,33,GEM Irzeleriance#LAS,54,1,1965,1965,-165,false,2025-07-30 14:54:06+00,2025-10-11 22:05:56.735519+00,2025-10-11 22:05:56.735519+00
45497,33,GEM Irzeleriance#LAS,61,1,1869,1869,-69,false,2025-09-20 17:08:45+00,2025-10-11 22:05:56.735519+00,2025-10-11 22:05:56.735519+00
45498,33,GEM Irzeleriance#LAS,57,2,1800,0,4200,false,2023-12-01 18:39:23+00,2025-10-11 22:05:56.735519+00,2025-10-11 22:05:56.735519+00
45499,33,GEM Irzeleriance#LAS,902,1,1511,1511,289,false,2025-10-08 22:56:33+00,2025-10-11 22:05:56.735519+00,2025-10-11 22:05:56.735519+00
45500,33,GEM Irzeleriance#LAS,111,1,1365,1365,435,false,2023-12-29 00:28:44+00,2025-10-11 22:05:56.735519+00,2025-10-11 22:05:56.735519+00
45501,33,GEM Irzeleriance#LAS,117,1,1346,1346,454,false,2025-10-08 01:21:42+00,2025-10-11 22:05:56.735519+00,2025-10-11 22:05:56.735519+00
45502,33,GEM Irzeleriance#LAS,78,1,1314,1314,486,false,2025-10-08 23:51:47+00,2025-10-11 22:05:56.735519+00,2025-10-11 22:05:56.735519+00
45503,33,GEM Irzeleriance#LAS,777,1,1230,1230,570,false,2023-10-25 12:42:12+00,2025-10-11 22:05:56.735519+00,2025-10-11 22:05:56.735519+00
45504,33,GEM Irzeleriance#LAS,202,1,1226,1226,574,false,2023-08-10 11:31:34+00,2025-10-11 22:05:56.735519+00,2025-10-11 22:05:56.735519+00
45505,33,GEM Irzeleriance#LAS,82,1,1185,1185,615,false,2023-08-08 17:46:54+00,2025-10-11 22:05:56.735519+00,2025-10-11 22:05:56.735519+00
45506,33,GEM Irzeleriance#LAS,79,1,1078,1078,722,false,2025-10-05 17:27:54+00,2025-10-11 22:05:56.735519+00,2025-10-11 22:05:56.735519+00
45507,33,GEM Irzeleriance#LAS,120,1,989,989,811,false,2023-11-02 20:02:17+00,2025-10-11 22:05:56.735519+00,2025-10-11 22:05:56.735519+00
45508,33,GEM Irzeleriance#LAS,63,1,983,983,817,false,2023-12-29 01:00:59+00,2025-10-11 22:05:56.735519+00,2025-10-11 22:05:56.735519+00
45509,33,GEM Irzeleriance#LAS,31,1,944,944,856,false,2025-07-08 02:15:04+00,2025-10-11 22:05:56.735519+00,2025-10-11 22:05:56.735519+00
45510,33,GEM Irzeleriance#LAS,126,1,795,795,1005,false,2023-10-22 14:37:37+00,2025-10-11 22:05:56.735519+00,2025-10-11 22:05:56.735519+00
45511,33,GEM Irzeleriance#LAS,11,1,768,768,1032,false,2025-04-17 01:11:46+00,2025-10-11 22:05:56.735519+00,2025-10-11 22:05:56.735519+00
45512,33,GEM Irzeleriance#LAS,150,1,666,666,1134,false,2023-09-15 18:57:35+00,2025-10-11 22:05:56.735519+00,2025-10-11 22:05:56.735519+00
45513,33,GEM Irzeleriance#LAS,81,1,640,640,1160,false,2023-08-10 21:12:03+00,2025-10-11 22:05:56.735519+00,2025-10-11 22:05:56.735519+00
45514,33,GEM Irzeleriance#LAS,98,1,633,633,1167,false,2023-10-23 17:32:16+00,2025-10-11 22:05:56.735519+00,2025-10-11 22:05:56.735519+00
45515,33,GEM Irzeleriance#LAS,41,1,455,455,1345,false,2025-10-05 01:59:59+00,2025-10-11 22:05:56.735519+00,2025-10-11 22:05:56.735519+00
45516,33,GEM Irzeleriance#LAS,29,1,333,333,1467,false,2024-01-02 01:41:57+00,2025-10-11 22:05:56.735519+00,2025-10-11 22:05:56.735519+00
45517,33,GEM Irzeleriance#LAS,238,1,211,211,1589,false,2023-09-08 00:43:27+00,2025-10-11 22:05:56.735519+00,2025-10-11 22:05:56.735519+00
45518,33,GEM Irzeleriance#LAS,76,1,192,192,1608,false,2023-08-10 23:45:09+00,2025-10-11 22:05:56.735519+00,2025-10-11 22:05:56.735519+00
45519,33,GEM Irzeleriance#LAS,22,1,167,167,1633,false,2023-12-22 03:45:03+00,2025-10-11 22:05:56.735519+00,2025-10-11 22:05:56.735519+00
45520,33,GEM Irzeleriance#LAS,518,1,150,150,1650,false,2023-12-28 23:02:29+00,2025-10-11 22:05:56.735519+00,2025-10-11 22:05:56.735519+00
45521,33,GEM Irzeleriance#LAS,875,1,140,140,1660,false,2023-10-30 17:58:46+00,2025-10-11 22:05:56.735519+00,2025-10-11 22:05:56.735519+00
45522,33,GEM Irzeleriance#LAS,555,1,120,120,1680,false,2023-12-28 21:34:48+00,2025-10-11 22:05:56.735519+00,2025-10-11 22:05:56.735519+00
45523,33,GEM Irzeleriance#LAS,37,1,116,116,1684,false,2023-12-29 20:58:18+00,2025-10-11 22:05:56.735519+00,2025-10-11 22:05:56.735519+00
45524,33,GEM Irzeleriance#LAS,8,1,115,115,1685,false,2023-10-25 13:46:26+00,2025-10-11 22:05:56.735519+00,2025-10-11 22:05:56.735519+00
45525,33,GEM Irzeleriance#LAS,51,1,115,115,1685,false,2023-08-10 12:00:37+00,2025-10-11 22:05:56.735519+00,2025-10-11 22:05:56.735519+00
45526,33,GEM Irzeleriance#LAS,34,1,102,102,1698,false,2023-08-11 00:05:12+00,2025-10-11 22:05:56.735519+00,2025-10-11 22:05:56.735519+00
45527,23,GEM Ivelism#GEM,350,10,86041,10441,559,false,2025-10-11 00:12:59+00,2025-10-11 22:05:58.265527+00,2025-10-11 22:05:58.265527+00
45528,23,GEM Ivelism#GEM,48,4,16566,3966,5034,false,2025-04-13 04:44:22+00,2025-10-11 22:05:58.265527+00,2025-10-11 22:05:58.265527+00
45529,23,GEM Ivelism#GEM,96,3,9272,3272,3328,false,2025-02-17 14:50:17+00,2025-10-11 22:05:58.265527+00,2025-10-11 22:05:58.265527+00
45530,23,GEM Ivelism#GEM,32,2,5822,4022,178,false,2025-09-20 18:46:55+00,2025-10-11 22:05:58.265527+00,2025-10-11 22:05:58.265527+00
45531,23,GEM Ivelism#GEM,92,2,5275,3475,725,false,2025-04-13 01:29:11+00,2025-10-11 22:05:58.265527+00,2025-10-11 22:05:58.265527+00
45532,23,GEM Ivelism#GEM,236,2,4336,2536,1664,false,2023-10-01 15:58:08+00,2025-10-11 22:05:58.265527+00,2025-10-11 22:05:58.265527+00
45533,23,GEM Ivelism#GEM,22,2,4214,2414,1786,false,2023-12-15 00:47:25+00,2025-10-11 22:05:58.265527+00,2025-10-11 22:05:58.265527+00
45534,23,GEM Ivelism#GEM,55,2,4116,2316,1884,false,2023-10-02 07:10:09+00,2025-10-11 22:05:58.265527+00,2025-10-11 22:05:58.265527+00
45535,23,GEM Ivelism#GEM,142,2,3819,2019,2181,false,2023-10-02 10:41:00+00,2025-10-11 22:05:58.265527+00,2025-10-11 22:05:58.265527+00
45536,23,GEM Ivelism#GEM,412,2,3187,1387,2813,false,2025-04-13 23:30:26+00,2025-10-11 22:05:58.265527+00,2025-10-11 22:05:58.265527+00
45537,23,GEM Ivelism#GEM,105,2,3025,1225,2975,false,2025-04-11 01:17:43+00,2025-10-11 22:05:58.265527+00,2025-10-11 22:05:58.265527+00
45538,23,GEM Ivelism#GEM,254,2,2762,962,3238,false,2025-04-11 00:44:58+00,2025-10-11 22:05:58.265527+00,2025-10-11 22:05:58.265527+00
45539,23,GEM Ivelism#GEM,15,2,2574,774,3426,false,2023-12-13 02:25:41+00,2025-10-11 22:05:58.265527+00,2025-10-11 22:05:58.265527+00
45540,23,GEM Ivelism#GEM,43,2,2480,680,3520,false,2023-09-30 17:33:32+00,2025-10-11 22:05:58.265527+00,2025-10-11 22:05:58.265527+00
45541,23,GEM Ivelism#GEM,64,2,2474,674,3526,false,2025-04-11 18:25:47+00,2025-10-11 22:05:58.265527+00,2025-10-11 22:05:58.265527+00
45542,23,GEM Ivelism#GEM,145,2,2299,499,3701,false,2025-04-11 19:10:59+00,2025-10-11 22:05:58.265527+00,2025-10-11 22:05:58.265527+00
45543,23,GEM Ivelism#GEM,161,2,1939,139,4061,false,2023-10-08 19:16:37+00,2025-10-11 22:05:58.265527+00,2025-10-11 22:05:58.265527+00
45544,23,GEM Ivelism#GEM,8,2,1886,86,4114,false,2023-10-02 13:17:00+00,2025-10-11 22:05:58.265527+00,2025-10-11 22:05:58.265527+00
45545,23,GEM Ivelism#GEM,42,2,1838,38,4162,false,2023-09-21 21:01:28+00,2025-10-11 22:05:58.265527+00,2025-10-11 22:05:58.265527+00
45546,23,GEM Ivelism#GEM,245,1,1734,1734,66,false,2023-10-09 14:27:42+00,2025-10-11 22:05:58.265527+00,2025-10-11 22:05:58.265527+00
45547,23,GEM Ivelism#GEM,11,1,1687,1687,113,false,2025-04-11 01:50:42+00,2025-10-11 22:05:58.265527+00,2025-10-11 22:05:58.265527+00
45548,23,GEM Ivelism#GEM,76,1,1667,1667,133,false,2023-10-03 10:54:40+00,2025-10-11 22:05:58.265527+00,2025-10-11 22:05:58.265527+00
45549,23,GEM Ivelism#GEM,110,1,1574,1574,226,false,2023-10-01 21:47:53+00,2025-10-11 22:05:58.265527+00,2025-10-11 22:05:58.265527+00
45550,23,GEM Ivelism#GEM,103,1,1565,1565,235,false,2023-09-29 16:39:43+00,2025-10-11 22:05:58.265527+00,2025-10-11 22:05:58.265527+00
45551,23,GEM Ivelism#GEM,119,1,1495,1495,305,false,2023-09-30 18:40:03+00,2025-10-11 22:05:58.265527+00,2025-10-11 22:05:58.265527+00
45552,23,GEM Ivelism#GEM,498,1,1478,1478,322,false,2025-02-16 22:11:47+00,2025-10-11 22:05:58.265527+00,2025-10-11 22:05:58.265527+00
45553,23,GEM Ivelism#GEM,51,1,1470,1470,330,false,2023-10-19 19:59:18+00,2025-10-11 22:05:58.265527+00,2025-10-11 22:05:58.265527+00
45554,23,GEM Ivelism#GEM,20,1,1457,1457,343,false,2023-10-08 18:25:39+00,2025-10-11 22:05:58.265527+00,2025-10-11 22:05:58.265527+00
45555,23,GEM Ivelism#GEM,29,1,1336,1336,464,false,2023-09-21 22:41:38+00,2025-10-11 22:05:58.265527+00,2025-10-11 22:05:58.265527+00
45556,23,GEM Ivelism#GEM,54,1,1294,1294,506,false,2023-10-07 16:15:40+00,2025-10-11 22:05:58.265527+00,2025-10-11 22:05:58.265527+00
45557,23,GEM Ivelism#GEM,82,1,1284,1284,516,false,2023-10-02 11:43:11+00,2025-10-11 22:05:58.265527+00,2025-10-11 22:05:58.265527+00
45558,23,GEM Ivelism#GEM,99,1,1227,1227,573,false,2023-10-06 14:32:03+00,2025-10-11 22:05:58.265527+00,2025-10-11 22:05:58.265527+00
45559,23,GEM Ivelism#GEM,25,1,1135,1135,665,false,2023-10-03 13:04:13+00,2025-10-11 22:05:58.265527+00,2025-10-11 22:05:58.265527+00
45560,23,GEM Ivelism#GEM,23,1,922,922,878,false,2025-04-11 02:36:24+00,2025-10-11 22:05:58.265527+00,2025-10-11 22:05:58.265527+00
45561,23,GEM Ivelism#GEM,131,1,894,894,906,false,2023-09-28 23:00:51+00,2025-10-11 22:05:58.265527+00,2025-10-11 22:05:58.265527+00
45562,23,GEM Ivelism#GEM,4,1,869,869,931,false,2023-09-30 19:24:27+00,2025-10-11 22:05:58.265527+00,2025-10-11 22:05:58.265527+00
45563,23,GEM Ivelism#GEM,127,1,840,840,960,false,2023-10-03 11:28:48+00,2025-10-11 22:05:58.265527+00,2025-10-11 22:05:58.265527+00
45564,23,GEM Ivelism#GEM,63,1,827,827,973,false,2023-09-27 20:42:47+00,2025-10-11 22:05:58.265527+00,2025-10-11 22:05:58.265527+00
45565,23,GEM Ivelism#GEM,222,1,827,827,973,false,2025-09-27 17:39:47+00,2025-10-11 22:05:58.265527+00,2025-10-11 22:05:58.265527+00
45566,23,GEM Ivelism#GEM,112,1,822,822,978,false,2023-09-07 11:46:09+00,2025-10-11 22:05:58.265527+00,2025-10-11 22:05:58.265527+00
45567,23,GEM Ivelism#GEM,121,1,807,807,993,false,2023-10-07 00:55:50+00,2025-10-11 22:05:58.265527+00,2025-10-11 22:05:58.265527+00
45568,23,GEM Ivelism#GEM,50,1,804,804,996,false,2023-10-01 22:14:20+00,2025-10-11 22:05:58.265527+00,2025-10-11 22:05:58.265527+00
45569,23,GEM Ivelism#GEM,150,1,745,745,1055,false,2023-09-14 11:27:13+00,2025-10-11 22:05:58.265527+00,2025-10-11 22:05:58.265527+00
45570,23,GEM Ivelism#GEM,114,1,711,711,1089,false,2023-09-28 14:35:33+00,2025-10-11 22:05:58.265527+00,2025-10-11 22:05:58.265527+00
45571,23,GEM Ivelism#GEM,80,1,708,708,1092,false,2023-09-15 10:38:40+00,2025-10-11 22:05:58.265527+00,2025-10-11 22:05:58.265527+00
45572,23,GEM Ivelism#GEM,61,1,690,690,1110,false,2023-10-02 14:35:39+00,2025-10-11 22:05:58.265527+00,2025-10-11 22:05:58.265527+00
45573,23,GEM Ivelism#GEM,202,1,668,668,1132,false,2023-10-01 18:16:50+00,2025-10-11 22:05:58.265527+00,2025-10-11 22:05:58.265527+00
45574,23,GEM Ivelism#GEM,24,1,661,661,1139,false,2025-04-11 23:11:57+00,2025-10-11 22:05:58.265527+00,2025-10-11 22:05:58.265527+00
45575,23,GEM Ivelism#GEM,163,1,630,630,1170,false,2023-09-07 10:35:52+00,2025-10-11 22:05:58.265527+00,2025-10-11 22:05:58.265527+00
45576,23,GEM Ivelism#GEM,238,1,596,596,1204,false,2023-10-01 16:16:07+00,2025-10-11 22:05:58.265527+00,2025-10-11 22:05:58.265527+00
45577,23,GEM Ivelism#GEM,266,1,592,592,1208,false,2023-09-09 11:08:58+00,2025-10-11 22:05:58.265527+00,2025-10-11 22:05:58.265527+00
45578,23,GEM Ivelism#GEM,133,1,554,554,1246,false,2023-09-29 19:34:27+00,2025-10-11 22:05:58.265527+00,2025-10-11 22:05:58.265527+00
45579,23,GEM Ivelism#GEM,68,1,535,535,1265,false,2023-09-27 20:16:10+00,2025-10-11 22:05:58.265527+00,2025-10-11 22:05:58.265527+00
45580,23,GEM Ivelism#GEM,21,1,509,509,1291,false,2023-09-08 11:11:06+00,2025-10-11 22:05:58.265527+00,2025-10-11 22:05:58.265527+00
45581,23,GEM Ivelism#GEM,45,1,224,224,1576,false,2023-09-29 15:42:29+00,2025-10-11 22:05:58.265527+00,2025-10-11 22:05:58.265527+00
45582,23,GEM Ivelism#GEM,104,1,197,197,1603,false,2023-10-01 16:44:42+00,2025-10-11 22:05:58.265527+00,2025-10-11 22:05:58.265527+00
45583,23,GEM Ivelism#GEM,89,1,174,174,1626,false,2023-10-04 04:58:42+00,2025-10-11 22:05:58.265527+00,2025-10-11 22:05:58.265527+00
45584,23,GEM Ivelism#GEM,57,1,154,154,1646,false,2023-09-19 18:17:16+00,2025-10-11 22:05:58.265527+00,2025-10-11 22:05:58.265527+00
45585,23,GEM Ivelism#GEM,74,1,140,140,1660,false,2023-09-29 20:06:09+00,2025-10-11 22:05:58.265527+00,2025-10-11 22:05:58.265527+00
45586,23,GEM Ivelism#GEM,40,1,133,133,1667,false,2023-09-30 00:30:51+00,2025-10-11 22:05:58.265527+00,2025-10-11 22:05:58.265527+00
45587,23,GEM Ivelism#GEM,18,1,119,119,1681,false,2023-09-28 23:27:18+00,2025-10-11 22:05:58.265527+00,2025-10-11 22:05:58.265527+00
45588,23,GEM Ivelism#GEM,17,1,117,117,1683,false,2023-09-29 15:16:39+00,2025-10-11 22:05:58.265527+00,2025-10-11 22:05:58.265527+00
45589,23,GEM Ivelism#GEM,30,1,112,112,1688,false,2023-09-21 11:10:10+00,2025-10-11 22:05:58.265527+00,2025-10-11 22:05:58.265527+00
45590,23,GEM Ivelism#GEM,13,1,106,106,1694,false,2023-09-20 19:24:14+00,2025-10-11 22:05:58.265527+00,2025-10-11 22:05:58.265527+00
45591,23,GEM Ivelism#GEM,86,1,85,85,1715,false,2023-09-16 16:38:13+00,2025-10-11 22:05:58.265527+00,2025-10-11 22:05:58.265527+00
45592,23,GEM Ivelism#GEM,523,1,0,0,1800,false,2023-09-07 12:56:05+00,2025-10-11 22:05:58.265527+00,2025-10-11 22:05:58.265527+00
45593,23,GEM Ivelism#GEM,1,1,0,0,1800,false,2023-10-01 21:29:13+00,2025-10-11 22:05:58.265527+00,2025-10-11 22:05:58.265527+00
45594,18,GEM Bricellice#GEM,134,7,30699,0,22901,false,2023-12-12 17:25:09+00,2025-10-11 22:06:15.30697+00,2025-10-11 22:06:15.30697+00
45595,18,GEM Bricellice#GEM,111,6,28260,0,14340,false,2023-07-26 15:39:22+00,2025-10-11 22:06:15.30697+00,2025-10-11 22:06:15.30697+00
45596,18,GEM Bricellice#GEM,222,4,18393,5793,3207,false,2025-08-23 19:31:40+00,2025-10-11 22:06:15.30697+00,2025-10-11 22:06:15.30697+00
45597,18,GEM Bricellice#GEM,555,4,13857,1257,7743,false,2023-07-23 00:56:11+00,2025-10-11 22:06:15.30697+00,2025-10-11 22:06:15.30697+00
45598,18,GEM Bricellice#GEM,82,4,12702,102,8898,false,2024-01-02 01:18:10+00,2025-10-11 22:06:15.30697+00,2025-10-11 22:06:15.30697+00
45599,18,GEM Bricellice#GEM,432,3,12231,6231,369,false,2023-08-13 17:16:19+00,2025-10-11 22:06:15.30697+00,2025-10-11 22:06:15.30697+00
45600,18,GEM Bricellice#GEM,121,3,10644,4644,1956,false,2023-12-12 17:01:59+00,2025-10-11 22:06:15.30697+00,2025-10-11 22:06:15.30697+00
45601,18,GEM Bricellice#GEM,127,3,10387,4387,2213,false,2023-07-25 18:37:14+00,2025-10-11 22:06:15.30697+00,2025-10-11 22:06:15.30697+00
45602,18,GEM Bricellice#GEM,43,3,9614,3614,2986,false,2025-09-17 13:34:30+00,2025-10-11 22:06:15.30697+00,2025-10-11 22:06:15.30697+00
45603,18,GEM Bricellice#GEM,350,3,9244,3244,3356,false,2025-08-26 15:41:11+00,2025-10-11 22:06:15.30697+00,2025-10-11 22:06:15.30697+00
45604,18,GEM Bricellice#GEM,7,3,8995,2995,3605,false,2023-12-22 18:42:47+00,2025-10-11 22:06:15.30697+00,2025-10-11 22:06:15.30697+00
45605,18,GEM Bricellice#GEM,114,3,8992,2992,3608,false,2024-01-03 00:08:12+00,2025-10-11 22:06:15.30697+00,2025-10-11 22:06:15.30697+00
45606,18,GEM Bricellice#GEM,55,3,8269,2269,4331,false,2023-07-26 20:02:42+00,2025-10-11 22:06:15.30697+00,2025-10-11 22:06:15.30697+00
45607,18,GEM Bricellice#GEM,101,3,8158,2158,4442,false,2024-01-01 23:53:43+00,2025-10-11 22:06:15.30697+00,2025-10-11 22:06:15.30697+00
45608,18,GEM Bricellice#GEM,268,3,7444,1444,5156,false,2025-07-26 02:22:15+00,2025-10-11 22:06:15.30697+00,2025-10-11 22:06:15.30697+00
45609,18,GEM Bricellice#GEM,266,3,7241,1241,5359,false,2023-07-21 16:34:48+00,2025-10-11 22:06:15.30697+00,2025-10-11 22:06:15.30697+00
45610,18,GEM Bricellice#GEM,110,3,7064,1064,5536,false,2025-07-26 02:56:34+00,2025-10-11 22:06:15.30697+00,2025-10-11 22:06:15.30697+00
45611,18,GEM Bricellice#GEM,29,3,6615,615,5985,false,2025-08-26 14:24:37+00,2025-10-11 22:06:15.30697+00,2025-10-11 22:06:15.30697+00
45612,18,GEM Bricellice#GEM,25,3,6615,615,5985,false,2023-02-09 17:16:56+00,2025-10-11 22:06:15.30697+00,2025-10-11 22:06:15.30697+00
45613,18,GEM Bricellice#GEM,105,3,6401,401,6199,false,2024-01-01 23:17:45+00,2025-10-11 22:06:15.30697+00,2025-10-11 22:06:15.30697+00
45614,18,GEM Bricellice#GEM,30,3,6253,253,6347,false,2023-07-26 20:24:02+00,2025-10-11 22:06:15.30697+00,2025-10-11 22:06:15.30697+00
45615,18,GEM Bricellice#GEM,104,3,6168,168,6432,false,2025-03-27 00:15:04+00,2025-10-11 22:06:15.30697+00,2025-10-11 22:06:15.30697+00
45616,18,GEM Bricellice#GEM,45,3,6149,149,6451,false,2023-07-01 20:30:17+00,2025-10-11 22:06:15.30697+00,2025-10-11 22:06:15.30697+00
45617,18,GEM Bricellice#GEM,10,2,5838,4038,162,false,2023-01-02 01:05:17+00,2025-10-11 22:06:15.30697+00,2025-10-11 22:06:15.30697+00
45618,18,GEM Bricellice#GEM,2,2,5489,3689,511,false,2023-12-27 00:22:09+00,2025-10-11 22:06:15.30697+00,2025-10-11 22:06:15.30697+00
45619,18,GEM Bricellice#GEM,81,2,5060,3260,940,false,2025-04-02 20:27:40+00,2025-10-11 22:06:15.30697+00,2025-10-11 22:06:15.30697+00
45620,18,GEM Bricellice#GEM,887,2,4937,3137,1063,false,2023-12-26 01:03:27+00,2025-10-11 22:06:15.30697+00,2025-10-11 22:06:15.30697+00
45621,18,GEM Bricellice#GEM,80,2,4546,2746,1454,false,2023-07-22 20:11:29+00,2025-10-11 22:06:15.30697+00,2025-10-11 22:06:15.30697+00
45622,18,GEM Bricellice#GEM,51,2,4534,2734,1466,false,2025-07-25 03:11:55+00,2025-10-11 22:06:15.30697+00,2025-10-11 22:06:15.30697+00
45623,18,GEM Bricellice#GEM,161,2,4429,2629,1571,false,2023-08-03 16:12:01+00,2025-10-11 22:06:15.30697+00,2025-10-11 22:06:15.30697+00
45624,18,GEM Bricellice#GEM,78,2,4401,2601,1599,false,2025-02-14 00:40:01+00,2025-10-11 22:06:15.30697+00,2025-10-11 22:06:15.30697+00
45625,18,GEM Bricellice#GEM,18,2,4317,2517,1683,false,2023-07-16 00:29:17+00,2025-10-11 22:06:15.30697+00,2025-10-11 22:06:15.30697+00
45626,18,GEM Bricellice#GEM,89,2,4303,2503,1697,false,2023-12-24 01:50:03+00,2025-10-11 22:06:15.30697+00,2025-10-11 22:06:15.30697+00
45627,18,GEM Bricellice#GEM,50,2,4120,2320,1880,false,2024-07-31 20:20:09+00,2025-10-11 22:06:15.30697+00,2025-10-11 22:06:15.30697+00
45628,18,GEM Bricellice#GEM,711,2,4090,2290,1910,false,2023-07-03 14:57:06+00,2025-10-11 22:06:15.30697+00,2025-10-11 22:06:15.30697+00
45629,18,GEM Bricellice#GEM,15,2,3748,1948,2252,false,2025-03-22 17:16:04+00,2025-10-11 22:06:15.30697+00,2025-10-11 22:06:15.30697+00
45630,18,GEM Bricellice#GEM,67,2,3706,1906,2294,false,2025-07-25 02:01:50+00,2025-10-11 22:06:15.30697+00,2025-10-11 22:06:15.30697+00
45631,18,GEM Bricellice#GEM,223,2,3464,1664,2536,false,2025-02-12 05:02:15+00,2025-10-11 22:06:15.30697+00,2025-10-11 22:06:15.30697+00
45632,18,GEM Bricellice#GEM,133,2,3405,1605,2595,false,2023-01-09 18:09:19+00,2025-10-11 22:06:15.30697+00,2025-10-11 22:06:15.30697+00
45633,18,GEM Bricellice#GEM,202,2,3358,1558,2642,false,2023-02-17 15:21:57+00,2025-10-11 22:06:15.30697+00,2025-10-11 22:06:15.30697+00
45634,18,GEM Bricellice#GEM,145,2,3289,1489,2711,false,2025-07-25 02:38:18+00,2025-10-11 22:06:15.30697+00,2025-10-11 22:06:15.30697+00
45635,18,GEM Bricellice#GEM,76,2,3230,1430,2770,false,2023-02-23 17:01:46+00,2025-10-11 22:06:15.30697+00,2025-10-11 22:06:15.30697+00
45636,18,GEM Bricellice#GEM,107,2,3136,1336,2864,false,2023-12-06 20:42:38+00,2025-10-11 22:06:15.30697+00,2025-10-11 22:06:15.30697+00
45637,18,GEM Bricellice#GEM,4,2,3131,1331,2869,false,2025-03-27 20:07:03+00,2025-10-11 22:06:15.30697+00,2025-10-11 22:06:15.30697+00
45638,18,GEM Bricellice#GEM,22,2,2899,1099,3101,false,2025-03-22 17:49:54+00,2025-10-11 22:06:15.30697+00,2025-10-11 22:06:15.30697+00
45639,18,GEM Bricellice#GEM,59,2,2749,949,3251,false,2023-08-01 18:07:41+00,2025-10-11 22:06:15.30697+00,2025-10-11 22:06:15.30697+00
45640,18,GEM Bricellice#GEM,245,2,2632,832,3368,false,2023-07-18 15:15:43+00,2025-10-11 22:06:15.30697+00,2025-10-11 22:06:15.30697+00
45641,18,GEM Bricellice#GEM,62,2,2532,732,3468,false,2024-01-02 00:30:35+00,2025-10-11 22:06:15.30697+00,2025-10-11 22:06:15.30697+00
45642,18,GEM Bricellice#GEM,106,2,2366,566,3634,false,2025-02-13 01:37:29+00,2025-10-11 22:06:15.30697+00,2025-10-11 22:06:15.30697+00
45643,18,GEM Bricellice#GEM,19,2,2304,504,3696,false,2023-07-03 18:21:36+00,2025-10-11 22:06:15.30697+00,2025-10-11 22:06:15.30697+00
45644,18,GEM Bricellice#GEM,34,2,2162,362,3838,false,2025-03-27 19:41:58+00,2025-10-11 22:06:15.30697+00,2025-10-11 22:06:15.30697+00
45645,18,GEM Bricellice#GEM,236,2,2153,353,3847,false,2025-03-22 16:46:53+00,2025-10-11 22:06:15.30697+00,2025-10-11 22:06:15.30697+00
45646,18,GEM Bricellice#GEM,120,2,2143,343,3857,false,2021-02-16 02:15:35+00,2025-10-11 22:06:15.30697+00,2025-10-11 22:06:15.30697+00
45647,18,GEM Bricellice#GEM,498,2,2091,291,3909,false,2023-01-07 20:08:35+00,2025-10-11 22:06:15.30697+00,2025-10-11 22:06:15.30697+00
45648,18,GEM Bricellice#GEM,240,2,2039,239,3961,false,2023-12-25 23:10:43+00,2025-10-11 22:06:15.30697+00,2025-10-11 22:06:15.30697+00
45649,18,GEM Bricellice#GEM,68,2,1960,160,4040,false,2023-07-23 14:26:07+00,2025-10-11 22:06:15.30697+00,2025-10-11 22:06:15.30697+00
45650,18,GEM Bricellice#GEM,40,2,1883,83,4117,false,2023-02-04 02:07:10+00,2025-10-11 22:06:15.30697+00,2025-10-11 22:06:15.30697+00
45651,18,GEM Bricellice#GEM,122,2,1861,61,4139,false,2022-07-12 23:59:14+00,2025-10-11 22:06:15.30697+00,2025-10-11 22:06:15.30697+00
45652,18,GEM Bricellice#GEM,32,2,1814,14,4186,false,2023-01-09 15:13:06+00,2025-10-11 22:06:15.30697+00,2025-10-11 22:06:15.30697+00
45653,18,GEM Bricellice#GEM,254,1,1794,1794,6,false,2023-01-24 01:17:56+00,2025-10-11 22:06:15.30697+00,2025-10-11 22:06:15.30697+00
45654,18,GEM Bricellice#GEM,150,1,1778,1778,22,false,2023-12-03 19:36:37+00,2025-10-11 22:06:15.30697+00,2025-10-11 22:06:15.30697+00
45655,18,GEM Bricellice#GEM,60,1,1763,1763,37,false,2023-07-31 17:04:56+00,2025-10-11 22:06:15.30697+00,2025-10-11 22:06:15.30697+00
45656,18,GEM Bricellice#GEM,141,1,1696,1696,104,false,2022-12-03 20:04:44+00,2025-10-11 22:06:15.30697+00,2025-10-11 22:06:15.30697+00
45657,18,GEM Bricellice#GEM,517,1,1692,1692,108,false,2025-04-01 20:09:27+00,2025-10-11 22:06:15.30697+00,2025-10-11 22:06:15.30697+00
45658,18,GEM Bricellice#GEM,117,1,1635,1635,165,false,2025-02-12 03:16:54+00,2025-10-11 22:06:15.30697+00,2025-10-11 22:06:15.30697+00
45659,18,GEM Bricellice#GEM,11,1,1603,1603,197,false,2022-12-06 19:23:21+00,2025-10-11 22:06:15.30697+00,2025-10-11 22:06:15.30697+00
45660,18,GEM Bricellice#GEM,1,1,1556,1556,244,false,2023-07-22 18:28:48+00,2025-10-11 22:06:15.30697+00,2025-10-11 22:06:15.30697+00
45661,18,GEM Bricellice#GEM,360,1,1541,1541,259,false,2023-07-25 17:12:31+00,2025-10-11 22:06:15.30697+00,2025-10-11 22:06:15.30697+00
45662,18,GEM Bricellice#GEM,64,1,1535,1535,265,false,2025-03-26 23:28:52+00,2025-10-11 22:06:15.30697+00,2025-10-11 22:06:15.30697+00
45663,18,GEM Bricellice#GEM,113,1,1495,1495,305,false,2023-02-17 15:48:29+00,2025-10-11 22:06:15.30697+00,2025-10-11 22:06:15.30697+00
45664,18,GEM Bricellice#GEM,84,1,1473,1473,327,false,2022-12-04 01:19:42+00,2025-10-11 22:06:15.30697+00,2025-10-11 22:06:15.30697+00
45665,18,GEM Bricellice#GEM,54,1,1468,1468,332,false,2023-12-12 16:33:07+00,2025-10-11 22:06:15.30697+00,2025-10-11 22:06:15.30697+00
45666,18,GEM Bricellice#GEM,8,1,1444,1444,356,false,2023-02-09 16:56:23+00,2025-10-11 22:06:15.30697+00,2025-10-11 22:06:15.30697+00
45667,18,GEM Bricellice#GEM,69,1,1404,1404,396,false,2022-09-15 01:06:19+00,2025-10-11 22:06:15.30697+00,2025-10-11 22:06:15.30697+00
45668,18,GEM Bricellice#GEM,910,1,1385,1385,415,false,2025-07-26 01:44:07+00,2025-10-11 22:06:15.30697+00,2025-10-11 22:06:15.30697+00
45669,18,GEM Bricellice#GEM,90,1,1318,1318,482,false,2024-01-02 23:24:46+00,2025-10-11 22:06:15.30697+00,2025-10-11 22:06:15.30697+00
45670,18,GEM Bricellice#GEM,427,1,1270,1270,530,false,2023-02-13 19:07:32+00,2025-10-11 22:06:15.30697+00,2025-10-11 22:06:15.30697+00
45671,18,GEM Bricellice#GEM,74,1,1249,1249,551,false,2023-02-07 16:47:25+00,2025-10-11 22:06:15.30697+00,2025-10-11 22:06:15.30697+00
45672,18,GEM Bricellice#GEM,36,1,1114,1114,686,false,2023-08-01 14:30:57+00,2025-10-11 22:06:15.30697+00,2025-10-11 22:06:15.30697+00
45673,18,GEM Bricellice#GEM,23,1,1106,1106,694,false,2023-02-05 01:58:26+00,2025-10-11 22:06:15.30697+00,2025-10-11 22:06:15.30697+00
45674,18,GEM Bricellice#GEM,58,1,1061,1061,739,false,2023-12-26 23:40:08+00,2025-10-11 22:06:15.30697+00,2025-10-11 22:06:15.30697+00
45675,18,GEM Bricellice#GEM,48,1,1010,1010,790,false,2023-12-26 01:54:21+00,2025-10-11 22:06:15.30697+00,2025-10-11 22:06:15.30697+00
45676,18,GEM Bricellice#GEM,235,1,961,961,839,false,2022-11-12 19:55:34+00,2025-10-11 22:06:15.30697+00,2025-10-11 22:06:15.30697+00
45677,18,GEM Bricellice#GEM,203,1,952,952,848,false,2025-03-22 18:44:39+00,2025-10-11 22:06:15.30697+00,2025-10-11 22:06:15.30697+00
45678,18,GEM Bricellice#GEM,142,1,905,905,895,false,2023-01-09 18:43:24+00,2025-10-11 22:06:15.30697+00,2025-10-11 22:06:15.30697+00
45679,18,GEM Bricellice#GEM,102,1,883,883,917,false,2023-02-10 17:46:07+00,2025-10-11 22:06:15.30697+00,2025-10-11 22:06:15.30697+00
45680,18,GEM Bricellice#GEM,777,1,865,865,935,false,2025-04-01 19:28:36+00,2025-10-11 22:06:15.30697+00,2025-10-11 22:06:15.30697+00
45681,18,GEM Bricellice#GEM,119,1,843,843,957,false,2023-07-22 18:03:50+00,2025-10-11 22:06:15.30697+00,2025-10-11 22:06:15.30697+00
45682,18,GEM Bricellice#GEM,21,1,814,814,986,false,2022-12-02 18:19:00+00,2025-10-11 22:06:15.30697+00,2025-10-11 22:06:15.30697+00
45683,18,GEM Bricellice#GEM,39,1,806,806,994,false,2022-09-29 02:17:29+00,2025-10-11 22:06:15.30697+00,2025-10-11 22:06:15.30697+00
45684,18,GEM Bricellice#GEM,238,1,712,712,1088,false,2022-11-21 21:56:49+00,2025-10-11 22:06:15.30697+00,2025-10-11 22:06:15.30697+00
45685,18,GEM Bricellice#GEM,37,1,705,705,1095,false,2022-12-01 17:23:54+00,2025-10-11 22:06:15.30697+00,2025-10-11 22:06:15.30697+00
45686,18,GEM Bricellice#GEM,26,1,678,678,1122,false,2022-08-18 03:21:11+00,2025-10-11 22:06:15.30697+00,2025-10-11 22:06:15.30697+00
45687,18,GEM Bricellice#GEM,35,1,646,646,1154,false,2023-07-18 16:37:16+00,2025-10-11 22:06:15.30697+00,2025-10-11 22:06:15.30697+00
45688,18,GEM Bricellice#GEM,86,1,616,616,1184,false,2022-07-12 15:25:32+00,2025-10-11 22:06:15.30697+00,2025-10-11 22:06:15.30697+00
45689,18,GEM Bricellice#GEM,72,1,613,613,1187,false,2022-07-12 20:16:55+00,2025-10-11 22:06:15.30697+00,2025-10-11 22:06:15.30697+00
45690,18,GEM Bricellice#GEM,9,1,606,606,1194,false,2022-10-26 11:05:52+00,2025-10-11 22:06:15.30697+00,2025-10-11 22:06:15.30697+00
45691,18,GEM Bricellice#GEM,131,1,554,554,1246,false,2022-09-04 21:16:20+00,2025-10-11 22:06:15.30697+00,2025-10-11 22:06:15.30697+00
45692,18,GEM Bricellice#GEM,103,1,496,496,1304,false,2022-07-13 01:40:30+00,2025-10-11 22:06:15.30697+00,2025-10-11 22:06:15.30697+00
45693,18,GEM Bricellice#GEM,267,1,452,452,1348,false,2023-08-13 19:00:27+00,2025-10-11 22:06:15.30697+00,2025-10-11 22:06:15.30697+00
45694,18,GEM Bricellice#GEM,92,1,284,284,1516,false,2022-07-12 23:02:00+00,2025-10-11 22:06:15.30697+00,2025-10-11 22:06:15.30697+00
45695,18,GEM Bricellice#GEM,75,1,259,259,1541,false,2023-07-15 15:30:43+00,2025-10-11 22:06:15.30697+00,2025-10-11 22:06:15.30697+00
45696,18,GEM Bricellice#GEM,63,1,251,251,1549,false,2022-12-01 15:12:45+00,2025-10-11 22:06:15.30697+00,2025-10-11 22:06:15.30697+00
45697,18,GEM Bricellice#GEM,85,1,221,221,1579,false,2022-12-04 16:43:14+00,2025-10-11 22:06:15.30697+00,2025-10-11 22:06:15.30697+00
45698,18,GEM Bricellice#GEM,246,1,212,212,1588,false,2023-02-05 02:39:14+00,2025-10-11 22:06:15.30697+00,2025-10-11 22:06:15.30697+00
45699,18,GEM Bricellice#GEM,16,1,207,207,1593,false,2022-09-07 23:30:12+00,2025-10-11 22:06:15.30697+00,2025-10-11 22:06:15.30697+00
45700,18,GEM Bricellice#GEM,888,1,200,200,1600,false,2023-07-17 15:03:36+00,2025-10-11 22:06:15.30697+00,2025-10-11 22:06:15.30697+00
45701,18,GEM Bricellice#GEM,99,1,162,162,1638,false,2022-09-08 00:39:43+00,2025-10-11 22:06:15.30697+00,2025-10-11 22:06:15.30697+00
45702,18,GEM Bricellice#GEM,876,1,124,124,1676,false,2022-12-04 21:35:59+00,2025-10-11 22:06:15.30697+00,2025-10-11 22:06:15.30697+00
45703,18,GEM Bricellice#GEM,61,1,116,116,1684,false,2023-01-07 19:22:37+00,2025-10-11 22:06:15.30697+00,2025-10-11 22:06:15.30697+00
45704,18,GEM Bricellice#GEM,31,1,105,105,1695,false,2023-08-03 16:40:34+00,2025-10-11 22:06:15.30697+00,2025-10-11 22:06:15.30697+00
45705,18,GEM Bricellice#GEM,57,1,103,103,1697,false,2023-01-09 20:05:14+00,2025-10-11 22:06:15.30697+00,2025-10-11 22:06:15.30697+00
45706,18,GEM Bricellice#GEM,201,1,95,95,1705,false,2021-02-17 08:26:12+00,2025-10-11 22:06:15.30697+00,2025-10-11 22:06:15.30697+00
45707,18,GEM Bricellice#GEM,221,1,91,91,1709,false,2023-01-05 23:22:51+00,2025-10-11 22:06:15.30697+00,2025-10-11 22:06:15.30697+00
45708,18,GEM Bricellice#GEM,24,1,91,91,1709,false,2022-07-13 02:53:33+00,2025-10-11 22:06:15.30697+00,2025-10-11 22:06:15.30697+00
45709,8,GEM Stridellarea#GEM,67,7,45889,3289,7711,false,2022-10-21 17:25:32+00,2025-10-11 22:06:16.774326+00,2025-10-11 22:06:16.774326+00
45710,8,GEM Stridellarea#GEM,350,6,38973,7373,3627,false,2023-10-16 23:33:24+00,2025-10-11 22:06:16.774326+00,2025-10-11 22:06:16.774326+00
45711,8,GEM Stridellarea#GEM,107,6,37517,5917,5083,false,2023-10-20 13:42:34+00,2025-10-11 22:06:16.774326+00,2025-10-11 22:06:16.774326+00
45712,8,GEM Stridellarea#GEM,122,7,36919,0,16681,false,2025-03-22 18:44:39+00,2025-10-11 22:06:16.774326+00,2025-10-11 22:06:16.774326+00
45713,8,GEM Stridellarea#GEM,497,6,33689,2089,8911,false,2025-09-11 00:00:12+00,2025-10-11 22:06:16.774326+00,2025-10-11 22:06:16.774326+00
45714,8,GEM Stridellarea#GEM,157,6,32022,422,10578,false,2022-08-27 21:18:29+00,2025-10-11 22:06:16.774326+00,2025-10-11 22:06:16.774326+00
45715,8,GEM Stridellarea#GEM,18,4,20828,8228,772,false,2023-07-31 19:45:01+00,2025-10-11 22:06:16.774326+00,2025-10-11 22:06:16.774326+00
45716,8,GEM Stridellarea#GEM,74,4,16694,4094,4906,false,2025-09-12 16:33:59+00,2025-10-11 22:06:16.774326+00,2025-10-11 22:06:16.774326+00
45717,8,GEM Stridellarea#GEM,238,4,14770,2170,6830,false,2022-09-02 21:24:40+00,2025-10-11 22:06:16.774326+00,2025-10-11 22:06:16.774326+00
45718,8,GEM Stridellarea#GEM,24,3,9859,3859,2741,false,2025-03-24 04:37:46+00,2025-10-11 22:06:16.774326+00,2025-10-11 22:06:16.774326+00
45719,8,GEM Stridellarea#GEM,432,3,8142,2142,4458,false,2025-09-12 18:11:36+00,2025-10-11 22:06:16.774326+00,2025-10-11 22:06:16.774326+00
45720,8,GEM Stridellarea#GEM,19,3,8038,2038,4562,false,2021-02-22 02:15:34+00,2025-10-11 22:06:16.774326+00,2025-10-11 22:06:16.774326+00
45721,8,GEM Stridellarea#GEM,55,3,6591,591,6009,false,2022-08-18 18:32:18+00,2025-10-11 22:06:16.774326+00,2025-10-11 22:06:16.774326+00
45722,8,GEM Stridellarea#GEM,117,3,6458,458,6142,false,2025-07-24 18:59:48+00,2025-10-11 22:06:16.774326+00,2025-10-11 22:06:16.774326+00
45723,8,GEM Stridellarea#GEM,63,3,6322,322,6278,false,2025-04-12 03:46:01+00,2025-10-11 22:06:16.774326+00,2025-10-11 22:06:16.774326+00
45724,8,GEM Stridellarea#GEM,75,2,5892,4092,108,false,2025-04-16 23:51:41+00,2025-10-11 22:06:16.774326+00,2025-10-11 22:06:16.774326+00
45725,8,GEM Stridellarea#GEM,89,2,5840,4040,160,false,2025-07-22 02:50:30+00,2025-10-11 22:06:16.774326+00,2025-10-11 22:06:16.774326+00
45726,8,GEM Stridellarea#GEM,555,2,5786,3986,214,false,2021-02-24 00:55:33+00,2025-10-11 22:06:16.774326+00,2025-10-11 22:06:16.774326+00
45727,8,GEM Stridellarea#GEM,14,2,5629,3829,371,false,2025-07-11 02:13:04+00,2025-10-11 22:06:16.774326+00,2025-10-11 22:06:16.774326+00
45728,8,GEM Stridellarea#GEM,39,2,5076,3276,924,false,2022-06-06 01:08:25+00,2025-10-11 22:06:16.774326+00,2025-10-11 22:06:16.774326+00
45729,8,GEM Stridellarea#GEM,267,2,4984,3184,1016,false,2025-09-07 21:12:41+00,2025-10-11 22:06:16.774326+00,2025-10-11 22:06:16.774326+00
45730,8,GEM Stridellarea#GEM,59,2,4808,3008,1192,false,2025-02-21 22:37:29+00,2025-10-11 22:06:16.774326+00,2025-10-11 22:06:16.774326+00
45731,8,GEM Stridellarea#GEM,11,2,4628,2828,1372,false,2022-10-19 03:01:26+00,2025-10-11 22:06:16.774326+00,2025-10-11 22:06:16.774326+00
45732,8,GEM Stridellarea#GEM,902,2,4252,2452,1748,false,2025-09-12 17:24:56+00,2025-10-11 22:06:16.774326+00,2025-10-11 22:06:16.774326+00
45733,8,GEM Stridellarea#GEM,48,2,4079,2279,1921,false,2025-04-15 00:22:12+00,2025-10-11 22:06:16.774326+00,2025-10-11 22:06:16.774326+00
45734,8,GEM Stridellarea#GEM,82,2,3913,2113,2087,false,2022-07-06 23:47:36+00,2025-10-11 22:06:16.774326+00,2025-10-11 22:06:16.774326+00
45735,8,GEM Stridellarea#GEM,23,2,3799,1999,2201,false,2022-09-25 03:30:56+00,2025-10-11 22:06:16.774326+00,2025-10-11 22:06:16.774326+00
45736,8,GEM Stridellarea#GEM,35,2,3761,1961,2239,false,2025-03-28 20:56:56+00,2025-10-11 22:06:16.774326+00,2025-10-11 22:06:16.774326+00
45737,8,GEM Stridellarea#GEM,56,2,3503,1703,2497,false,2025-03-29 04:05:36+00,2025-10-11 22:06:16.774326+00,2025-10-11 22:06:16.774326+00
45738,8,GEM Stridellarea#GEM,83,2,3327,1527,2673,false,2025-07-11 03:31:50+00,2025-10-11 22:06:16.774326+00,2025-10-11 22:06:16.774326+00
45739,8,GEM Stridellarea#GEM,41,2,2885,1085,3115,false,2023-07-04 19:06:04+00,2025-10-11 22:06:16.774326+00,2025-10-11 22:06:16.774326+00
45740,8,GEM Stridellarea#GEM,25,2,2313,513,3687,false,2025-04-12 02:18:40+00,2025-10-11 22:06:16.774326+00,2025-10-11 22:06:16.774326+00
45741,8,GEM Stridellarea#GEM,77,2,2110,310,3890,false,2025-02-28 21:32:38+00,2025-10-11 22:06:16.774326+00,2025-10-11 22:06:16.774326+00
45742,8,GEM Stridellarea#GEM,2,2,2016,216,3984,false,2022-09-25 01:58:18+00,2025-10-11 22:06:16.774326+00,2025-10-11 22:06:16.774326+00
45743,8,GEM Stridellarea#GEM,91,2,1944,144,4056,false,2022-09-25 16:44:35+00,2025-10-11 22:06:16.774326+00,2025-10-11 22:06:16.774326+00
45744,8,GEM Stridellarea#GEM,64,2,1941,141,4059,false,2025-03-28 20:14:01+00,2025-10-11 22:06:16.774326+00,2025-10-11 22:06:16.774326+00
45745,8,GEM Stridellarea#GEM,76,2,1931,131,4069,false,2025-02-21 20:56:00+00,2025-10-11 22:06:16.774326+00,2025-10-11 22:06:16.774326+00
45746,8,GEM Stridellarea#GEM,54,2,1850,50,4150,false,2025-03-24 03:58:56+00,2025-10-11 22:06:16.774326+00,2025-10-11 22:06:16.774326+00
45747,8,GEM Stridellarea#GEM,254,1,1714,1714,86,false,2023-07-03 21:17:58+00,2025-10-11 22:06:16.774326+00,2025-10-11 22:06:16.774326+00
45748,8,GEM Stridellarea#GEM,119,1,1660,1660,140,false,2023-08-02 11:13:20+00,2025-10-11 22:06:16.774326+00,2025-10-11 22:06:16.774326+00
45749,8,GEM Stridellarea#GEM,53,1,1655,1655,145,false,2025-03-22 17:49:54+00,2025-10-11 22:06:16.774326+00,2025-10-11 22:06:16.774326+00
45750,8,GEM Stridellarea#GEM,12,1,1638,1638,162,false,2025-02-17 17:40:09+00,2025-10-11 22:06:16.774326+00,2025-10-11 22:06:16.774326+00
45751,8,GEM Stridellarea#GEM,104,1,1621,1621,179,false,2020-12-27 22:29:07+00,2025-10-11 22:06:16.774326+00,2025-10-11 22:06:16.774326+00
45752,8,GEM Stridellarea#GEM,5,0,1547,1547,253,false,2023-06-29 13:27:35+00,2025-10-11 22:06:16.774326+00,2025-10-12 01:36:19.212723+00
45753,8,GEM Stridellarea#GEM,202,1,1412,1412,388,false,2022-09-25 17:22:21+00,2025-10-11 22:06:16.774326+00,2025-10-11 22:06:16.774326+00
45754,8,GEM Stridellarea#GEM,81,1,1340,1340,460,false,2025-02-21 20:14:52+00,2025-10-11 22:06:16.774326+00,2025-10-11 22:06:16.774326+00
45755,8,GEM Stridellarea#GEM,222,1,1339,1339,461,false,2023-08-02 00:20:59+00,2025-10-11 22:06:16.774326+00,2025-10-11 22:06:16.774326+00
45756,8,GEM Stridellarea#GEM,80,1,1261,1261,539,false,2025-02-21 03:12:32+00,2025-10-11 22:06:16.774326+00,2025-10-11 22:06:16.774326+00
45757,8,GEM Stridellarea#GEM,106,1,1219,1219,581,false,2022-06-24 03:29:42+00,2025-10-11 22:06:16.774326+00,2025-10-12 01:37:01.882098+00
45758,8,GEM Stridellarea#GEM,40,1,1212,1212,588,false,2025-03-22 15:19:22+00,2025-10-11 22:06:16.774326+00,2025-10-11 22:06:16.774326+00
45759,8,GEM Stridellarea#GEM,516,1,1169,1169,631,false,2022-09-25 00:05:18+00,2025-10-11 22:06:16.774326+00,2025-10-11 22:06:16.774326+00
45760,8,GEM Stridellarea#GEM,58,1,1168,1168,632,false,2022-09-02 23:11:33+00,2025-10-11 22:06:16.774326+00,2025-10-11 22:06:16.774326+00
45761,8,GEM Stridellarea#GEM,412,1,1160,1160,640,false,2022-09-23 19:58:19+00,2025-10-11 22:06:16.774326+00,2025-10-11 22:06:16.774326+00
45762,8,GEM Stridellarea#GEM,141,1,921,921,879,false,2020-12-31 10:41:42+00,2025-10-11 22:06:16.774326+00,2025-10-11 22:06:16.774326+00
45763,8,GEM Stridellarea#GEM,29,1,916,916,884,false,2022-08-29 01:24:25+00,2025-10-11 22:06:16.774326+00,2025-10-11 22:06:16.774326+00
45764,8,GEM Stridellarea#GEM,235,1,903,903,897,false,2022-07-07 23:10:25+00,2025-10-11 22:06:16.774326+00,2025-10-11 22:06:16.774326+00
45765,8,GEM Stridellarea#GEM,113,1,843,843,957,false,2025-04-14 00:56:44+00,2025-10-11 22:06:16.774326+00,2025-10-11 22:06:16.774326+00
45766,8,GEM Stridellarea#GEM,28,1,809,809,991,false,2025-02-28 21:59:51+00,2025-10-11 22:06:16.774326+00,2025-10-11 22:06:16.774326+00
45767,8,GEM Stridellarea#GEM,121,1,779,779,1021,false,2022-08-23 23:00:59+00,2025-10-11 22:06:16.774326+00,2025-10-11 22:06:16.774326+00
45768,8,GEM Stridellarea#GEM,518,1,745,745,1055,false,2025-02-21 19:46:45+00,2025-10-11 22:06:16.774326+00,2025-10-11 22:06:16.774326+00
45769,8,GEM Stridellarea#GEM,36,1,702,702,1098,false,2023-07-29 22:10:35+00,2025-10-11 22:06:16.774326+00,2025-10-11 22:06:16.774326+00
45770,8,GEM Stridellarea#GEM,13,1,688,688,1112,false,2022-09-25 17:05:48+00,2025-10-11 22:06:16.774326+00,2025-10-11 22:06:16.774326+00
45771,8,GEM Stridellarea#GEM,51,1,616,616,1184,false,2022-07-07 01:38:33+00,2025-10-11 22:06:16.774326+00,2025-10-11 22:06:16.774326+00
45772,8,GEM Stridellarea#GEM,517,1,604,604,1196,false,2025-07-24 00:28:06+00,2025-10-11 22:06:16.774326+00,2025-10-11 22:06:16.774326+00
45773,8,GEM Stridellarea#GEM,7,1,571,571,1229,false,2022-10-18 19:14:34+00,2025-10-11 22:06:16.774326+00,2025-10-11 22:06:16.774326+00
45774,8,GEM Stridellarea#GEM,45,1,265,265,1535,false,2022-06-18 02:23:55+00,2025-10-11 22:06:16.774326+00,2025-10-11 22:06:16.774326+00
45775,8,GEM Stridellarea#GEM,234,1,246,246,1554,false,2022-07-07 02:32:03+00,2025-10-11 22:06:16.774326+00,2025-10-11 22:06:16.774326+00
45776,8,GEM Stridellarea#GEM,114,1,238,238,1562,false,2021-02-23 06:46:34+00,2025-10-11 22:06:16.774326+00,2025-10-11 22:06:16.774326+00
45777,8,GEM Stridellarea#GEM,200,1,217,217,1583,false,2022-07-05 03:32:16+00,2025-10-11 22:06:16.774326+00,2025-10-11 22:06:16.774326+00
45778,8,GEM Stridellarea#GEM,429,1,186,186,1614,false,2020-12-30 10:55:28+00,2025-10-11 22:06:16.774326+00,2025-10-11 22:06:16.774326+00
45779,8,GEM Stridellarea#GEM,50,1,148,148,1652,false,2022-07-07 22:06:06+00,2025-10-11 22:06:16.774326+00,2025-10-11 22:06:16.774326+00
45780,8,GEM Stridellarea#GEM,37,1,130,130,1670,false,2023-08-01 23:38:54+00,2025-10-11 22:06:16.774326+00,2025-10-11 22:06:16.774326+00
45781,8,GEM Stridellarea#GEM,10,1,125,125,1675,false,2022-10-19 03:27:55+00,2025-10-11 22:06:16.774326+00,2025-10-11 22:06:16.774326+00
45782,8,GEM Stridellarea#GEM,72,1,119,119,1681,false,2022-09-02 22:34:17+00,2025-10-11 22:06:16.774326+00,2025-10-11 22:06:16.774326+00
45783,8,GEM Stridellarea#GEM,16,1,118,118,1682,false,2023-07-31 23:19:20+00,2025-10-11 22:06:16.774326+00,2025-10-11 22:06:16.774326+00
45784,8,GEM Stridellarea#GEM,92,1,107,107,1693,false,2022-07-07 22:53:41+00,2025-10-11 22:06:16.774326+00,2025-10-11 22:06:16.774326+00
45785,8,GEM Stridellarea#GEM,86,1,85,85,1715,false,2022-08-20 22:35:01+00,2025-10-11 22:06:16.774326+00,2025-10-11 22:06:16.774326+00
45786,38,GEM Cierzellant#GEM,350,6,33220,1620,9380,false,2025-03-19 23:24:29+00,2025-10-11 22:06:18.343594+00,2025-10-11 22:06:18.343594+00
45787,38,GEM Cierzellant#GEM,157,5,31261,9661,339,false,2025-10-09 20:08:14+00,2025-10-11 22:06:18.343594+00,2025-10-11 22:06:18.343594+00
45788,38,GEM Cierzellant#GEM,145,4,12654,54,8946,false,2025-10-08 15:31:27+00,2025-10-11 22:06:18.343594+00,2025-10-11 22:06:18.343594+00
45789,38,GEM Cierzellant#GEM,360,3,8929,2929,3671,false,2025-04-09 00:28:06+00,2025-10-11 22:06:18.343594+00,2025-10-11 22:06:18.343594+00
45790,38,GEM Cierzellant#GEM,96,3,8078,2078,4522,false,2025-07-21 02:24:15+00,2025-10-11 22:06:18.343594+00,2025-10-11 22:06:18.343594+00
45791,38,GEM Cierzellant#GEM,51,3,7868,1868,4732,false,2025-04-10 00:44:48+00,2025-10-11 22:06:18.343594+00,2025-10-11 22:06:18.343594+00
45792,38,GEM Cierzellant#GEM,13,3,7754,1754,4846,false,2025-10-09 20:42:30+00,2025-10-11 22:06:18.343594+00,2025-10-11 22:06:18.343594+00
45793,38,GEM Cierzellant#GEM,84,3,7670,1670,4930,false,2025-10-09 00:48:25+00,2025-10-11 22:06:18.343594+00,2025-10-11 22:06:18.343594+00
45794,38,GEM Cierzellant#GEM,67,3,7412,1412,5188,false,2025-04-08 22:40:27+00,2025-10-11 22:06:18.343594+00,2025-10-11 22:06:18.343594+00
45795,38,GEM Cierzellant#GEM,54,2,5973,4173,27,false,2025-08-02 10:57:57+00,2025-10-11 22:06:18.343594+00,2025-10-11 22:06:18.343594+00
45796,38,GEM Cierzellant#GEM,22,2,4250,2450,1750,false,2023-12-27 02:59:15+00,2025-10-11 22:06:18.343594+00,2025-10-11 22:06:18.343594+00
45797,38,GEM Cierzellant#GEM,21,2,3606,1806,2394,false,2025-03-07 22:19:32+00,2025-10-11 22:06:18.343594+00,2025-10-11 22:06:18.343594+00
45798,38,GEM Cierzellant#GEM,18,2,3356,1556,2644,false,2023-12-27 03:40:53+00,2025-10-11 22:06:18.343594+00,2025-10-11 22:06:18.343594+00
45799,38,GEM Cierzellant#GEM,112,2,3201,1401,2799,false,2025-08-04 08:11:45+00,2025-10-11 22:06:18.343594+00,2025-10-11 22:06:18.343594+00
45800,38,GEM Cierzellant#GEM,63,2,3179,1379,2821,false,2025-08-02 17:44:39+00,2025-10-11 22:06:18.343594+00,2025-10-11 22:06:18.343594+00
45801,38,GEM Cierzellant#GEM,131,2,2713,913,3287,false,2025-10-09 15:11:39+00,2025-10-11 22:06:18.343594+00,2025-10-11 22:06:18.343594+00
45802,38,GEM Cierzellant#GEM,90,2,2591,791,3409,false,2025-08-01 17:58:03+00,2025-10-11 22:06:18.343594+00,2025-10-11 22:06:18.343594+00
45803,38,GEM Cierzellant#GEM,113,1,2539,2539,-739,false,2025-04-09 19:03:09+00,2025-10-11 22:06:18.343594+00,2025-10-11 22:06:18.343594+00
45804,38,GEM Cierzellant#GEM,498,2,2297,497,3703,false,2025-02-13 17:11:31+00,2025-10-11 22:06:18.343594+00,2025-10-11 22:06:18.343594+00
45805,38,GEM Cierzellant#GEM,121,2,2060,260,3940,false,2023-08-12 18:34:57+00,2025-10-11 22:06:18.343594+00,2025-10-11 22:06:18.343594+00
45806,38,GEM Cierzellant#GEM,105,2,2006,206,3994,false,2023-08-14 17:10:24+00,2025-10-11 22:06:18.343594+00,2025-10-11 22:06:18.343594+00
45807,38,GEM Cierzellant#GEM,99,2,1931,131,4069,false,2025-04-09 07:01:57+00,2025-10-11 22:06:18.343594+00,2025-10-11 22:06:18.343594+00
45808,38,GEM Cierzellant#GEM,29,2,1906,106,4094,false,2023-12-27 01:46:56+00,2025-10-11 22:06:18.343594+00,2025-10-11 22:06:18.343594+00
45809,38,GEM Cierzellant#GEM,950,1,1526,1526,274,false,2025-04-10 01:35:01+00,2025-10-11 22:06:18.343594+00,2025-10-11 22:06:18.343594+00
45810,38,GEM Cierzellant#GEM,19,1,1510,1510,290,false,2025-04-09 18:07:21+00,2025-10-11 22:06:18.343594+00,2025-10-11 22:06:18.343594+00
45811,38,GEM Cierzellant#GEM,60,1,1445,1445,355,false,2023-08-07 19:22:09+00,2025-10-11 22:06:18.343594+00,2025-10-11 22:06:18.343594+00
45812,38,GEM Cierzellant#GEM,202,1,1414,1414,386,false,2023-08-16 18:27:14+00,2025-10-11 22:06:18.343594+00,2025-10-11 22:06:18.343594+00
45813,38,GEM Cierzellant#GEM,114,1,1389,1389,411,false,2023-10-29 17:13:03+00,2025-10-11 22:06:18.343594+00,2025-10-11 22:06:18.343594+00
45814,38,GEM Cierzellant#GEM,30,1,1341,1341,459,false,2023-08-05 17:14:28+00,2025-10-11 22:06:18.343594+00,2025-10-11 22:06:18.343594+00
45815,38,GEM Cierzellant#GEM,64,1,1272,1272,528,false,2025-08-30 20:39:29+00,2025-10-11 22:06:18.343594+00,2025-10-11 22:06:18.343594+00
45816,38,GEM Cierzellant#GEM,68,1,1212,1212,588,false,2023-08-14 16:15:39+00,2025-10-11 22:06:18.343594+00,2025-10-11 22:06:18.343594+00
45817,38,GEM Cierzellant#GEM,887,1,1166,1166,634,false,2023-08-14 15:43:29+00,2025-10-11 22:06:18.343594+00,2025-10-11 22:06:18.343594+00
45818,38,GEM Cierzellant#GEM,234,1,1127,1127,673,false,2023-08-12 20:32:30+00,2025-10-11 22:06:18.343594+00,2025-10-11 22:06:18.343594+00
45819,38,GEM Cierzellant#GEM,10,1,1110,1110,690,false,2023-10-29 16:45:53+00,2025-10-11 22:06:18.343594+00,2025-10-11 22:06:18.343594+00
45820,38,GEM Cierzellant#GEM,89,1,1016,1016,784,false,2024-02-27 00:04:41+00,2025-10-11 22:06:18.343594+00,2025-10-11 22:06:18.343594+00
45821,38,GEM Cierzellant#GEM,45,1,947,947,853,false,2023-08-12 20:57:03+00,2025-10-11 22:06:18.343594+00,2025-10-11 22:06:18.343594+00
45822,38,GEM Cierzellant#GEM,147,1,943,943,857,false,2023-08-09 19:55:43+00,2025-10-11 22:06:18.343594+00,2025-10-11 22:06:18.343594+00
45823,38,GEM Cierzellant#GEM,266,1,911,911,889,false,2023-09-14 17:22:10+00,2025-10-11 22:06:18.343594+00,2025-10-11 22:06:18.343594+00
45824,38,GEM Cierzellant#GEM,240,1,903,903,897,false,2023-08-14 15:11:35+00,2025-10-11 22:06:18.343594+00,2025-10-11 22:06:18.343594+00
45825,38,GEM Cierzellant#GEM,412,1,844,844,956,false,2023-12-22 01:06:25+00,2025-10-11 22:06:18.343594+00,2025-10-11 22:06:18.343594+00
45826,38,GEM Cierzellant#GEM,555,1,830,830,970,false,2023-08-08 15:50:41+00,2025-10-11 22:06:18.343594+00,2025-10-11 22:06:18.343594+00
45827,38,GEM Cierzellant#GEM,35,1,778,778,1022,false,2023-08-04 20:26:27+00,2025-10-11 22:06:18.343594+00,2025-10-11 22:06:18.343594+00
45828,38,GEM Cierzellant#GEM,127,1,759,759,1041,false,2023-08-05 15:54:12+00,2025-10-11 22:06:18.343594+00,2025-10-11 22:06:18.343594+00
45829,38,GEM Cierzellant#GEM,104,1,751,751,1049,false,2023-08-11 18:34:53+00,2025-10-11 22:06:18.343594+00,2025-10-11 22:06:18.343594+00
45830,38,GEM Cierzellant#GEM,59,1,702,702,1098,false,2023-08-05 20:30:02+00,2025-10-11 22:06:18.343594+00,2025-10-11 22:06:18.343594+00
45831,38,GEM Cierzellant#GEM,25,1,697,697,1103,false,2023-08-05 23:02:51+00,2025-10-11 22:06:18.343594+00,2025-10-11 22:06:18.343594+00
45832,38,GEM Cierzellant#GEM,133,1,684,684,1116,false,2023-08-04 18:57:43+00,2025-10-11 22:06:18.343594+00,2025-10-11 22:06:18.343594+00
45833,38,GEM Cierzellant#GEM,15,1,639,639,1161,false,2025-08-03 10:43:13+00,2025-10-11 22:06:18.343594+00,2025-10-11 22:06:18.343594+00
45834,38,GEM Cierzellant#GEM,875,1,636,636,1164,false,2025-08-02 11:39:34+00,2025-10-11 22:06:18.343594+00,2025-10-11 22:06:18.343594+00
45835,38,GEM Cierzellant#GEM,161,1,557,557,1243,false,2023-08-04 18:31:47+00,2025-10-11 22:06:18.343594+00,2025-10-11 22:06:18.343594+00
45836,38,GEM Cierzellant#GEM,134,1,364,364,1436,false,2023-12-22 23:02:10+00,2025-10-11 22:06:18.343594+00,2025-10-11 22:06:18.343594+00
45837,38,GEM Cierzellant#GEM,79,1,173,173,1627,false,2023-08-16 15:14:00+00,2025-10-11 22:06:18.343594+00,2025-10-11 22:06:18.343594+00
45838,38,GEM Cierzellant#GEM,1,1,163,163,1637,false,2023-08-06 15:25:34+00,2025-10-11 22:06:18.343594+00,2025-10-11 22:06:18.343594+00
45839,38,GEM Cierzellant#GEM,80,1,129,129,1671,false,2023-08-05 16:23:57+00,2025-10-11 22:06:18.343594+00,2025-10-11 22:06:18.343594+00
45840,38,GEM Cierzellant#GEM,115,1,124,124,1676,false,2023-12-06 20:30:55+00,2025-10-11 22:06:18.343594+00,2025-10-11 22:06:18.343594+00
45841,38,GEM Cierzellant#GEM,7,1,112,112,1688,false,2023-08-08 19:44:30+00,2025-10-11 22:06:18.343594+00,2025-10-11 22:06:18.343594+00
45842,38,GEM Cierzellant#GEM,11,1,107,107,1693,false,2023-08-12 19:30:02+00,2025-10-11 22:06:18.343594+00,2025-10-11 22:06:18.343594+00
45843,38,GEM Cierzellant#GEM,110,1,104,104,1696,false,2023-08-09 18:48:51+00,2025-10-11 22:06:18.343594+00,2025-10-11 22:06:18.343594+00
45844,6,GEM Purselgarmet#LAS,350,7,42803,203,10797,false,2025-07-20 23:22:38+00,2025-10-11 22:06:35.066621+00,2025-10-11 22:06:35.066621+00
45845,6,GEM Purselgarmet#LAS,29,6,31849,249,10751,false,2025-07-19 22:59:04+00,2025-10-11 22:06:35.066621+00,2025-10-11 22:06:35.066621+00
45846,6,GEM Purselgarmet#LAS,21,4,14180,1580,7420,false,2025-03-16 23:55:48+00,2025-10-11 22:06:35.066621+00,2025-10-11 22:06:35.066621+00
45847,6,GEM Purselgarmet#LAS,96,4,13661,1061,7939,false,2025-07-21 01:05:11+00,2025-10-11 22:06:35.066621+00,2025-10-11 22:06:35.066621+00
45848,6,GEM Purselgarmet#LAS,22,4,12634,34,8966,false,2025-07-11 03:31:50+00,2025-10-11 22:06:35.066621+00,2025-10-11 22:06:35.066621+00
45849,6,GEM Purselgarmet#LAS,99,2,5635,3835,365,false,2025-09-19 22:59:53+00,2025-10-11 22:06:35.066621+00,2025-10-11 22:06:35.066621+00
45850,6,GEM Purselgarmet#LAS,32,2,4957,3157,1043,false,2025-09-18 00:15:25+00,2025-10-11 22:06:35.066621+00,2025-10-11 22:06:35.066621+00
45851,6,GEM Purselgarmet#LAS,111,2,4506,2706,1494,false,2024-01-01 20:37:46+00,2025-10-11 22:06:35.066621+00,2025-10-11 22:06:35.066621+00
45852,6,GEM Purselgarmet#LAS,81,2,3319,1519,2681,false,2024-01-02 17:49:46+00,2025-10-11 22:06:35.066621+00,2025-10-11 22:06:35.066621+00
45853,6,GEM Purselgarmet#LAS,79,2,3252,1452,2748,false,2023-08-13 23:17:58+00,2025-10-11 22:06:35.066621+00,2025-10-11 22:06:35.066621+00
45854,6,GEM Purselgarmet#LAS,223,2,2503,703,3497,false,2025-09-19 22:10:21+00,2025-10-11 22:06:35.066621+00,2025-10-11 22:06:35.066621+00
45855,6,GEM Purselgarmet#LAS,45,2,2478,678,3522,false,2025-07-08 01:55:33+00,2025-10-11 22:06:35.066621+00,2025-10-11 22:06:35.066621+00
45856,6,GEM Purselgarmet#LAS,51,2,2469,669,3531,false,2023-12-01 14:40:40+00,2025-10-11 22:06:35.066621+00,2025-10-11 22:06:35.066621+00
45857,6,GEM Purselgarmet#LAS,63,1,1904,1904,-104,false,2025-10-08 22:23:31+00,2025-10-11 22:06:35.066621+00,2025-10-11 22:06:35.066621+00
45858,6,GEM Purselgarmet#LAS,56,2,1803,3,4197,false,2025-10-08 23:51:47+00,2025-10-11 22:06:35.066621+00,2025-10-11 22:06:35.066621+00
45859,6,GEM Purselgarmet#LAS,9,1,1567,1567,233,false,2025-09-16 21:34:32+00,2025-10-11 22:06:35.066621+00,2025-10-11 22:06:35.066621+00
45860,6,GEM Purselgarmet#LAS,11,1,1323,1323,477,false,2023-08-14 01:45:24+00,2025-10-11 22:06:35.066621+00,2025-10-11 22:06:35.066621+00
45861,6,GEM Purselgarmet#LAS,498,1,1289,1289,511,false,2023-12-04 23:46:05+00,2025-10-11 22:06:35.066621+00,2025-10-11 22:06:35.066621+00
45862,6,GEM Purselgarmet#LAS,887,1,1230,1230,570,false,2023-08-12 00:26:44+00,2025-10-11 22:06:35.066621+00,2025-10-11 22:06:35.066621+00
45863,6,GEM Purselgarmet#LAS,145,1,1155,1155,645,false,2023-12-01 23:49:38+00,2025-10-11 22:06:35.066621+00,2025-10-11 22:06:35.066621+00
45864,6,GEM Purselgarmet#LAS,28,1,995,995,805,false,2023-08-11 23:46:03+00,2025-10-11 22:06:35.066621+00,2025-10-11 22:06:35.066621+00
45865,6,GEM Purselgarmet#LAS,54,1,948,948,852,false,2023-08-11 01:15:55+00,2025-10-11 22:06:35.066621+00,2025-10-11 22:06:35.066621+00
45866,6,GEM Purselgarmet#LAS,901,1,913,913,887,false,2025-07-08 02:15:04+00,2025-10-11 22:06:35.066621+00,2025-10-11 22:06:35.066621+00
45867,6,GEM Purselgarmet#LAS,202,1,764,764,1036,false,2023-12-04 23:03:18+00,2025-10-11 22:06:35.066621+00,2025-10-11 22:06:35.066621+00
45868,6,GEM Purselgarmet#LAS,3,1,708,708,1092,false,2023-08-12 18:34:57+00,2025-10-11 22:06:35.066621+00,2025-10-11 22:06:35.066621+00
45869,6,GEM Purselgarmet#LAS,98,3,706,706,1094,false,2025-09-18 19:47:05+00,2025-10-11 22:06:35.066621+00,2025-10-25 02:50:01.187661+00
45870,6,GEM Purselgarmet#LAS,40,1,665,665,1135,false,2023-08-12 19:06:07+00,2025-10-11 22:06:35.066621+00,2025-10-11 22:06:35.066621+00
45871,6,GEM Purselgarmet#LAS,1,1,650,650,1150,false,2023-08-12 00:52:14+00,2025-10-11 22:06:35.066621+00,2025-10-11 22:06:35.066621+00
45872,6,GEM Purselgarmet#LAS,14,1,628,628,1172,false,2025-09-18 20:17:40+00,2025-10-11 22:06:35.066621+00,2025-10-11 22:06:35.066621+00
45873,6,GEM Purselgarmet#LAS,89,1,619,619,1181,false,2023-12-24 17:58:58+00,2025-10-11 22:06:35.066621+00,2025-10-11 22:06:35.066621+00
45874,6,GEM Purselgarmet#LAS,103,1,615,615,1185,false,2023-08-14 16:15:39+00,2025-10-11 22:06:35.066621+00,2025-10-11 22:06:35.066621+00
45875,6,GEM Purselgarmet#LAS,119,1,552,552,1248,false,2023-08-12 20:32:30+00,2025-10-11 22:06:35.066621+00,2025-10-11 22:06:35.066621+00
45876,6,GEM Purselgarmet#LAS,31,1,547,547,1253,false,2025-09-16 20:39:13+00,2025-10-11 22:06:35.066621+00,2025-10-11 22:06:35.066621+00
45877,6,GEM Purselgarmet#LAS,17,1,515,515,1285,false,2023-08-10 20:21:06+00,2025-10-11 22:06:35.066621+00,2025-10-11 22:06:35.066621+00
45878,6,GEM Purselgarmet#LAS,36,1,503,503,1297,false,2025-09-18 19:09:44+00,2025-10-11 22:06:35.066621+00,2025-10-11 22:06:35.066621+00
45879,6,GEM Purselgarmet#LAS,15,1,392,392,1408,false,2023-12-04 02:46:06+00,2025-10-11 22:06:35.066621+00,2025-10-11 22:06:35.066621+00
45880,6,GEM Purselgarmet#LAS,92,1,243,243,1557,false,2023-08-10 23:03:11+00,2025-10-11 22:06:35.066621+00,2025-10-11 22:06:35.066621+00
45881,6,GEM Purselgarmet#LAS,78,1,225,225,1575,false,2023-12-27 00:22:09+00,2025-10-11 22:06:35.066621+00,2025-10-11 22:06:35.066621+00
45882,6,GEM Purselgarmet#LAS,133,1,211,211,1589,false,2023-12-01 13:38:39+00,2025-10-11 22:06:35.066621+00,2025-10-11 22:06:35.066621+00
45883,6,GEM Purselgarmet#LAS,122,1,171,171,1629,false,2023-08-10 21:54:51+00,2025-10-11 22:06:35.066621+00,2025-10-11 22:06:35.066621+00
45884,6,GEM Purselgarmet#LAS,523,1,147,147,1653,false,2023-12-04 01:27:43+00,2025-10-11 22:06:35.066621+00,2025-10-11 22:06:35.066621+00
45885,6,GEM Purselgarmet#LAS,43,1,118,118,1682,false,2023-08-12 20:57:03+00,2025-10-11 22:06:35.066621+00,2025-10-11 22:06:35.066621+00
45886,6,GEM Purselgarmet#LAS,115,1,117,117,1683,false,2023-08-14 12:06:45+00,2025-10-11 22:06:35.066621+00,2025-10-11 22:06:35.066621+00
45887,6,GEM Purselgarmet#LAS,254,1,102,102,1698,false,2023-08-11 00:05:12+00,2025-10-11 22:06:35.066621+00,2025-10-11 22:06:35.066621+00
45888,6,GEM Purselgarmet#LAS,37,1,87,87,1713,false,2023-08-14 16:32:26+00,2025-10-11 22:06:35.066621+00,2025-10-11 22:06:35.066621+00
45889,11,GEM Eunilacealle#LAS,107,10,85849,10249,751,false,2024-03-05 19:58:59+00,2025-10-11 22:06:36.640378+00,2025-10-11 22:06:36.640378+00
45890,11,GEM Eunilacealle#LAS,350,7,48218,5618,5382,false,2025-07-12 00:24:04+00,2025-10-11 22:06:36.640378+00,2025-10-11 22:06:36.640378+00
45891,11,GEM Eunilacealle#LAS,360,5,28473,6873,3127,false,2022-11-02 02:15:40+00,2025-10-11 22:06:36.640378+00,2025-10-11 22:06:36.640378+00
45892,11,GEM Eunilacealle#LAS,12,4,14438,1838,7162,false,2025-08-04 04:14:11+00,2025-10-11 22:06:36.640378+00,2025-10-11 22:06:36.640378+00
45893,11,GEM Eunilacealle#LAS,82,4,13763,1163,7837,false,2022-10-15 09:00:31+00,2025-10-11 22:06:36.640378+00,2025-10-11 22:06:36.640378+00
45894,11,GEM Eunilacealle#LAS,81,4,12826,226,8774,false,2025-10-05 00:51:25+00,2025-10-11 22:06:36.640378+00,2025-10-11 22:06:36.640378+00
45895,11,GEM Eunilacealle#LAS,222,3,11478,5478,1122,false,2025-09-28 01:01:15+00,2025-10-11 22:06:36.640378+00,2025-10-11 22:06:36.640378+00
45896,11,GEM Eunilacealle#LAS,67,3,10462,4462,2138,false,2025-08-08 14:43:06+00,2025-10-11 22:06:36.640378+00,2025-10-11 22:06:36.640378+00
45897,11,GEM Eunilacealle#LAS,96,3,9082,3082,3518,false,2025-07-18 21:33:41+00,2025-10-11 22:06:36.640378+00,2025-10-11 22:06:36.640378+00
45898,11,GEM Eunilacealle#LAS,89,3,8497,2497,4103,false,2025-08-04 01:34:22+00,2025-10-11 22:06:36.640378+00,2025-10-11 22:06:36.640378+00
45899,11,GEM Eunilacealle#LAS,141,3,8333,2333,4267,false,2025-10-05 04:21:39+00,2025-10-11 22:06:36.640378+00,2025-10-11 22:06:36.640378+00
45900,11,GEM Eunilacealle#LAS,29,3,8086,2086,4514,false,2025-07-18 20:54:22+00,2025-10-11 22:06:36.640378+00,2025-10-11 22:06:36.640378+00
45901,11,GEM Eunilacealle#LAS,78,3,6657,657,5943,false,2025-04-20 10:20:54+00,2025-10-11 22:06:36.640378+00,2025-10-11 22:06:36.640378+00
45902,11,GEM Eunilacealle#LAS,56,3,6626,626,5974,false,2025-10-04 16:55:33+00,2025-10-11 22:06:36.640378+00,2025-10-11 22:06:36.640378+00
45903,11,GEM Eunilacealle#LAS,18,3,6211,211,6389,false,2022-11-02 23:21:21+00,2025-10-11 22:06:36.640378+00,2025-10-11 22:06:36.640378+00
45904,11,GEM Eunilacealle#LAS,200,2,5480,3680,520,false,2024-03-13 23:44:43+00,2025-10-11 22:06:36.640378+00,2025-10-11 22:06:36.640378+00
45905,11,GEM Eunilacealle#LAS,21,2,5384,3584,616,false,2025-07-18 22:35:51+00,2025-10-11 22:06:36.640378+00,2025-10-11 22:06:36.640378+00
45906,11,GEM Eunilacealle#LAS,32,2,5047,3247,953,false,2023-10-16 00:29:56+00,2025-10-11 22:06:36.640378+00,2025-10-11 22:06:36.640378+00
45907,11,GEM Eunilacealle#LAS,83,2,4465,2665,1535,false,2025-10-04 13:17:15+00,2025-10-11 22:06:36.640378+00,2025-10-11 22:06:36.640378+00
45908,11,GEM Eunilacealle#LAS,121,2,4453,2653,1547,false,2024-01-18 00:46:24+00,2025-10-11 22:06:36.640378+00,2025-10-11 22:06:36.640378+00
45909,11,GEM Eunilacealle#LAS,40,2,3144,1344,2856,false,2025-08-04 02:41:18+00,2025-10-11 22:06:36.640378+00,2025-10-11 22:06:36.640378+00
45910,11,GEM Eunilacealle#LAS,25,2,3035,1235,2965,false,2025-09-29 23:35:15+00,2025-10-11 22:06:36.640378+00,2025-10-11 22:06:36.640378+00
45911,11,GEM Eunilacealle#LAS,875,2,3019,1219,2981,false,2022-08-19 04:06:25+00,2025-10-11 22:06:36.640378+00,2025-10-11 22:06:36.640378+00
45912,11,GEM Eunilacealle#LAS,254,2,2962,1162,3038,false,2024-01-18 21:02:39+00,2025-10-11 22:06:36.640378+00,2025-10-11 22:06:36.640378+00
45913,11,GEM Eunilacealle#LAS,901,2,2629,829,3371,false,2025-09-29 02:32:57+00,2025-10-11 22:06:36.640378+00,2025-10-11 22:06:36.640378+00
45914,11,GEM Eunilacealle#LAS,131,2,2594,794,3406,false,2025-04-17 01:11:46+00,2025-10-11 22:06:36.640378+00,2025-10-11 22:06:36.640378+00
45915,11,GEM Eunilacealle#LAS,777,2,2591,791,3409,false,2025-04-18 05:13:05+00,2025-10-11 22:06:36.640378+00,2025-10-11 22:06:36.640378+00
45916,11,GEM Eunilacealle#LAS,526,2,2509,709,3491,false,2025-04-20 09:45:46+00,2025-10-11 22:06:36.640378+00,2025-10-11 22:06:36.640378+00
45917,11,GEM Eunilacealle#LAS,31,2,2424,624,3576,false,2025-10-04 14:11:03+00,2025-10-11 22:06:36.640378+00,2025-10-11 22:06:36.640378+00
45918,11,GEM Eunilacealle#LAS,48,2,2412,612,3588,false,2025-08-05 11:49:10+00,2025-10-11 22:06:36.640378+00,2025-10-11 22:06:36.640378+00
45919,11,GEM Eunilacealle#LAS,53,1,2197,2197,-397,false,2025-04-20 01:59:45+00,2025-10-11 22:06:36.640378+00,2025-10-11 22:06:36.640378+00
45920,11,GEM Eunilacealle#LAS,45,2,2154,354,3846,false,2022-10-06 20:12:18+00,2025-10-11 22:06:36.640378+00,2025-10-11 22:06:36.640378+00
45921,11,GEM Eunilacealle#LAS,34,2,2094,294,3906,false,2023-08-11 02:06:18+00,2025-10-11 22:06:36.640378+00,2025-10-11 22:06:36.640378+00
45922,11,GEM Eunilacealle#LAS,22,2,2057,257,3943,false,2025-09-30 00:37:42+00,2025-10-11 22:06:36.640378+00,2025-10-11 22:06:36.640378+00
45923,11,GEM Eunilacealle#LAS,105,1,1872,1872,-72,false,2025-04-17 00:41:49+00,2025-10-11 22:06:36.640378+00,2025-10-11 22:06:36.640378+00
45924,11,GEM Eunilacealle#LAS,51,1,1678,1678,122,false,2025-04-20 07:13:59+00,2025-10-11 22:06:36.640378+00,2025-10-11 22:06:36.640378+00
45925,11,GEM Eunilacealle#LAS,202,1,1611,1611,189,false,2025-09-30 01:19:41+00,2025-10-11 22:06:36.640378+00,2025-10-11 22:06:36.640378+00
45926,11,GEM Eunilacealle#LAS,10,1,1552,1552,248,false,2025-10-04 16:10:45+00,2025-10-11 22:06:36.640378+00,2025-10-11 22:06:36.640378+00
45927,11,GEM Eunilacealle#LAS,145,1,1549,1549,251,false,2025-08-08 14:03:27+00,2025-10-11 22:06:36.640378+00,2025-10-11 22:06:36.640378+00
45928,11,GEM Eunilacealle#LAS,28,1,1536,1536,264,false,2024-01-18 00:00:11+00,2025-10-11 22:06:36.640378+00,2025-10-11 22:06:36.640378+00
45929,11,GEM Eunilacealle#LAS,37,1,1529,1529,271,false,2023-02-04 23:47:44+00,2025-10-11 22:06:36.640378+00,2025-10-11 22:06:36.640378+00
45930,11,GEM Eunilacealle#LAS,90,1,1526,1526,274,false,2025-05-01 02:56:45+00,2025-10-11 22:06:36.640378+00,2025-10-11 22:06:36.640378+00
45931,11,GEM Eunilacealle#LAS,110,1,1515,1515,285,false,2022-09-25 16:44:35+00,2025-10-11 22:06:36.640378+00,2025-10-11 22:06:36.640378+00
45932,11,GEM Eunilacealle#LAS,62,1,1507,1507,293,false,2024-01-18 12:58:24+00,2025-10-11 22:06:36.640378+00,2025-10-11 22:06:36.640378+00
45933,11,GEM Eunilacealle#LAS,412,1,1496,1496,304,false,2022-09-25 17:39:23+00,2025-10-11 22:06:36.640378+00,2025-10-11 22:06:36.640378+00
45934,11,GEM Eunilacealle#LAS,84,1,1459,1459,341,false,2022-09-23 22:21:08+00,2025-10-11 22:06:36.640378+00,2025-10-11 22:06:36.640378+00
45935,11,GEM Eunilacealle#LAS,99,1,1447,1447,353,false,2025-05-01 02:16:52+00,2025-10-11 22:06:36.640378+00,2025-10-11 22:06:36.640378+00
45936,11,GEM Eunilacealle#LAS,147,1,1377,1377,423,false,2022-10-03 00:04:05+00,2025-10-11 22:06:36.640378+00,2025-10-11 22:06:36.640378+00
45937,11,GEM Eunilacealle#LAS,13,1,1376,1376,424,false,2025-08-04 20:08:47+00,2025-10-11 22:06:36.640378+00,2025-10-11 22:06:36.640378+00
45938,11,GEM Eunilacealle#LAS,103,1,1375,1375,425,false,2022-10-06 20:50:38+00,2025-10-11 22:06:36.640378+00,2025-10-11 22:06:36.640378+00
45939,11,GEM Eunilacealle#LAS,60,1,1365,1365,435,false,2025-04-17 16:39:16+00,2025-10-11 22:06:36.640378+00,2025-10-11 22:06:36.640378+00
45940,11,GEM Eunilacealle#LAS,42,1,1333,1333,467,false,2025-09-30 01:58:45+00,2025-10-11 22:06:36.640378+00,2025-10-11 22:06:36.640378+00
45941,11,GEM Eunilacealle#LAS,102,1,1320,1320,480,false,2025-10-04 10:18:13+00,2025-10-11 22:06:36.640378+00,2025-10-11 22:06:36.640378+00
45942,11,GEM Eunilacealle#LAS,157,1,1297,1297,503,false,2025-10-05 04:59:16+00,2025-10-11 22:06:36.640378+00,2025-10-11 22:06:36.640378+00
45943,11,GEM Eunilacealle#LAS,24,1,1241,1241,559,false,2024-01-18 02:22:42+00,2025-10-11 22:06:36.640378+00,2025-10-11 22:06:36.640378+00
45944,11,GEM Eunilacealle#LAS,33,1,1198,1198,602,false,2024-01-17 20:20:00+00,2025-10-11 22:06:36.640378+00,2025-10-11 22:06:36.640378+00
45945,11,GEM Eunilacealle#LAS,59,1,1148,1148,652,false,2025-10-05 03:56:05+00,2025-10-11 22:06:36.640378+00,2025-10-11 22:06:36.640378+00
45946,11,GEM Eunilacealle#LAS,498,1,1136,1136,664,false,2025-10-05 01:35:30+00,2025-10-11 22:06:36.640378+00,2025-10-11 22:06:36.640378+00
45947,11,GEM Eunilacealle#LAS,555,1,1088,1088,712,false,2022-09-23 22:53:21+00,2025-10-11 22:06:36.640378+00,2025-10-11 22:06:36.640378+00
45948,11,GEM Eunilacealle#LAS,36,1,975,975,825,false,2023-12-27 03:40:53+00,2025-10-11 22:06:36.640378+00,2025-10-11 22:06:36.640378+00
45949,11,GEM Eunilacealle#LAS,9,1,964,964,836,false,2025-10-05 02:33:31+00,2025-10-11 22:06:36.640378+00,2025-10-11 22:06:36.640378+00
45950,11,GEM Eunilacealle#LAS,39,1,920,920,880,false,2022-07-12 02:59:37+00,2025-10-11 22:06:36.640378+00,2025-10-11 22:06:36.640378+00
45951,11,GEM Eunilacealle#LAS,55,1,751,751,1049,false,2024-03-13 23:05:48+00,2025-10-11 22:06:36.640378+00,2025-10-11 22:06:36.640378+00
45952,11,GEM Eunilacealle#LAS,76,1,725,725,1075,false,2025-04-04 00:31:18+00,2025-10-11 22:06:36.640378+00,2025-10-11 22:06:36.640378+00
45953,11,GEM Eunilacealle#LAS,236,1,694,694,1106,false,2022-07-11 00:42:42+00,2025-10-11 22:06:36.640378+00,2025-10-11 22:06:36.640378+00
45954,11,GEM Eunilacealle#LAS,114,1,633,633,1167,false,2022-09-23 03:21:13+00,2025-10-11 22:06:36.640378+00,2025-10-11 22:06:36.640378+00
45955,11,GEM Eunilacealle#LAS,245,1,622,622,1178,false,2022-09-24 14:40:38+00,2025-10-11 22:06:36.640378+00,2025-10-11 22:06:36.640378+00
45956,11,GEM Eunilacealle#LAS,43,1,589,589,1211,false,2022-09-25 16:17:06+00,2025-10-11 22:06:36.640378+00,2025-10-11 22:06:36.640378+00
45957,11,GEM Eunilacealle#LAS,30,1,547,547,1253,false,2022-09-24 19:27:37+00,2025-10-11 22:06:36.640378+00,2025-10-11 22:06:36.640378+00
45958,11,GEM Eunilacealle#LAS,19,1,508,508,1292,false,2025-09-27 23:40:38+00,2025-10-11 22:06:36.640378+00,2025-10-11 22:06:36.640378+00
45959,11,GEM Eunilacealle#LAS,63,1,495,495,1305,false,2022-09-23 01:45:20+00,2025-10-11 22:06:36.640378+00,2025-10-11 22:06:36.640378+00
45960,11,GEM Eunilacealle#LAS,221,1,450,450,1350,false,2025-10-05 01:59:59+00,2025-10-11 22:06:36.640378+00,2025-10-11 22:06:36.640378+00
45961,11,GEM Eunilacealle#LAS,15,1,246,246,1554,false,2022-07-12 01:51:59+00,2025-10-11 22:06:36.640378+00,2025-10-11 22:06:36.640378+00
45962,11,GEM Eunilacealle#LAS,133,1,234,234,1566,false,2022-07-11 00:19:41+00,2025-10-11 22:06:36.640378+00,2025-10-11 22:06:36.640378+00
45963,11,GEM Eunilacealle#LAS,518,1,229,229,1571,false,2023-10-23 23:43:19+00,2025-10-11 22:06:36.640378+00,2025-10-11 22:06:36.640378+00
45964,11,GEM Eunilacealle#LAS,134,1,187,187,1613,false,2023-08-04 17:37:30+00,2025-10-11 22:06:36.640378+00,2025-10-11 22:06:36.640378+00
45965,11,GEM Eunilacealle#LAS,136,1,186,186,1614,false,2022-07-08 01:57:04+00,2025-10-11 22:06:36.640378+00,2025-10-11 22:06:36.640378+00
45966,11,GEM Eunilacealle#LAS,11,1,169,169,1631,false,2023-07-12 03:51:09+00,2025-10-11 22:06:36.640378+00,2025-10-11 22:06:36.640378+00
45967,11,GEM Eunilacealle#LAS,122,1,167,167,1633,false,2024-03-13 15:09:57+00,2025-10-11 22:06:36.640378+00,2025-10-11 22:06:36.640378+00
45968,11,GEM Eunilacealle#LAS,421,1,157,157,1643,false,2022-08-22 02:19:20+00,2025-10-11 22:06:36.640378+00,2025-10-11 22:06:36.640378+00
45969,11,GEM Eunilacealle#LAS,240,1,146,146,1654,false,2022-07-08 13:49:37+00,2025-10-11 22:06:36.640378+00,2025-10-11 22:06:36.640378+00
45970,11,GEM Eunilacealle#LAS,266,1,139,139,1661,false,2022-09-23 02:38:11+00,2025-10-11 22:06:36.640378+00,2025-10-11 22:06:36.640378+00
45971,11,GEM Eunilacealle#LAS,235,1,110,110,1690,false,2022-07-09 02:05:30+00,2025-10-11 22:06:36.640378+00,2025-10-11 22:06:36.640378+00
45972,11,GEM Eunilacealle#LAS,26,1,108,108,1692,false,2022-08-18 02:10:31+00,2025-10-11 22:06:36.640378+00,2025-10-11 22:06:36.640378+00
45973,26,GEM Plissevelary#GEM,84,6,23621,2021,7979,false,2025-08-22 16:45:10+00,2025-10-11 22:06:38.14787+00,2025-11-09 14:42:07.677116+00
45974,26,GEM Plissevelary#GEM,131,4,18515,5915,3085,false,2025-08-23 01:58:27+00,2025-10-11 22:06:38.14787+00,2025-10-11 22:06:38.14787+00
45975,26,GEM Plissevelary#GEM,157,3,10415,4415,2185,false,2025-08-23 03:17:00+00,2025-10-11 22:06:38.14787+00,2025-10-11 22:06:38.14787+00
45976,26,GEM Plissevelary#GEM,222,3,10142,4142,2458,false,2025-08-29 15:36:32+00,2025-10-11 22:06:38.14787+00,2025-10-11 22:06:38.14787+00
45977,26,GEM Plissevelary#GEM,29,3,8926,2926,3674,false,2025-08-28 23:13:22+00,2025-10-11 22:06:38.14787+00,2025-10-11 22:06:38.14787+00
45978,26,GEM Plissevelary#GEM,799,3,8321,2321,4279,false,2025-03-14 17:26:20+00,2025-10-11 22:06:38.14787+00,2025-10-11 22:06:38.14787+00
45979,26,GEM Plissevelary#GEM,64,3,7866,1866,4734,false,2025-08-17 02:25:06+00,2025-10-11 22:06:38.14787+00,2025-10-11 22:06:38.14787+00
45980,26,GEM Plissevelary#GEM,19,3,7050,1050,5550,false,2025-08-09 01:00:56+00,2025-10-11 22:06:38.14787+00,2025-10-11 22:06:38.14787+00
45981,26,GEM Plissevelary#GEM,24,3,6801,801,5799,false,2025-08-20 00:56:16+00,2025-10-11 22:06:38.14787+00,2025-10-11 22:06:38.14787+00
45982,26,GEM Plissevelary#GEM,18,2,4893,3093,1107,false,2025-08-28 22:00:15+00,2025-10-11 22:06:38.14787+00,2025-10-11 22:06:38.14787+00
45983,26,GEM Plissevelary#GEM,99,2,4450,2650,1550,false,2025-02-26 00:49:51+00,2025-10-11 22:06:38.14787+00,2025-10-11 22:06:38.14787+00
45984,26,GEM Plissevelary#GEM,67,2,3688,1888,2312,false,2025-08-21 06:07:03+00,2025-10-11 22:06:38.14787+00,2025-10-11 22:06:38.14787+00
45985,26,GEM Plissevelary#GEM,63,2,3410,1610,2590,false,2025-08-16 20:43:31+00,2025-10-11 22:06:38.14787+00,2025-10-11 22:06:38.14787+00
45986,26,GEM Plissevelary#GEM,31,2,3328,1528,2672,false,2025-08-16 21:11:29+00,2025-10-11 22:06:38.14787+00,2025-10-11 22:06:38.14787+00
45987,26,GEM Plissevelary#GEM,51,2,3316,1516,2684,false,2025-08-19 23:27:19+00,2025-10-11 22:06:38.14787+00,2025-10-11 22:06:38.14787+00
45988,26,GEM Plissevelary#GEM,81,2,3100,1300,2900,false,2025-08-22 01:02:46+00,2025-10-11 22:06:38.14787+00,2025-10-11 22:06:38.14787+00
45989,26,GEM Plissevelary#GEM,145,2,2926,1126,3074,false,2025-08-21 21:36:57+00,2025-10-11 22:06:38.14787+00,2025-10-11 22:06:38.14787+00
45990,26,GEM Plissevelary#GEM,90,2,2914,1114,3086,false,2025-08-23 01:18:49+00,2025-10-11 22:06:38.14787+00,2025-10-11 22:06:38.14787+00
45991,26,GEM Plissevelary#GEM,22,2,2602,802,3398,false,2025-03-02 16:29:50+00,2025-10-11 22:06:38.14787+00,2025-10-11 22:06:38.14787+00
45992,26,GEM Plissevelary#GEM,201,2,2190,390,3810,false,2025-08-19 01:00:06+00,2025-10-11 22:06:38.14787+00,2025-10-11 22:06:38.14787+00
45993,26,GEM Plissevelary#GEM,412,2,2074,274,3926,false,2025-08-20 05:37:11+00,2025-10-11 22:06:38.14787+00,2025-10-11 22:06:38.14787+00
45994,26,GEM Plissevelary#GEM,54,2,1941,141,4059,false,2025-08-20 01:52:29+00,2025-10-11 22:06:38.14787+00,2025-10-11 22:06:38.14787+00
45995,26,GEM Plissevelary#GEM,21,2,1834,34,4166,false,2025-08-07 02:19:14+00,2025-10-11 22:06:38.14787+00,2025-10-11 22:06:38.14787+00
45996,26,GEM Plissevelary#GEM,103,1,1746,1746,54,false,2025-03-04 02:39:20+00,2025-10-11 22:06:38.14787+00,2025-10-11 22:06:38.14787+00
45997,26,GEM Plissevelary#GEM,1,1,1392,1392,408,false,2025-03-02 15:56:27+00,2025-10-11 22:06:38.14787+00,2025-10-11 22:06:38.14787+00
45998,26,GEM Plissevelary#GEM,55,1,1365,1365,435,false,2025-08-14 20:05:35+00,2025-10-11 22:06:38.14787+00,2025-10-11 22:06:38.14787+00
45999,26,GEM Plissevelary#GEM,8,1,1329,1329,471,false,2025-02-23 17:29:47+00,2025-10-11 22:06:38.14787+00,2025-10-11 22:06:38.14787+00
46000,26,GEM Plissevelary#GEM,119,1,1321,1321,479,false,2025-08-16 19:14:00+00,2025-10-11 22:06:38.14787+00,2025-10-11 22:06:38.14787+00
46001,26,GEM Plissevelary#GEM,82,1,1315,1315,485,false,2025-02-26 00:15:23+00,2025-10-11 22:06:38.14787+00,2025-10-11 22:06:38.14787+00
46002,26,GEM Plissevelary#GEM,875,1,1293,1293,507,false,2025-02-28 14:34:45+00,2025-10-11 22:06:38.14787+00,2025-10-11 22:06:38.14787+00
46003,26,GEM Plissevelary#GEM,59,1,1233,1233,567,false,2025-08-18 19:44:49+00,2025-10-11 22:06:38.14787+00,2025-10-11 22:06:38.14787+00
46004,26,GEM Plissevelary#GEM,202,1,1076,1076,724,false,2025-08-16 21:33:35+00,2025-10-11 22:06:38.14787+00,2025-10-11 22:06:38.14787+00
46005,26,GEM Plissevelary#GEM,9,1,1046,1046,754,false,2025-08-18 20:06:05+00,2025-10-11 22:06:38.14787+00,2025-10-11 22:06:38.14787+00
46006,26,GEM Plissevelary#GEM,96,1,1023,1023,777,false,2025-08-28 21:34:15+00,2025-10-11 22:06:38.14787+00,2025-10-11 22:06:38.14787+00
46007,26,GEM Plissevelary#GEM,104,1,1016,1016,784,false,2025-02-24 02:13:41+00,2025-10-11 22:06:38.14787+00,2025-10-11 22:06:38.14787+00
46008,26,GEM Plissevelary#GEM,154,1,1007,1007,793,false,2025-08-20 01:35:48+00,2025-10-11 22:06:38.14787+00,2025-10-11 22:06:38.14787+00
46009,26,GEM Plissevelary#GEM,13,1,871,871,929,false,2025-08-17 00:54:47+00,2025-10-11 22:06:38.14787+00,2025-10-11 22:06:38.14787+00
46010,26,GEM Plissevelary#GEM,110,1,851,851,949,false,2025-08-20 00:26:31+00,2025-10-11 22:06:38.14787+00,2025-10-11 22:06:38.14787+00
46011,26,GEM Plissevelary#GEM,23,1,842,842,958,false,2025-03-01 02:12:37+00,2025-10-11 22:06:38.14787+00,2025-10-11 22:06:38.14787+00
46012,26,GEM Plissevelary#GEM,121,1,762,762,1038,false,2025-02-24 04:48:56+00,2025-10-11 22:06:38.14787+00,2025-10-11 22:06:38.14787+00
46013,26,GEM Plissevelary#GEM,45,1,728,728,1072,false,2025-08-19 02:33:33+00,2025-10-11 22:06:38.14787+00,2025-10-11 22:06:38.14787+00
46014,26,GEM Plissevelary#GEM,3,1,715,715,1085,false,2025-08-16 02:05:41+00,2025-10-11 22:06:38.14787+00,2025-10-11 22:06:38.14787+00
46015,26,GEM Plissevelary#GEM,901,1,706,706,1094,false,2025-08-23 02:47:30+00,2025-10-11 22:06:38.14787+00,2025-10-11 22:06:38.14787+00
46016,26,GEM Plissevelary#GEM,89,1,688,688,1112,false,2025-02-28 03:05:00+00,2025-10-11 22:06:38.14787+00,2025-10-11 22:06:38.14787+00
46017,26,GEM Plissevelary#GEM,238,1,658,658,1142,false,2025-08-09 23:42:11+00,2025-10-11 22:06:38.14787+00,2025-10-11 22:06:38.14787+00
46018,26,GEM Plissevelary#GEM,134,1,651,651,1149,false,2024-02-13 05:49:32+00,2025-10-11 22:06:38.14787+00,2025-10-11 22:06:38.14787+00
46019,26,GEM Plissevelary#GEM,350,1,619,619,1181,false,2025-03-02 19:09:29+00,2025-10-11 22:06:38.14787+00,2025-10-11 22:06:38.14787+00
46020,26,GEM Plissevelary#GEM,267,1,529,529,1271,false,2025-02-28 03:50:56+00,2025-10-11 22:06:38.14787+00,2025-10-11 22:06:38.14787+00
46021,26,GEM Plissevelary#GEM,36,1,471,471,1329,false,2025-06-20 01:51:09+00,2025-10-11 22:06:38.14787+00,2025-10-11 22:06:38.14787+00
46022,26,GEM Plissevelary#GEM,147,1,125,125,1675,false,2024-02-13 16:20:24+00,2025-10-11 22:06:38.14787+00,2025-10-11 22:06:38.14787+00
46023,3,GEM Dreemurdomme#GEM,350,8,58766,16166,-5166,false,2023-07-22 22:26:38+00,2025-10-11 22:06:55.069821+00,2025-11-02 14:56:56.917554+00
46024,3,GEM Dreemurdomme#GEM,412,7,45169,2569,8431,false,2025-08-12 13:02:45+00,2025-10-11 22:06:55.069821+00,2025-10-11 22:06:55.069821+00
46025,3,GEM Dreemurdomme#GEM,67,7,45133,2533,8467,false,2025-03-19 12:57:05+00,2025-10-11 22:06:55.069821+00,2025-10-11 22:06:55.069821+00
46026,3,GEM Dreemurdomme#GEM,222,5,26404,4804,5196,false,2023-07-11 00:50:19+00,2025-10-11 22:06:55.069821+00,2025-10-11 22:06:55.069821+00
46027,3,GEM Dreemurdomme#GEM,84,4,20731,8131,869,false,2025-07-24 04:59:34+00,2025-10-11 22:06:55.069821+00,2025-10-11 22:06:55.069821+00
46028,3,GEM Dreemurdomme#GEM,64,4,20471,7871,1129,false,2025-07-22 00:29:18+00,2025-10-11 22:06:55.069821+00,2025-10-11 22:06:55.069821+00
46029,3,GEM Dreemurdomme#GEM,18,4,18783,6183,2817,false,2023-07-10 10:35:37+00,2025-10-11 22:06:55.069821+00,2025-10-11 22:06:55.069821+00
46030,3,GEM Dreemurdomme#GEM,40,4,17324,4724,4276,false,2022-10-15 19:09:07+00,2025-10-11 22:06:55.069821+00,2025-10-11 22:06:55.069821+00
46031,3,GEM Dreemurdomme#GEM,1,4,13961,1361,7639,false,2022-10-09 16:27:03+00,2025-10-11 22:06:55.069821+00,2025-10-11 22:06:55.069821+00
46032,3,GEM Dreemurdomme#GEM,58,4,13777,1177,7823,false,2022-09-12 18:09:31+00,2025-10-11 22:06:55.069821+00,2025-10-11 22:06:55.069821+00
46033,3,GEM Dreemurdomme#GEM,157,4,12809,209,8791,false,2022-09-21 20:06:53+00,2025-10-11 22:06:55.069821+00,2025-10-11 22:06:55.069821+00
46034,3,GEM Dreemurdomme#GEM,29,3,11423,5423,1177,false,2023-07-11 03:25:06+00,2025-10-11 22:06:55.069821+00,2025-10-11 22:06:55.069821+00
46035,3,GEM Dreemurdomme#GEM,8,3,11133,5133,1467,false,2025-08-14 23:13:41+00,2025-10-11 22:06:55.069821+00,2025-10-11 22:06:55.069821+00
46036,3,GEM Dreemurdomme#GEM,37,3,9900,3900,2700,false,2023-07-29 00:19:26+00,2025-10-11 22:06:55.069821+00,2025-10-11 22:06:55.069821+00
46037,3,GEM Dreemurdomme#GEM,53,3,9208,3208,3392,false,2023-07-27 16:38:19+00,2025-10-11 22:06:55.069821+00,2025-10-11 22:06:55.069821+00
46038,3,GEM Dreemurdomme#GEM,518,3,9193,3193,3407,false,2025-09-16 15:53:59+00,2025-10-11 22:06:55.069821+00,2025-10-11 22:06:55.069821+00
46039,3,GEM Dreemurdomme#GEM,11,3,8468,2468,4132,false,2022-10-02 18:04:59+00,2025-10-11 22:06:55.069821+00,2025-10-11 22:06:55.069821+00
46040,3,GEM Dreemurdomme#GEM,114,3,8388,2388,4212,false,2025-07-23 03:01:43+00,2025-10-11 22:06:55.069821+00,2025-10-11 22:06:55.069821+00
46041,3,GEM Dreemurdomme#GEM,89,3,8376,2376,4224,false,2023-07-27 15:09:29+00,2025-10-11 22:06:55.069821+00,2025-10-11 22:06:55.069821+00
46042,3,GEM Dreemurdomme#GEM,19,3,8165,2165,4435,false,2021-02-21 01:57:34+00,2025-10-11 22:06:55.069821+00,2025-10-11 22:06:55.069821+00
46043,3,GEM Dreemurdomme#GEM,81,3,7485,1485,5115,false,2025-04-10 04:55:47+00,2025-10-11 22:06:55.069821+00,2025-10-11 22:06:55.069821+00
46044,3,GEM Dreemurdomme#GEM,23,3,7478,1478,5122,false,2022-08-16 01:10:13+00,2025-10-11 22:06:55.069821+00,2025-10-11 22:06:55.069821+00
46045,3,GEM Dreemurdomme#GEM,55,4,7378,1378,5222,false,2025-08-12 15:18:02+00,2025-10-11 22:06:55.069821+00,2025-11-09 14:47:51.922017+00
46046,3,GEM Dreemurdomme#GEM,6,3,6738,738,5862,false,2021-03-01 00:26:12+00,2025-10-11 22:06:55.069821+00,2025-10-11 22:06:55.069821+00
46047,3,GEM Dreemurdomme#GEM,104,3,6188,188,6412,false,2025-08-14 23:37:28+00,2025-10-11 22:06:55.069821+00,2025-10-11 22:06:55.069821+00
46048,3,GEM Dreemurdomme#GEM,13,3,6039,39,6561,false,2025-07-24 02:43:29+00,2025-10-11 22:06:55.069821+00,2025-10-11 22:06:55.069821+00
46049,3,GEM Dreemurdomme#GEM,2,2,5490,3690,510,false,2025-09-11 01:05:31+00,2025-10-11 22:06:55.069821+00,2025-10-11 22:06:55.069821+00
46050,3,GEM Dreemurdomme#GEM,92,2,5306,3506,694,false,2023-02-02 03:30:35+00,2025-10-11 22:06:55.069821+00,2025-10-11 22:06:55.069821+00
46051,3,GEM Dreemurdomme#GEM,82,2,5240,3440,760,false,2022-10-07 01:49:52+00,2025-10-11 22:06:55.069821+00,2025-10-11 22:06:55.069821+00
46052,3,GEM Dreemurdomme#GEM,122,2,4984,3184,1016,false,2022-09-05 01:14:48+00,2025-10-11 22:06:55.069821+00,2025-10-11 22:06:55.069821+00
46053,3,GEM Dreemurdomme#GEM,91,2,4960,3160,1040,false,2025-03-19 12:19:57+00,2025-10-11 22:06:55.069821+00,2025-10-11 22:06:55.069821+00
46054,3,GEM Dreemurdomme#GEM,54,2,4954,3154,1046,false,2025-04-11 01:50:42+00,2025-10-11 22:06:55.069821+00,2025-10-11 22:06:55.069821+00
46055,3,GEM Dreemurdomme#GEM,25,2,4748,2948,1252,false,2022-10-07 17:06:21+00,2025-10-11 22:06:55.069821+00,2025-10-11 22:06:55.069821+00
46056,3,GEM Dreemurdomme#GEM,38,2,4426,2626,1574,false,2022-11-03 02:16:18+00,2025-10-11 22:06:55.069821+00,2025-10-11 22:06:55.069821+00
46057,3,GEM Dreemurdomme#GEM,119,2,4240,2440,1760,false,2023-07-29 02:15:02+00,2025-10-11 22:06:55.069821+00,2025-10-11 22:06:55.069821+00
46058,3,GEM Dreemurdomme#GEM,24,2,4095,2295,1905,false,2022-07-24 23:26:59+00,2025-10-11 22:06:55.069821+00,2025-10-11 22:06:55.069821+00
46059,3,GEM Dreemurdomme#GEM,41,2,3790,1990,2210,false,2022-09-26 01:25:00+00,2025-10-11 22:06:55.069821+00,2025-10-11 22:06:55.069821+00
46060,3,GEM Dreemurdomme#GEM,43,2,3293,1493,2707,false,2025-03-30 00:29:51+00,2025-10-11 22:06:55.069821+00,2025-10-11 22:06:55.069821+00
46061,3,GEM Dreemurdomme#GEM,238,2,2811,1011,3189,false,2022-08-16 02:28:20+00,2025-10-11 22:06:55.069821+00,2025-10-11 22:06:55.069821+00
46062,3,GEM Dreemurdomme#GEM,56,2,2740,940,3260,false,2025-02-15 19:59:32+00,2025-10-11 22:06:55.069821+00,2025-10-11 22:06:55.069821+00
46063,3,GEM Dreemurdomme#GEM,22,2,2733,933,3267,false,2025-07-23 04:50:14+00,2025-10-11 22:06:55.069821+00,2025-10-11 22:06:55.069821+00
46064,3,GEM Dreemurdomme#GEM,875,2,2403,603,3597,false,2025-02-16 19:30:42+00,2025-10-11 22:06:55.069821+00,2025-10-11 22:06:55.069821+00
46065,3,GEM Dreemurdomme#GEM,145,1,2318,2318,-518,false,2025-08-12 18:32:11+00,2025-10-11 22:06:55.069821+00,2025-10-11 22:06:55.069821+00
46066,3,GEM Dreemurdomme#GEM,888,2,2291,491,3709,false,2025-02-16 22:52:31+00,2025-10-11 22:06:55.069821+00,2025-10-11 22:06:55.069821+00
46067,3,GEM Dreemurdomme#GEM,30,2,2032,232,3968,false,2025-08-15 00:04:27+00,2025-10-11 22:06:55.069821+00,2025-10-11 22:06:55.069821+00
46068,3,GEM Dreemurdomme#GEM,51,2,1992,192,4008,false,2025-04-10 02:21:18+00,2025-10-11 22:06:55.069821+00,2025-10-11 22:06:55.069821+00
46069,3,GEM Dreemurdomme#GEM,120,1,1957,1957,-157,false,2025-02-15 19:22:23+00,2025-10-11 22:06:55.069821+00,2025-10-11 22:06:55.069821+00
46070,3,GEM Dreemurdomme#GEM,236,2,1835,35,4165,false,2022-10-03 20:51:06+00,2025-10-11 22:06:55.069821+00,2025-10-11 22:06:55.069821+00
46071,3,GEM Dreemurdomme#GEM,131,1,1785,1785,15,false,2025-08-12 14:06:10+00,2025-10-11 22:06:55.069821+00,2025-10-11 22:06:55.069821+00
46072,3,GEM Dreemurdomme#GEM,517,1,1735,1735,65,false,2025-07-22 03:39:15+00,2025-10-11 22:06:55.069821+00,2025-10-11 22:06:55.069821+00
46073,3,GEM Dreemurdomme#GEM,5,1,1533,1533,267,false,2022-06-02 01:17:26+00,2025-10-11 22:06:55.069821+00,2025-10-11 22:06:55.069821+00
46074,3,GEM Dreemurdomme#GEM,63,1,1523,1523,277,false,2022-09-21 02:17:58+00,2025-10-11 22:06:55.069821+00,2025-10-11 22:06:55.069821+00
46075,3,GEM Dreemurdomme#GEM,59,1,1475,1475,325,false,2025-04-11 02:36:24+00,2025-10-11 22:06:55.069821+00,2025-10-11 22:06:55.069821+00
46076,3,GEM Dreemurdomme#GEM,20,1,1360,1360,440,false,2022-09-03 02:55:47+00,2025-10-11 22:06:55.069821+00,2025-10-11 22:06:55.069821+00
46077,3,GEM Dreemurdomme#GEM,21,1,1321,1321,479,false,2022-11-03 18:39:28+00,2025-10-11 22:06:55.069821+00,2025-10-11 22:06:55.069821+00
46078,3,GEM Dreemurdomme#GEM,107,1,1309,1309,491,false,2022-07-10 00:29:09+00,2025-10-11 22:06:55.069821+00,2025-10-11 22:06:55.069821+00
46079,3,GEM Dreemurdomme#GEM,427,1,1244,1244,556,false,2022-06-18 03:02:08+00,2025-10-11 22:06:55.069821+00,2025-10-11 22:06:55.069821+00
46080,3,GEM Dreemurdomme#GEM,9,1,1150,1150,650,false,2020-03-22 17:08:25+00,2025-10-11 22:06:55.069821+00,2025-10-11 22:06:55.069821+00
46081,3,GEM Dreemurdomme#GEM,777,1,1100,1100,700,false,2023-07-11 18:06:44+00,2025-10-11 22:06:55.069821+00,2025-10-11 22:06:55.069821+00
46082,3,GEM Dreemurdomme#GEM,7,1,1093,1093,707,false,2022-10-10 14:45:49+00,2025-10-11 22:06:55.069821+00,2025-10-11 22:06:55.069821+00
46083,3,GEM Dreemurdomme#GEM,75,1,1055,1055,745,false,2023-07-05 03:47:29+00,2025-10-11 22:06:55.069821+00,2025-10-11 22:06:55.069821+00
46084,3,GEM Dreemurdomme#GEM,111,1,1018,1018,782,false,2022-07-10 01:03:25+00,2025-10-11 22:06:55.069821+00,2025-10-11 22:06:55.069821+00
46085,3,GEM Dreemurdomme#GEM,39,1,976,976,824,false,2025-08-12 16:05:01+00,2025-10-11 22:06:55.069821+00,2025-10-11 22:06:55.069821+00
46086,3,GEM Dreemurdomme#GEM,799,1,975,975,825,false,2025-09-11 01:54:17+00,2025-10-11 22:06:55.069821+00,2025-10-11 22:06:55.069821+00
46087,3,GEM Dreemurdomme#GEM,147,1,963,963,837,false,2023-07-28 20:21:37+00,2025-10-11 22:06:55.069821+00,2025-10-11 22:06:55.069821+00
46088,3,GEM Dreemurdomme#GEM,106,1,808,808,992,false,2025-03-19 13:45:49+00,2025-10-11 22:06:55.069821+00,2025-10-11 22:06:55.069821+00
46089,3,GEM Dreemurdomme#GEM,50,1,797,797,1003,false,2022-07-10 02:12:52+00,2025-10-11 22:06:55.069821+00,2025-10-11 22:06:55.069821+00
46090,3,GEM Dreemurdomme#GEM,134,1,777,777,1023,false,2025-02-16 18:39:27+00,2025-10-11 22:06:55.069821+00,2025-10-11 22:06:55.069821+00
46091,3,GEM Dreemurdomme#GEM,202,1,764,764,1036,false,2022-09-04 21:16:21+00,2025-10-11 22:06:55.069821+00,2025-10-11 22:06:55.069821+00
46092,3,GEM Dreemurdomme#GEM,117,1,706,706,1094,false,2025-03-30 01:07:20+00,2025-10-11 22:06:55.069821+00,2025-10-11 22:06:55.069821+00
46093,3,GEM Dreemurdomme#GEM,223,1,617,617,1183,false,2025-02-16 22:11:47+00,2025-10-11 22:06:55.069821+00,2025-10-11 22:06:55.069821+00
46094,3,GEM Dreemurdomme#GEM,31,1,589,589,1211,false,2022-09-25 16:17:06+00,2025-10-11 22:06:55.069821+00,2025-10-11 22:06:55.069821+00
46095,3,GEM Dreemurdomme#GEM,121,1,569,569,1231,false,2025-02-15 22:29:01+00,2025-10-11 22:06:55.069821+00,2025-10-11 22:06:55.069821+00
46096,3,GEM Dreemurdomme#GEM,76,1,533,533,1267,false,2022-09-04 20:58:20+00,2025-10-11 22:06:55.069821+00,2025-10-11 22:06:55.069821+00
46097,3,GEM Dreemurdomme#GEM,80,1,518,518,1282,false,2023-07-27 15:40:16+00,2025-10-11 22:06:55.069821+00,2025-10-11 22:06:55.069821+00
46098,3,GEM Dreemurdomme#GEM,102,1,517,517,1283,false,2022-07-07 23:26:21+00,2025-10-11 22:06:55.069821+00,2025-10-11 22:06:55.069821+00
46099,3,GEM Dreemurdomme#GEM,45,1,276,276,1524,false,2022-10-09 17:09:23+00,2025-10-11 22:06:55.069821+00,2025-10-11 22:06:55.069821+00
46100,3,GEM Dreemurdomme#GEM,432,1,266,266,1534,false,2022-06-16 01:34:02+00,2025-10-11 22:06:55.069821+00,2025-10-11 22:06:55.069821+00
46101,3,GEM Dreemurdomme#GEM,98,1,206,206,1594,false,2022-09-03 03:36:54+00,2025-10-11 22:06:55.069821+00,2025-10-11 22:06:55.069821+00
46102,3,GEM Dreemurdomme#GEM,33,1,162,162,1638,false,2022-06-14 00:11:30+00,2025-10-11 22:06:55.069821+00,2025-10-11 22:06:55.069821+00
46103,3,GEM Dreemurdomme#GEM,15,1,162,162,1638,false,2023-07-07 19:59:50+00,2025-10-11 22:06:55.069821+00,2025-10-11 22:06:55.069821+00
46104,3,GEM Dreemurdomme#GEM,62,1,151,151,1649,false,2022-10-02 21:31:50+00,2025-10-11 22:06:55.069821+00,2025-10-11 22:06:55.069821+00
46105,3,GEM Dreemurdomme#GEM,101,1,146,146,1654,false,2020-03-26 20:44:51+00,2025-10-11 22:06:55.069821+00,2025-10-11 22:06:55.069821+00
46106,3,GEM Dreemurdomme#GEM,245,1,132,132,1668,false,2022-08-18 18:13:08+00,2025-10-11 22:06:55.069821+00,2025-10-11 22:06:55.069821+00
46107,3,GEM Dreemurdomme#GEM,60,1,107,107,1693,false,2022-06-17 23:49:09+00,2025-10-11 22:06:55.069821+00,2025-10-11 22:06:55.069821+00
46108,3,GEM Dreemurdomme#GEM,110,1,98,98,1702,false,2022-07-08 00:43:03+00,2025-10-11 22:06:55.069821+00,2025-10-11 22:06:55.069821+00
46109,3,GEM Dreemurdomme#GEM,10,1,90,90,1710,false,2022-07-10 01:50:09+00,2025-10-11 22:06:55.069821+00,2025-10-11 22:06:55.069821+00
46110,3,GEM Dreemurdomme#GEM,235,1,79,79,1721,false,2022-07-10 02:44:51+00,2025-10-11 22:06:55.069821+00,2025-10-11 22:06:55.069821+00
46111,15,GEM Priscyumice#GEM,350,18,171955,8355,2645,false,2025-08-01 20:14:25+00,2025-10-11 22:06:56.566504+00,2025-10-11 22:06:56.566504+00
46112,15,GEM Priscyumice#GEM,29,12,139041,41441,-30441,false,2025-07-30 18:49:49+00,2025-10-11 22:06:56.566504+00,2025-10-11 22:06:56.566504+00
46113,15,GEM Priscyumice#GEM,89,6,39042,7442,3558,false,2023-07-10 22:53:48+00,2025-10-11 22:06:56.566504+00,2025-10-11 22:06:56.566504+00
46114,15,GEM Priscyumice#GEM,67,6,33637,2037,8963,false,2022-08-19 01:54:27+00,2025-10-11 22:06:56.566504+00,2025-10-11 22:06:56.566504+00
46115,15,GEM Priscyumice#GEM,21,5,31100,9500,500,false,2025-04-27 02:15:46+00,2025-10-11 22:06:56.566504+00,2025-10-11 22:06:56.566504+00
46116,15,GEM Priscyumice#GEM,99,5,26399,4799,5201,false,2025-03-10 15:45:00+00,2025-10-11 22:06:56.566504+00,2025-10-11 22:06:56.566504+00
46117,15,GEM Priscyumice#GEM,32,5,24920,3320,6680,false,2023-07-15 16:04:03+00,2025-10-11 22:06:56.566504+00,2025-10-11 22:06:56.566504+00
46118,15,GEM Priscyumice#GEM,498,4,20786,8186,814,false,2025-02-09 19:49:17+00,2025-10-11 22:06:56.566504+00,2025-10-11 22:06:56.566504+00
46119,15,GEM Priscyumice#GEM,360,4,18497,5897,3103,false,2022-06-26 02:43:56+00,2025-10-11 22:06:56.566504+00,2025-10-11 22:06:56.566504+00
46120,15,GEM Priscyumice#GEM,902,4,17341,4741,4259,false,2025-09-11 01:54:17+00,2025-10-11 22:06:56.566504+00,2025-10-11 22:06:56.566504+00
46121,15,GEM Priscyumice#GEM,107,4,15264,2664,6336,false,2023-12-22 14:11:41+00,2025-10-11 22:06:56.566504+00,2025-10-11 22:06:56.566504+00
46122,15,GEM Priscyumice#GEM,78,4,15166,2566,6434,false,2022-10-31 01:09:02+00,2025-10-11 22:06:56.566504+00,2025-10-11 22:06:56.566504+00
46123,15,GEM Priscyumice#GEM,4,4,13326,726,8274,false,2022-11-19 01:03:44+00,2025-10-11 22:06:56.566504+00,2025-10-11 22:06:56.566504+00
46124,15,GEM Priscyumice#GEM,267,4,13053,453,8547,false,2022-12-10 00:30:41+00,2025-10-11 22:06:56.566504+00,2025-10-11 22:06:56.566504+00
46125,15,GEM Priscyumice#GEM,254,3,10437,4437,2163,false,2023-12-21 00:31:58+00,2025-10-11 22:06:56.566504+00,2025-10-11 22:06:56.566504+00
46126,15,GEM Priscyumice#GEM,22,3,7276,1276,5324,false,2023-07-08 15:19:37+00,2025-10-11 22:06:56.566504+00,2025-10-11 22:06:56.566504+00
46127,15,GEM Priscyumice#GEM,25,3,7128,1128,5472,false,2023-06-30 00:02:35+00,2025-10-11 22:06:56.566504+00,2025-10-11 22:06:56.566504+00
46128,15,GEM Priscyumice#GEM,63,3,6148,148,6452,false,2023-07-09 03:24:48+00,2025-10-11 22:06:56.566504+00,2025-10-11 22:06:56.566504+00
46129,15,GEM Priscyumice#GEM,236,2,5500,3700,500,false,2022-08-19 00:18:09+00,2025-10-11 22:06:56.566504+00,2025-10-11 22:06:56.566504+00
46130,15,GEM Priscyumice#GEM,45,2,5260,3460,740,false,2023-08-02 00:20:59+00,2025-10-11 22:06:56.566504+00,2025-10-11 22:06:56.566504+00
46131,15,GEM Priscyumice#GEM,96,2,5078,3278,922,false,2025-03-10 00:43:18+00,2025-10-11 22:06:56.566504+00,2025-10-11 22:06:56.566504+00
46132,15,GEM Priscyumice#GEM,888,2,4434,2634,1566,false,2025-07-28 21:58:47+00,2025-10-11 22:06:56.566504+00,2025-10-11 22:06:56.566504+00
46133,15,GEM Priscyumice#GEM,14,2,4249,2449,1751,false,2023-07-09 16:31:54+00,2025-10-11 22:06:56.566504+00,2025-10-11 22:06:56.566504+00
46134,15,GEM Priscyumice#GEM,16,2,3330,1530,2670,false,2022-10-08 01:29:39+00,2025-10-11 22:06:56.566504+00,2025-10-11 22:06:56.566504+00
46135,15,GEM Priscyumice#GEM,34,2,3296,1496,2704,false,2022-04-21 03:14:48+00,2025-10-11 22:06:56.566504+00,2025-10-11 22:06:56.566504+00
46136,15,GEM Priscyumice#GEM,53,2,3192,1392,2808,false,2025-07-28 22:40:05+00,2025-10-11 22:06:56.566504+00,2025-10-11 22:06:56.566504+00
46137,15,GEM Priscyumice#GEM,222,2,2990,1190,3010,false,2025-03-10 17:57:01+00,2025-10-11 22:06:56.566504+00,2025-10-11 22:06:56.566504+00
46138,15,GEM Priscyumice#GEM,51,2,2746,946,3254,false,2023-06-18 20:38:16+00,2025-10-11 22:06:56.566504+00,2025-10-11 22:06:56.566504+00
46139,15,GEM Priscyumice#GEM,17,2,2746,946,3254,false,2022-09-04 04:10:49+00,2025-10-11 22:06:56.566504+00,2025-10-11 22:06:56.566504+00
46140,15,GEM Priscyumice#GEM,234,2,2700,900,3300,false,2025-02-13 04:19:55+00,2025-10-11 22:06:56.566504+00,2025-10-11 22:06:56.566504+00
46141,15,GEM Priscyumice#GEM,74,2,2567,767,3433,false,2025-09-11 01:05:31+00,2025-10-11 22:06:56.566504+00,2025-10-11 22:06:56.566504+00
46142,15,GEM Priscyumice#GEM,75,2,2295,495,3705,false,2023-07-09 15:45:05+00,2025-10-11 22:06:56.566504+00,2025-10-11 22:06:56.566504+00
46143,15,GEM Priscyumice#GEM,103,2,2138,338,3862,false,2025-07-30 19:41:04+00,2025-10-11 22:06:56.566504+00,2025-10-11 22:06:56.566504+00
46144,15,GEM Priscyumice#GEM,60,2,1943,143,4057,false,2022-11-18 23:49:27+00,2025-10-11 22:06:56.566504+00,2025-10-11 22:06:56.566504+00
46145,15,GEM Priscyumice#GEM,777,2,1835,35,4165,false,2023-12-06 21:14:08+00,2025-10-11 22:06:56.566504+00,2025-10-11 22:06:56.566504+00
46146,15,GEM Priscyumice#GEM,2,1,1756,1756,44,false,2023-07-23 00:56:11+00,2025-10-11 22:06:56.566504+00,2025-10-11 22:06:56.566504+00
46147,15,GEM Priscyumice#GEM,81,1,1721,1721,79,false,2022-08-18 20:03:38+00,2025-10-11 22:06:56.566504+00,2025-10-11 22:06:56.566504+00
46148,15,GEM Priscyumice#GEM,127,1,1583,1583,217,false,2023-12-03 20:24:41+00,2025-10-11 22:06:56.566504+00,2025-10-11 22:06:56.566504+00
46149,15,GEM Priscyumice#GEM,126,1,1548,1548,252,false,2023-12-14 18:15:25+00,2025-10-11 22:06:56.566504+00,2025-10-11 22:06:56.566504+00
46150,15,GEM Priscyumice#GEM,86,1,1317,1317,483,false,2023-07-25 00:27:30+00,2025-10-11 22:06:56.566504+00,2025-10-11 22:06:56.566504+00
46151,15,GEM Priscyumice#GEM,102,1,1251,1251,549,false,2022-09-05 23:21:36+00,2025-10-11 22:06:56.566504+00,2025-10-11 22:06:56.566504+00
46152,15,GEM Priscyumice#GEM,13,1,1246,1246,554,false,2022-07-08 00:08:20+00,2025-10-11 22:06:56.566504+00,2025-10-11 22:06:56.566504+00
46153,15,GEM Priscyumice#GEM,800,1,1130,1130,670,false,2025-02-13 04:46:51+00,2025-10-11 22:06:56.566504+00,2025-10-11 22:06:56.566504+00
46154,15,GEM Priscyumice#GEM,131,1,1097,1097,703,false,2022-05-22 23:19:21+00,2025-10-11 22:06:56.566504+00,2025-10-11 22:06:56.566504+00
46155,15,GEM Priscyumice#GEM,119,1,1019,1019,781,false,2022-05-21 02:18:53+00,2025-10-11 22:06:56.566504+00,2025-10-11 22:06:56.566504+00
46156,15,GEM Priscyumice#GEM,92,1,998,998,802,false,2022-09-27 20:52:30+00,2025-10-11 22:06:56.566504+00,2025-10-11 22:06:56.566504+00
46157,15,GEM Priscyumice#GEM,30,1,964,964,836,false,2023-08-13 22:38:05+00,2025-10-11 22:06:56.566504+00,2025-10-11 22:06:56.566504+00
46158,15,GEM Priscyumice#GEM,79,1,956,956,844,false,2023-07-26 20:52:36+00,2025-10-11 22:06:56.566504+00,2025-10-11 22:06:56.566504+00
46159,15,GEM Priscyumice#GEM,10,1,937,937,863,false,2022-05-21 21:54:03+00,2025-10-11 22:06:56.566504+00,2025-10-11 22:06:56.566504+00
46160,15,GEM Priscyumice#GEM,421,1,885,885,915,false,2022-08-21 18:36:00+00,2025-10-11 22:06:56.566504+00,2025-10-11 22:06:56.566504+00
46161,15,GEM Priscyumice#GEM,18,1,879,879,921,false,2022-08-19 00:46:32+00,2025-10-11 22:06:56.566504+00,2025-10-11 22:06:56.566504+00
46162,15,GEM Priscyumice#GEM,7,1,852,852,948,false,2023-09-03 19:21:15+00,2025-10-11 22:06:56.566504+00,2025-10-11 22:06:56.566504+00
46163,15,GEM Priscyumice#GEM,161,1,786,786,1014,false,2023-12-14 20:23:37+00,2025-10-11 22:06:56.566504+00,2025-10-11 22:06:56.566504+00
46164,15,GEM Priscyumice#GEM,26,1,740,740,1060,false,2022-10-29 04:12:41+00,2025-10-11 22:06:56.566504+00,2025-10-11 22:06:56.566504+00
46165,15,GEM Priscyumice#GEM,57,1,689,689,1111,false,2022-07-07 01:58:05+00,2025-10-11 22:06:56.566504+00,2025-10-11 22:06:56.566504+00
46166,15,GEM Priscyumice#GEM,106,1,625,625,1175,false,2023-08-14 17:10:24+00,2025-10-11 22:06:56.566504+00,2025-10-11 22:06:56.566504+00
46167,15,GEM Priscyumice#GEM,105,1,614,614,1186,false,2022-07-09 14:31:25+00,2025-10-11 22:06:56.566504+00,2025-10-11 22:06:56.566504+00
46168,15,GEM Priscyumice#GEM,201,1,602,602,1198,false,2023-08-14 16:32:26+00,2025-10-11 22:06:56.566504+00,2025-10-11 22:06:56.566504+00
46169,15,GEM Priscyumice#GEM,44,1,523,523,1277,false,2022-07-10 11:48:48+00,2025-10-11 22:06:56.566504+00,2025-10-11 22:06:56.566504+00
46170,15,GEM Priscyumice#GEM,1,1,492,492,1308,false,2022-10-25 22:30:29+00,2025-10-11 22:06:56.566504+00,2025-10-11 22:06:56.566504+00
46171,15,GEM Priscyumice#GEM,117,1,276,276,1524,false,2023-12-06 20:30:55+00,2025-10-11 22:06:56.566504+00,2025-10-11 22:06:56.566504+00
46172,15,GEM Priscyumice#GEM,555,1,209,209,1591,false,2022-10-23 17:04:18+00,2025-10-11 22:06:56.566504+00,2025-10-11 22:06:56.566504+00
46173,15,GEM Priscyumice#GEM,11,1,209,209,1591,false,2022-05-23 00:13:43+00,2025-10-11 22:06:56.566504+00,2025-10-11 22:06:56.566504+00
46174,15,GEM Priscyumice#GEM,76,1,206,206,1594,false,2022-10-25 23:12:39+00,2025-10-11 22:06:56.566504+00,2025-10-11 22:06:56.566504+00
46175,15,GEM Priscyumice#GEM,36,1,184,184,1616,false,2023-12-22 02:35:16+00,2025-10-11 22:06:56.566504+00,2025-10-11 22:06:56.566504+00
46176,15,GEM Priscyumice#GEM,122,1,175,175,1625,false,2022-05-21 01:18:53+00,2025-10-11 22:06:56.566504+00,2025-10-11 22:06:56.566504+00
46177,15,GEM Priscyumice#GEM,266,1,174,174,1626,false,2022-05-21 00:47:23+00,2025-10-11 22:06:56.566504+00,2025-10-11 22:06:56.566504+00
46178,15,GEM Priscyumice#GEM,429,1,155,155,1645,false,2019-10-02 19:36:49+00,2025-10-11 22:06:56.566504+00,2025-10-11 22:06:56.566504+00
46179,15,GEM Priscyumice#GEM,55,1,152,152,1648,false,2022-08-21 17:29:01+00,2025-10-11 22:06:56.566504+00,2025-10-11 22:06:56.566504+00
46180,15,GEM Priscyumice#GEM,61,1,145,145,1655,false,2023-07-06 16:14:17+00,2025-10-11 22:06:56.566504+00,2025-10-11 22:06:56.566504+00
46181,15,GEM Priscyumice#GEM,23,1,133,133,1667,false,2022-08-21 17:59:46+00,2025-10-11 22:06:56.566504+00,2025-10-11 22:06:56.566504+00
46182,15,GEM Priscyumice#GEM,37,1,118,118,1682,false,2022-11-14 23:51:45+00,2025-10-11 22:06:56.566504+00,2025-10-11 22:06:56.566504+00
46183,15,GEM Priscyumice#GEM,897,1,116,116,1684,false,2023-07-25 00:55:15+00,2025-10-11 22:06:56.566504+00,2025-10-11 22:06:56.566504+00
46184,15,GEM Priscyumice#GEM,39,1,108,108,1692,false,2021-11-02 18:31:33+00,2025-10-11 22:06:56.566504+00,2025-10-11 22:06:56.566504+00
46185,15,GEM Priscyumice#GEM,43,1,98,98,1702,false,2022-07-08 00:43:03+00,2025-10-11 22:06:56.566504+00,2025-10-11 22:06:56.566504+00
46186,15,GEM Priscyumice#GEM,245,1,84,84,1716,false,2022-07-07 02:32:03+00,2025-10-11 22:06:56.566504+00,2025-10-11 22:06:56.566504+00
46187,27,GEM Vaelardorcel#GEM,29,5,27899,6299,3701,false,2025-05-04 02:57:25+00,2025-10-11 22:06:58.089022+00,2025-10-11 22:06:58.089022+00
46188,27,GEM Vaelardorcel#GEM,222,4,20588,7988,1012,false,2025-09-18 17:37:38+00,2025-10-11 22:06:58.089022+00,2025-10-11 22:06:58.089022+00
46189,27,GEM Vaelardorcel#GEM,21,4,15742,3142,5858,false,2025-09-18 02:07:38+00,2025-10-11 22:06:58.089022+00,2025-10-11 22:06:58.089022+00
46190,27,GEM Vaelardorcel#GEM,350,3,12402,6402,198,false,2025-09-18 18:32:00+00,2025-10-11 22:06:58.089022+00,2025-10-11 22:06:58.089022+00
46191,27,GEM Vaelardorcel#GEM,98,3,6151,151,6449,false,2025-08-02 00:39:27+00,2025-10-11 22:06:58.089022+00,2025-10-11 22:06:58.089022+00
46192,27,GEM Vaelardorcel#GEM,267,2,5581,3781,419,false,2025-08-05 20:35:55+00,2025-10-11 22:06:58.089022+00,2025-10-11 22:06:58.089022+00
46193,27,GEM Vaelardorcel#GEM,32,2,5158,3358,842,false,2025-08-02 21:36:41+00,2025-10-11 22:06:58.089022+00,2025-10-11 22:06:58.089022+00
46194,27,GEM Vaelardorcel#GEM,111,2,4601,2801,1399,false,2025-08-04 23:38:05+00,2025-10-11 22:06:58.089022+00,2025-10-11 22:06:58.089022+00
46195,27,GEM Vaelardorcel#GEM,360,2,4560,2760,1440,false,2025-08-11 03:13:18+00,2025-10-11 22:06:58.089022+00,2025-10-11 22:06:58.089022+00
46196,27,GEM Vaelardorcel#GEM,31,2,4497,2697,1503,false,2025-08-04 22:06:24+00,2025-10-11 22:06:58.089022+00,2025-10-11 22:06:58.089022+00
46197,27,GEM Vaelardorcel#GEM,36,2,4411,2611,1589,false,2025-08-15 02:34:35+00,2025-10-11 22:06:58.089022+00,2025-10-11 22:06:58.089022+00
46198,27,GEM Vaelardorcel#GEM,57,2,3990,2190,2010,false,2025-05-15 22:02:03+00,2025-10-11 22:06:58.089022+00,2025-10-11 22:06:58.089022+00
46199,27,GEM Vaelardorcel#GEM,26,2,3534,1734,2466,false,2025-06-11 00:32:52+00,2025-10-11 22:06:58.089022+00,2025-10-11 22:06:58.089022+00
46200,27,GEM Vaelardorcel#GEM,115,2,2399,599,3601,false,2025-06-15 02:41:33+00,2025-10-11 22:06:58.089022+00,2025-10-11 22:06:58.089022+00
46201,27,GEM Vaelardorcel#GEM,63,2,2141,341,3859,false,2025-06-10 00:32:57+00,2025-10-11 22:06:58.089022+00,2025-10-11 22:06:58.089022+00
46202,27,GEM Vaelardorcel#GEM,161,2,2125,325,3875,false,2025-05-15 23:37:09+00,2025-10-11 22:06:58.089022+00,2025-10-11 22:06:58.089022+00
46203,27,GEM Vaelardorcel#GEM,9,2,1999,199,4001,false,2025-08-02 22:18:41+00,2025-10-11 22:06:58.089022+00,2025-10-11 22:06:58.089022+00
46204,27,GEM Vaelardorcel#GEM,17,2,1893,93,4107,false,2025-08-09 03:03:36+00,2025-10-11 22:06:58.089022+00,2025-10-11 22:06:58.089022+00
46205,27,GEM Vaelardorcel#GEM,53,1,1833,1833,-33,false,2025-08-14 02:58:21+00,2025-10-11 22:06:58.089022+00,2025-10-11 22:06:58.089022+00
46206,27,GEM Vaelardorcel#GEM,86,1,1774,1774,26,false,2025-05-15 22:21:42+00,2025-10-11 22:06:58.089022+00,2025-10-11 22:06:58.089022+00
46207,27,GEM Vaelardorcel#GEM,24,1,1704,1704,96,false,2025-05-14 00:33:59+00,2025-10-11 22:06:58.089022+00,2025-10-11 22:06:58.089022+00
46208,27,GEM Vaelardorcel#GEM,4,1,1701,1701,99,false,2025-09-16 20:39:13+00,2025-10-11 22:06:58.089022+00,2025-10-11 22:06:58.089022+00
46209,27,GEM Vaelardorcel#GEM,22,1,1478,1478,322,false,2025-08-09 05:11:48+00,2025-10-11 22:06:58.089022+00,2025-10-11 22:06:58.089022+00
46210,27,GEM Vaelardorcel#GEM,67,1,1471,1471,329,false,2025-08-09 04:38:53+00,2025-10-11 22:06:58.089022+00,2025-10-11 22:06:58.089022+00
46211,27,GEM Vaelardorcel#GEM,81,1,1465,1465,335,false,2025-08-13 02:46:09+00,2025-10-11 22:06:58.089022+00,2025-10-11 22:06:58.089022+00
46212,27,GEM Vaelardorcel#GEM,33,1,1340,1340,460,false,2025-08-05 22:44:23+00,2025-10-11 22:06:58.089022+00,2025-10-11 22:06:58.089022+00
46213,27,GEM Vaelardorcel#GEM,235,1,1332,1332,468,false,2025-05-15 22:47:41+00,2025-10-11 22:06:58.089022+00,2025-10-11 22:06:58.089022+00
46214,27,GEM Vaelardorcel#GEM,518,1,1322,1322,478,false,2025-02-23 17:29:47+00,2025-10-11 22:06:58.089022+00,2025-10-11 22:06:58.089022+00
46215,27,GEM Vaelardorcel#GEM,89,1,1290,1290,510,false,2025-08-02 19:48:56+00,2025-10-11 22:06:58.089022+00,2025-10-11 22:06:58.089022+00
46216,27,GEM Vaelardorcel#GEM,1,1,1238,1238,562,false,2025-05-11 13:04:55+00,2025-10-11 22:06:58.089022+00,2025-10-11 22:06:58.089022+00
46217,27,GEM Vaelardorcel#GEM,40,1,1138,1138,662,false,2025-05-18 13:33:55+00,2025-10-11 22:06:58.089022+00,2025-10-11 22:06:58.089022+00
46218,27,GEM Vaelardorcel#GEM,133,1,1090,1090,710,false,2025-06-10 00:57:09+00,2025-10-11 22:06:58.089022+00,2025-10-11 22:06:58.089022+00
46219,27,GEM Vaelardorcel#GEM,99,1,1073,1073,727,false,2025-04-26 23:03:33+00,2025-10-11 22:06:58.089022+00,2025-10-11 22:06:58.089022+00
46220,27,GEM Vaelardorcel#GEM,421,1,981,981,819,false,2025-05-15 19:48:44+00,2025-10-11 22:06:58.089022+00,2025-10-11 22:06:58.089022+00
46221,27,GEM Vaelardorcel#GEM,142,1,892,892,908,false,2025-08-09 04:00:02+00,2025-10-11 22:06:58.089022+00,2025-10-11 22:06:58.089022+00
46222,27,GEM Vaelardorcel#GEM,3,1,879,879,921,false,2025-04-26 23:51:58+00,2025-10-11 22:06:58.089022+00,2025-10-11 22:06:58.089022+00
46223,27,GEM Vaelardorcel#GEM,78,1,801,801,999,false,2025-08-01 23:21:27+00,2025-10-11 22:06:58.089022+00,2025-10-11 22:06:58.089022+00
46224,27,GEM Vaelardorcel#GEM,56,1,760,760,1040,false,2025-08-05 21:25:33+00,2025-10-11 22:06:58.089022+00,2025-10-11 22:06:58.089022+00
46225,27,GEM Vaelardorcel#GEM,19,1,755,755,1045,false,2025-02-22 19:20:50+00,2025-10-11 22:06:58.089022+00,2025-10-11 22:06:58.089022+00
46226,27,GEM Vaelardorcel#GEM,105,1,703,703,1097,false,2025-08-09 05:55:18+00,2025-10-11 22:06:58.089022+00,2025-10-11 22:06:58.089022+00
46227,27,GEM Vaelardorcel#GEM,18,1,647,647,1153,false,2025-08-11 04:28:13+00,2025-10-11 22:06:58.089022+00,2025-10-11 22:06:58.089022+00
46228,27,GEM Vaelardorcel#GEM,96,1,640,640,1160,false,2025-09-18 02:47:44+00,2025-10-11 22:06:58.089022+00,2025-10-11 22:06:58.089022+00
46229,27,GEM Vaelardorcel#GEM,804,1,622,622,1178,false,2025-08-11 02:28:07+00,2025-10-11 22:06:58.089022+00,2025-10-11 22:06:58.089022+00
46230,27,GEM Vaelardorcel#GEM,12,1,619,619,1181,false,2025-08-02 22:54:32+00,2025-10-11 22:06:58.089022+00,2025-10-11 22:06:58.089022+00
46231,27,GEM Vaelardorcel#GEM,37,1,610,610,1190,false,2025-05-04 02:24:16+00,2025-10-11 22:06:58.089022+00,2025-10-11 22:06:58.089022+00
46232,27,GEM Vaelardorcel#GEM,15,1,549,549,1251,false,2025-02-23 21:04:43+00,2025-10-11 22:06:58.089022+00,2025-10-11 22:06:58.089022+00
46233,27,GEM Vaelardorcel#GEM,412,1,538,538,1262,false,2025-05-16 00:02:09+00,2025-10-11 22:06:58.089022+00,2025-10-11 22:06:58.089022+00
46234,1,GEM Arminariknot#GEM,902,6,39609,8009,2991,false,2025-10-11 00:51:26+00,2025-10-11 22:07:14.92928+00,2025-10-12 01:00:34.123051+00
46235,1,GEM Arminariknot#GEM,412,5,27763,6163,3837,false,2025-03-29 03:11:35+00,2025-10-11 22:07:14.92928+00,2025-10-11 22:07:14.92928+00
46236,1,GEM Arminariknot#GEM,350,4,20844,8244,756,false,2025-08-08 23:38:16+00,2025-10-11 22:07:14.92928+00,2025-10-11 22:07:14.92928+00
46237,1,GEM Arminariknot#GEM,81,4,19273,6673,2327,false,2025-03-30 06:35:12+00,2025-10-11 22:07:14.92928+00,2025-10-11 22:07:14.92928+00
46238,1,GEM Arminariknot#GEM,29,4,15013,2413,6587,false,2024-07-26 04:23:12+00,2025-10-11 22:07:14.92928+00,2025-10-11 22:07:14.92928+00
46239,1,GEM Arminariknot#GEM,21,3,12435,6435,165,false,2025-08-01 00:17:01+00,2025-10-11 22:07:14.92928+00,2025-10-11 22:07:14.92928+00
46240,1,GEM Arminariknot#GEM,107,3,10510,4510,2090,false,2023-08-10 00:05:54+00,2025-10-11 22:07:14.92928+00,2025-10-11 22:07:14.92928+00
46241,1,GEM Arminariknot#GEM,18,3,8992,2992,3608,false,2022-11-12 19:11:09+00,2025-10-11 22:07:14.92928+00,2025-10-11 22:07:14.92928+00
46242,1,GEM Arminariknot#GEM,235,3,7669,1669,4931,false,2025-09-27 01:29:06+00,2025-10-11 22:07:14.92928+00,2025-10-11 22:07:14.92928+00
46243,1,GEM Arminariknot#GEM,51,3,7592,1592,5008,false,2025-03-30 04:31:01+00,2025-10-11 22:07:14.92928+00,2025-10-11 22:07:14.92928+00
46244,1,GEM Arminariknot#GEM,1,3,6951,951,5649,false,2025-03-30 03:23:09+00,2025-10-11 22:07:14.92928+00,2025-10-11 22:07:14.92928+00
46245,1,GEM Arminariknot#GEM,7,3,6498,498,6102,false,2022-10-16 21:21:17+00,2025-10-11 22:07:14.92928+00,2025-10-11 22:07:14.92928+00
46246,1,GEM Arminariknot#GEM,99,2,5836,4036,164,false,2025-09-13 22:19:45+00,2025-10-11 22:07:14.92928+00,2025-10-11 22:07:14.92928+00
46247,1,GEM Arminariknot#GEM,96,2,5698,3898,302,false,2025-08-02 23:37:05+00,2025-10-11 22:07:14.92928+00,2025-10-11 22:07:14.92928+00
46248,1,GEM Arminariknot#GEM,76,2,5551,3751,449,false,2023-08-02 18:28:09+00,2025-10-11 22:07:14.92928+00,2025-10-11 22:07:14.92928+00
46249,1,GEM Arminariknot#GEM,245,2,5414,3614,586,false,2025-10-10 20:24:02+00,2025-10-11 22:07:14.92928+00,2025-10-11 22:07:14.92928+00
46250,1,GEM Arminariknot#GEM,92,2,5091,3291,909,false,2022-09-11 13:04:33+00,2025-10-11 22:07:14.92928+00,2025-10-11 22:07:14.92928+00
46251,1,GEM Arminariknot#GEM,36,2,4955,3155,1045,false,2023-07-14 03:00:05+00,2025-10-11 22:07:14.92928+00,2025-10-11 22:07:14.92928+00
46252,1,GEM Arminariknot#GEM,268,2,3500,1700,2500,false,2025-10-08 18:22:14+00,2025-10-11 22:07:14.92928+00,2025-10-11 22:07:14.92928+00
46253,1,GEM Arminariknot#GEM,63,2,3300,1500,2700,false,2025-03-09 02:24:05+00,2025-10-11 22:07:14.92928+00,2025-10-11 22:07:14.92928+00
46254,1,GEM Arminariknot#GEM,45,2,3058,1258,2942,false,2023-08-04 12:05:30+00,2025-10-11 22:07:14.92928+00,2025-10-11 22:07:14.92928+00
46255,1,GEM Arminariknot#GEM,86,2,2898,1098,3102,false,2023-08-04 00:23:52+00,2025-10-11 22:07:14.92928+00,2025-10-11 22:07:14.92928+00
46256,1,GEM Arminariknot#GEM,60,2,2766,966,3234,false,2022-06-18 21:54:59+00,2025-10-11 22:07:14.92928+00,2025-10-11 22:07:14.92928+00
46257,1,GEM Arminariknot#GEM,16,2,2353,553,3647,false,2025-10-08 23:45:22+00,2025-10-11 22:07:14.92928+00,2025-10-11 22:07:14.92928+00
46258,1,GEM Arminariknot#GEM,78,1,2252,2252,-452,false,2025-03-29 02:09:14+00,2025-10-11 22:07:14.92928+00,2025-10-11 22:07:14.92928+00
46259,1,GEM Arminariknot#GEM,110,2,2143,343,3857,false,2022-07-09 02:58:08+00,2025-10-11 22:07:14.92928+00,2025-10-11 22:07:14.92928+00
46260,1,GEM Arminariknot#GEM,58,2,2125,325,3875,false,2022-10-02 01:45:56+00,2025-10-11 22:07:14.92928+00,2025-10-11 22:07:14.92928+00
46261,1,GEM Arminariknot#GEM,82,2,2119,319,3881,false,2022-09-23 18:46:41+00,2025-10-11 22:07:14.92928+00,2025-10-11 22:07:14.92928+00
46262,1,GEM Arminariknot#GEM,555,2,1959,159,4041,false,2025-10-08 14:49:01+00,2025-10-11 22:07:14.92928+00,2025-10-11 22:07:14.92928+00
46263,1,GEM Arminariknot#GEM,122,2,1896,96,4104,false,2022-10-17 18:26:00+00,2025-10-11 22:07:14.92928+00,2025-10-11 22:07:14.92928+00
46264,1,GEM Arminariknot#GEM,517,2,1893,93,4107,false,2025-10-08 17:53:27+00,2025-10-11 22:07:14.92928+00,2025-10-11 22:07:14.92928+00
46265,1,GEM Arminariknot#GEM,40,2,1805,5,4195,false,2022-10-15 04:48:25+00,2025-10-11 22:07:14.92928+00,2025-10-11 22:07:14.92928+00
46266,1,GEM Arminariknot#GEM,104,1,1702,1702,98,false,2022-09-10 11:58:15+00,2025-10-11 22:07:14.92928+00,2025-10-11 22:07:14.92928+00
46267,1,GEM Arminariknot#GEM,32,1,1616,1616,184,false,2022-10-12 20:02:48+00,2025-10-11 22:07:14.92928+00,2025-10-11 22:07:14.92928+00
46268,1,GEM Arminariknot#GEM,145,1,1507,1507,293,false,2025-03-29 19:00:41+00,2025-10-11 22:07:14.92928+00,2025-10-11 22:07:14.92928+00
46269,1,GEM Arminariknot#GEM,887,1,1488,1488,312,false,2025-10-11 02:23:25+00,2025-10-11 22:07:14.92928+00,2025-10-11 22:07:14.92928+00
46270,1,GEM Arminariknot#GEM,103,1,1486,1486,314,false,2022-07-13 00:48:00+00,2025-10-11 22:07:14.92928+00,2025-10-11 22:07:14.92928+00
46271,1,GEM Arminariknot#GEM,55,1,1389,1389,411,false,2022-10-20 18:24:59+00,2025-10-11 22:07:14.92928+00,2025-10-11 22:07:14.92928+00
46272,1,GEM Arminariknot#GEM,236,1,1352,1352,448,false,2025-03-28 23:25:33+00,2025-10-11 22:07:14.92928+00,2025-10-11 22:07:14.92928+00
46273,1,GEM Arminariknot#GEM,62,1,1280,1280,520,false,2023-08-05 20:30:02+00,2025-10-11 22:07:14.92928+00,2025-10-11 22:07:14.92928+00
46274,1,GEM Arminariknot#GEM,22,1,1264,1264,536,false,2022-10-19 17:39:18+00,2025-10-11 22:07:14.92928+00,2025-10-11 22:07:14.92928+00
46275,1,GEM Arminariknot#GEM,59,1,1246,1246,554,false,2022-10-04 17:33:29+00,2025-10-11 22:07:14.92928+00,2025-10-11 22:07:14.92928+00
46276,1,GEM Arminariknot#GEM,432,1,1243,1243,557,false,2022-06-19 00:29:31+00,2025-10-11 22:07:14.92928+00,2025-10-11 22:07:14.92928+00
46277,1,GEM Arminariknot#GEM,518,1,1157,1157,643,false,2025-10-08 16:24:19+00,2025-10-11 22:07:14.92928+00,2025-10-11 22:07:14.92928+00
46278,1,GEM Arminariknot#GEM,254,1,1134,1134,666,false,2022-06-16 15:17:29+00,2025-10-11 22:07:14.92928+00,2025-10-11 22:07:14.92928+00
46279,1,GEM Arminariknot#GEM,57,1,1127,1127,673,false,2025-10-08 15:56:25+00,2025-10-11 22:07:14.92928+00,2025-10-11 22:07:14.92928+00
46280,1,GEM Arminariknot#GEM,157,1,1118,1118,682,false,2025-03-28 01:35:46+00,2025-10-11 22:07:14.92928+00,2025-10-11 22:07:14.92928+00
46281,1,GEM Arminariknot#GEM,121,1,1063,1063,737,false,2022-10-04 16:30:09+00,2025-10-11 22:07:14.92928+00,2025-10-11 22:07:14.92928+00
46282,1,GEM Arminariknot#GEM,25,1,1042,1042,758,false,2022-09-25 03:18:37+00,2025-10-11 22:07:14.92928+00,2025-10-11 22:07:14.92928+00
46283,1,GEM Arminariknot#GEM,147,1,954,954,846,false,2022-07-10 01:50:10+00,2025-10-11 22:07:14.92928+00,2025-10-11 22:07:14.92928+00
46284,1,GEM Arminariknot#GEM,37,1,913,913,887,false,2022-06-09 03:11:46+00,2025-10-11 22:07:14.92928+00,2025-10-11 22:07:14.92928+00
46285,1,GEM Arminariknot#GEM,68,1,883,883,917,false,2025-03-29 04:11:53+00,2025-10-11 22:07:14.92928+00,2025-10-11 22:07:14.92928+00
46286,1,GEM Arminariknot#GEM,8,1,856,856,944,false,2022-09-13 14:34:31+00,2025-10-11 22:07:14.92928+00,2025-10-11 22:07:14.92928+00
46287,1,GEM Arminariknot#GEM,54,1,798,798,1002,false,2025-03-29 02:48:41+00,2025-10-11 22:07:14.92928+00,2025-10-11 22:07:14.92928+00
46288,1,GEM Arminariknot#GEM,161,1,794,794,1006,false,2022-07-13 02:19:25+00,2025-10-11 22:07:14.92928+00,2025-10-11 22:07:14.92928+00
46289,1,GEM Arminariknot#GEM,84,1,789,789,1011,false,2022-09-13 20:07:44+00,2025-10-11 22:07:14.92928+00,2025-10-11 22:07:14.92928+00
46290,1,GEM Arminariknot#GEM,13,1,761,761,1039,false,2022-09-26 22:39:52+00,2025-10-11 22:07:14.92928+00,2025-10-11 22:07:14.92928+00
46291,1,GEM Arminariknot#GEM,498,1,750,750,1050,false,2022-09-13 20:56:41+00,2025-10-11 22:07:14.92928+00,2025-10-11 22:07:14.92928+00
46292,1,GEM Arminariknot#GEM,497,1,718,718,1082,false,2025-10-03 16:17:22+00,2025-10-11 22:07:14.92928+00,2025-10-11 22:07:14.92928+00
46293,1,GEM Arminariknot#GEM,201,1,697,697,1103,false,2022-09-20 00:56:00+00,2025-10-11 22:07:14.92928+00,2025-10-11 22:07:14.92928+00
46294,1,GEM Arminariknot#GEM,74,1,693,693,1107,false,2025-10-08 15:34:17+00,2025-10-11 22:07:14.92928+00,2025-10-11 22:07:14.92928+00
46295,1,GEM Arminariknot#GEM,64,1,682,682,1118,false,2025-03-29 01:20:08+00,2025-10-11 22:07:14.92928+00,2025-10-11 22:07:14.92928+00
46296,1,GEM Arminariknot#GEM,117,1,558,558,1242,false,2025-09-28 11:44:54+00,2025-10-11 22:07:14.92928+00,2025-10-11 22:07:14.92928+00
46297,1,GEM Arminariknot#GEM,83,1,557,557,1243,false,2022-09-13 20:27:10+00,2025-10-11 22:07:14.92928+00,2025-10-11 22:07:14.92928+00
46298,1,GEM Arminariknot#GEM,89,1,542,542,1258,false,2025-10-09 00:17:23+00,2025-10-11 22:07:14.92928+00,2025-10-11 22:07:14.92928+00
46299,1,GEM Arminariknot#GEM,53,1,541,541,1259,false,2025-10-08 17:31:44+00,2025-10-11 22:07:14.92928+00,2025-10-11 22:07:14.92928+00
46300,1,GEM Arminariknot#GEM,67,1,538,538,1262,false,2022-09-20 19:53:44+00,2025-10-11 22:07:14.92928+00,2025-10-11 22:07:14.92928+00
46301,1,GEM Arminariknot#GEM,31,1,536,536,1264,false,2022-09-11 23:32:48+00,2025-10-11 22:07:14.92928+00,2025-10-11 22:07:14.92928+00
46302,1,GEM Arminariknot#GEM,15,1,527,527,1273,false,2022-07-13 00:14:07+00,2025-10-11 22:07:14.92928+00,2025-10-11 22:07:14.92928+00
46303,1,GEM Arminariknot#GEM,238,1,459,459,1341,false,2022-07-10 01:21:22+00,2025-10-11 22:07:14.92928+00,2025-10-11 22:07:14.92928+00
46304,1,GEM Arminariknot#GEM,34,1,298,298,1502,false,2023-07-30 22:47:23+00,2025-10-11 22:07:14.92928+00,2025-10-11 22:07:14.92928+00
46305,1,GEM Arminariknot#GEM,114,1,287,287,1513,false,2022-10-03 20:51:06+00,2025-10-11 22:07:14.92928+00,2025-10-11 22:07:14.92928+00
46306,1,GEM Arminariknot#GEM,131,1,203,203,1597,false,2022-06-09 03:48:30+00,2025-10-11 22:07:14.92928+00,2025-10-11 22:07:14.92928+00
46307,1,GEM Arminariknot#GEM,711,1,201,201,1599,false,2022-06-23 01:59:08+00,2025-10-11 22:07:14.92928+00,2025-10-11 22:07:14.92928+00
46308,1,GEM Arminariknot#GEM,24,1,184,184,1616,false,2022-07-21 02:15:01+00,2025-10-11 22:07:14.92928+00,2025-10-11 22:07:14.92928+00
46309,1,GEM Arminariknot#GEM,26,1,178,178,1622,false,2022-06-18 22:33:35+00,2025-10-11 22:07:14.92928+00,2025-10-11 22:07:14.92928+00
46310,1,GEM Arminariknot#GEM,90,1,152,152,1648,false,2022-09-25 02:08:16+00,2025-10-11 22:07:14.92928+00,2025-10-11 22:07:14.92928+00
46311,1,GEM Arminariknot#GEM,11,1,151,151,1649,false,2022-07-03 03:06:37+00,2025-10-11 22:07:14.92928+00,2025-10-11 22:07:14.92928+00
46312,1,GEM Arminariknot#GEM,234,1,138,138,1662,false,2022-10-04 17:01:19+00,2025-10-11 22:07:14.92928+00,2025-10-11 22:07:14.92928+00
46313,1,GEM Arminariknot#GEM,154,1,114,114,1686,false,2022-06-26 02:43:56+00,2025-10-11 22:07:14.92928+00,2025-10-11 22:07:14.92928+00
46314,1,GEM Arminariknot#GEM,41,1,79,79,1721,false,2022-07-10 02:44:51+00,2025-10-11 22:07:14.92928+00,2025-10-11 22:07:14.92928+00
46315,16,GEM Regimbudlair#GEM,222,6,37465,5865,5135,false,2025-09-18 19:47:05+00,2025-10-11 22:07:16.483136+00,2025-10-11 22:07:16.483136+00
46316,16,GEM Regimbudlair#GEM,21,5,27498,5898,4102,false,2025-08-02 21:36:41+00,2025-10-11 22:07:16.483136+00,2025-10-11 22:07:16.483136+00
46317,16,GEM Regimbudlair#GEM,350,5,22204,604,9396,false,2025-08-02 22:18:41+00,2025-10-11 22:07:16.483136+00,2025-10-11 22:07:16.483136+00
46318,16,GEM Regimbudlair#GEM,96,4,16840,4240,4760,false,2025-08-05 22:44:23+00,2025-10-11 22:07:16.483136+00,2025-10-11 22:07:16.483136+00
46319,16,GEM Regimbudlair#GEM,76,4,14161,1561,7439,false,2025-03-28 01:35:46+00,2025-10-11 22:07:16.483136+00,2025-10-11 22:07:16.483136+00
46320,16,GEM Regimbudlair#GEM,902,3,9668,3668,2932,false,2025-08-07 02:16:23+00,2025-10-11 22:07:16.483136+00,2025-10-11 22:07:16.483136+00
46321,16,GEM Regimbudlair#GEM,360,3,9019,3019,3581,false,2025-03-23 03:03:34+00,2025-10-11 22:07:16.483136+00,2025-10-11 22:07:16.483136+00
46322,16,GEM Regimbudlair#GEM,105,3,7912,1912,4688,false,2023-10-13 14:26:55+00,2025-10-11 22:07:16.483136+00,2025-10-11 22:07:16.483136+00
46323,16,GEM Regimbudlair#GEM,54,3,7700,1700,4900,false,2025-03-28 20:56:56+00,2025-10-11 22:07:16.483136+00,2025-10-11 22:07:16.483136+00
46324,16,GEM Regimbudlair#GEM,58,3,6797,797,5803,false,2023-07-06 23:52:50+00,2025-10-11 22:07:16.483136+00,2025-10-11 22:07:16.483136+00
46325,16,GEM Regimbudlair#GEM,111,3,6507,507,6093,false,2025-08-06 17:17:06+00,2025-10-11 22:07:16.483136+00,2025-10-11 22:07:16.483136+00
46326,16,GEM Regimbudlair#GEM,67,3,6369,369,6231,false,2025-03-28 20:14:01+00,2025-10-11 22:07:16.483136+00,2025-10-11 22:07:16.483136+00
46327,16,GEM Regimbudlair#GEM,24,3,6342,342,6258,false,2025-03-27 00:16:30+00,2025-10-11 22:07:16.483136+00,2025-10-11 22:07:16.483136+00
46328,16,GEM Regimbudlair#GEM,50,3,6314,314,6286,false,2023-07-26 20:02:42+00,2025-10-11 22:07:16.483136+00,2025-10-11 22:07:16.483136+00
46329,16,GEM Regimbudlair#GEM,103,2,4617,2817,1383,false,2023-07-07 00:30:30+00,2025-10-11 22:07:16.483136+00,2025-10-11 22:07:16.483136+00
46330,16,GEM Regimbudlair#GEM,29,2,3319,1519,2681,false,2023-07-26 20:24:02+00,2025-10-11 22:07:16.483136+00,2025-10-11 22:07:16.483136+00
46331,16,GEM Regimbudlair#GEM,497,2,3300,1500,2700,false,2025-08-06 20:17:10+00,2025-10-11 22:07:16.483136+00,2025-10-11 22:07:16.483136+00
46332,16,GEM Regimbudlair#GEM,99,2,3148,1348,2852,false,2025-02-15 17:10:33+00,2025-10-11 22:07:16.483136+00,2025-10-11 22:07:16.483136+00
46333,16,GEM Regimbudlair#GEM,51,2,2726,926,3274,false,2025-03-24 02:45:41+00,2025-10-11 22:07:16.483136+00,2025-10-11 22:07:16.483136+00
46334,16,GEM Regimbudlair#GEM,1,2,2278,478,3722,false,2022-10-02 18:28:00+00,2025-10-11 22:07:16.483136+00,2025-10-11 22:07:16.483136+00
46335,16,GEM Regimbudlair#GEM,412,2,2206,406,3794,false,2023-07-15 19:00:13+00,2025-10-11 22:07:16.483136+00,2025-10-11 22:07:16.483136+00
46336,16,GEM Regimbudlair#GEM,518,2,2084,284,3916,false,2023-07-14 03:29:04+00,2025-10-11 22:07:16.483136+00,2025-10-11 22:07:16.483136+00
46337,16,GEM Regimbudlair#GEM,18,2,2079,279,3921,false,2022-09-19 02:16:21+00,2025-10-11 22:07:16.483136+00,2025-10-11 22:07:16.483136+00
46338,16,GEM Regimbudlair#GEM,15,2,2074,274,3926,false,2022-09-04 20:19:53+00,2025-10-11 22:07:16.483136+00,2025-10-11 22:07:16.483136+00
46339,16,GEM Regimbudlair#GEM,200,1,1706,1706,94,false,2023-07-14 17:06:30+00,2025-10-11 22:07:16.483136+00,2025-10-11 22:07:16.483136+00
46340,16,GEM Regimbudlair#GEM,254,1,1531,1531,269,false,2025-03-24 03:22:41+00,2025-10-11 22:07:16.483136+00,2025-10-11 22:07:16.483136+00
46341,16,GEM Regimbudlair#GEM,57,1,1450,1450,350,false,2023-07-16 02:50:28+00,2025-10-11 22:07:16.483136+00,2025-10-11 22:07:16.483136+00
46342,16,GEM Regimbudlair#GEM,238,1,1267,1267,533,false,2025-03-28 23:40:37+00,2025-10-11 22:07:16.483136+00,2025-10-11 22:07:16.483136+00
46343,16,GEM Regimbudlair#GEM,22,1,1261,1261,539,false,2025-03-22 01:01:54+00,2025-10-11 22:07:16.483136+00,2025-10-11 22:07:16.483136+00
46344,16,GEM Regimbudlair#GEM,6,1,1214,1214,586,false,2022-10-07 02:26:40+00,2025-10-11 22:07:16.483136+00,2025-10-11 22:07:16.483136+00
46345,16,GEM Regimbudlair#GEM,117,1,1134,1134,666,false,2022-07-19 19:59:11+00,2025-10-11 22:07:16.483136+00,2025-10-11 22:07:16.483136+00
46346,16,GEM Regimbudlair#GEM,92,1,1057,1057,743,false,2023-07-10 19:27:57+00,2025-10-11 22:07:16.483136+00,2025-10-11 22:07:16.483136+00
46347,16,GEM Regimbudlair#GEM,19,1,1024,1024,776,false,2023-07-09 23:40:27+00,2025-10-11 22:07:16.483136+00,2025-10-11 22:07:16.483136+00
46348,16,GEM Regimbudlair#GEM,245,1,974,974,826,false,2023-07-10 00:43:57+00,2025-10-11 22:07:16.483136+00,2025-10-11 22:07:16.483136+00
46349,16,GEM Regimbudlair#GEM,145,1,886,886,914,false,2023-07-06 00:03:56+00,2025-10-11 22:07:16.483136+00,2025-10-11 22:07:16.483136+00
46350,16,GEM Regimbudlair#GEM,897,1,845,845,955,false,2025-03-20 00:12:08+00,2025-10-11 22:07:16.483136+00,2025-10-11 22:07:16.483136+00
46351,16,GEM Regimbudlair#GEM,81,1,794,794,1006,false,2022-09-04 21:44:33+00,2025-10-11 22:07:16.483136+00,2025-10-11 22:07:16.483136+00
46352,16,GEM Regimbudlair#GEM,119,1,789,789,1011,false,2022-07-10 20:52:48+00,2025-10-11 22:07:16.483136+00,2025-10-11 22:07:16.483136+00
46353,16,GEM Regimbudlair#GEM,114,1,747,747,1053,false,2022-07-10 19:43:10+00,2025-10-11 22:07:16.483136+00,2025-10-11 22:07:16.483136+00
46354,16,GEM Regimbudlair#GEM,62,1,681,681,1119,false,2022-07-11 20:49:15+00,2025-10-11 22:07:16.483136+00,2025-10-11 22:07:16.483136+00
46355,16,GEM Regimbudlair#GEM,4,1,670,670,1130,false,2022-07-10 18:27:10+00,2025-10-11 22:07:16.483136+00,2025-10-11 22:07:16.483136+00
46356,16,GEM Regimbudlair#GEM,104,1,650,650,1150,false,2022-07-11 14:11:19+00,2025-10-11 22:07:16.483136+00,2025-10-11 22:07:16.483136+00
46357,16,GEM Regimbudlair#GEM,429,1,641,641,1159,false,2025-09-18 20:17:40+00,2025-10-11 22:07:16.483136+00,2025-10-11 22:07:16.483136+00
46358,16,GEM Regimbudlair#GEM,44,1,636,636,1164,false,2022-07-17 20:05:33+00,2025-10-11 22:07:16.483136+00,2025-10-11 22:07:16.483136+00
46359,16,GEM Regimbudlair#GEM,266,1,619,619,1181,false,2022-10-02 19:07:44+00,2025-10-11 22:07:16.483136+00,2025-10-11 22:07:16.483136+00
46360,16,GEM Regimbudlair#GEM,59,1,535,535,1265,false,2022-10-02 16:56:15+00,2025-10-11 22:07:16.483136+00,2025-10-11 22:07:16.483136+00
46361,16,GEM Regimbudlair#GEM,161,1,533,533,1267,false,2022-09-04 20:58:20+00,2025-10-11 22:07:16.483136+00,2025-10-11 22:07:16.483136+00
46362,16,GEM Regimbudlair#GEM,89,1,424,424,1376,false,2025-09-18 20:40:31+00,2025-10-11 22:07:16.483136+00,2025-10-11 22:07:16.483136+00
46363,16,GEM Regimbudlair#GEM,42,1,364,364,1436,false,2022-07-31 01:20:08+00,2025-10-11 22:07:16.483136+00,2025-10-11 22:07:16.483136+00
46364,16,GEM Regimbudlair#GEM,80,1,314,314,1486,false,2023-10-13 14:07:49+00,2025-10-11 22:07:16.483136+00,2025-10-11 22:07:16.483136+00
46365,16,GEM Regimbudlair#GEM,23,1,309,309,1491,false,2023-09-16 23:07:04+00,2025-10-11 22:07:16.483136+00,2025-10-11 22:07:16.483136+00
46366,16,GEM Regimbudlair#GEM,875,1,211,211,1589,false,2023-07-09 23:05:20+00,2025-10-11 22:07:16.483136+00,2025-10-11 22:07:16.483136+00
46367,16,GEM Regimbudlair#GEM,43,1,179,179,1621,false,2022-07-10 17:31:49+00,2025-10-11 22:07:16.483136+00,2025-10-11 22:07:16.483136+00
46368,16,GEM Regimbudlair#GEM,110,1,152,152,1648,false,2023-07-26 20:52:36+00,2025-10-11 22:07:16.483136+00,2025-10-11 22:07:16.483136+00
46369,16,GEM Regimbudlair#GEM,3,1,142,142,1658,false,2022-07-18 17:19:36+00,2025-10-11 22:07:16.483136+00,2025-10-11 22:07:16.483136+00
46370,16,GEM Regimbudlair#GEM,421,1,125,125,1675,false,2022-10-30 14:04:56+00,2025-10-11 22:07:16.483136+00,2025-10-11 22:07:16.483136+00
46371,16,GEM Regimbudlair#GEM,133,1,119,119,1681,false,2022-07-10 16:55:42+00,2025-10-11 22:07:16.483136+00,2025-10-11 22:07:16.483136+00
46372,16,GEM Regimbudlair#GEM,121,1,114,114,1686,false,2022-10-29 14:12:53+00,2025-10-11 22:07:16.483136+00,2025-10-11 22:07:16.483136+00
46373,16,GEM Regimbudlair#GEM,147,1,112,112,1688,false,2023-10-20 19:40:34+00,2025-10-11 22:07:16.483136+00,2025-10-11 22:07:16.483136+00
46374,16,GEM Regimbudlair#GEM,7,1,109,109,1691,false,2022-10-02 20:59:51+00,2025-10-11 22:07:16.483136+00,2025-10-11 22:07:16.483136+00
46375,16,GEM Regimbudlair#GEM,267,1,107,107,1693,false,2022-10-02 19:27:33+00,2025-10-11 22:07:16.483136+00,2025-10-11 22:07:16.483136+00
46376,16,GEM Regimbudlair#GEM,141,1,105,105,1695,false,2022-10-30 14:27:35+00,2025-10-11 22:07:16.483136+00,2025-10-11 22:07:16.483136+00
46377,16,GEM Regimbudlair#GEM,13,1,82,82,1718,false,2022-07-11 19:09:09+00,2025-10-11 22:07:16.483136+00,2025-10-11 22:07:16.483136+00
46378,25,GEM Lagrimelle#GEM,145,8,58184,4584,6416,false,2025-08-09 22:14:49+00,2025-10-11 22:07:18.03133+00,2025-10-11 22:07:18.03133+00
46379,25,GEM Lagrimelle#GEM,236,7,52841,10241,759,false,2025-08-10 05:53:33+00,2025-10-11 22:07:18.03133+00,2025-10-11 22:07:18.03133+00
46380,25,GEM Lagrimelle#GEM,22,5,25767,4167,5833,false,2025-10-10 18:42:25+00,2025-10-11 22:07:18.03133+00,2025-10-11 22:07:18.03133+00
46381,25,GEM Lagrimelle#GEM,350,5,25546,3946,6054,false,2023-12-13 02:25:41+00,2025-10-11 22:07:18.03133+00,2025-10-11 22:07:18.03133+00
46382,25,GEM Lagrimelle#GEM,111,5,25221,3621,6379,false,2025-08-05 22:44:23+00,2025-10-11 22:07:18.03133+00,2025-10-11 22:07:18.03133+00
46383,25,GEM Lagrimelle#GEM,29,5,24350,2750,7250,false,2025-02-21 01:32:33+00,2025-10-11 22:07:18.03133+00,2025-10-11 22:07:18.03133+00
46384,25,GEM Lagrimelle#GEM,120,4,17480,4880,4120,false,2023-09-13 14:05:41+00,2025-10-11 22:07:18.03133+00,2025-10-11 22:07:18.03133+00
46385,25,GEM Lagrimelle#GEM,20,4,16946,4346,4654,false,2023-09-15 23:45:58+00,2025-10-11 22:07:18.03133+00,2025-10-11 22:07:18.03133+00
46386,25,GEM Lagrimelle#GEM,67,4,16823,4223,4777,false,2025-08-10 05:01:16+00,2025-10-11 22:07:18.03133+00,2025-10-11 22:07:18.03133+00
46387,25,GEM Lagrimelle#GEM,21,4,16570,3970,5030,false,2025-03-20 07:50:20+00,2025-10-11 22:07:18.03133+00,2025-10-11 22:07:18.03133+00
46388,25,GEM Lagrimelle#GEM,81,4,16300,3700,5300,false,2025-10-05 21:58:02+00,2025-10-11 22:07:18.03133+00,2025-10-11 22:07:18.03133+00
46389,25,GEM Lagrimelle#GEM,516,4,13839,1239,7761,false,2023-07-27 21:13:17+00,2025-10-11 22:07:18.03133+00,2025-10-11 22:07:18.03133+00
46390,25,GEM Lagrimelle#GEM,83,3,12314,6314,286,false,2025-10-09 00:48:25+00,2025-10-11 22:07:18.03133+00,2025-10-11 22:07:18.03133+00
46391,25,GEM Lagrimelle#GEM,106,3,11252,5252,1348,false,2023-08-27 12:43:58+00,2025-10-11 22:07:18.03133+00,2025-10-11 22:07:18.03133+00
46392,25,GEM Lagrimelle#GEM,901,3,11131,5131,1469,false,2025-10-08 20:06:55+00,2025-10-11 22:07:18.03133+00,2025-10-11 22:07:18.03133+00
46393,25,GEM Lagrimelle#GEM,517,3,9991,3991,2609,false,2023-09-22 21:19:23+00,2025-10-11 22:07:18.03133+00,2025-10-11 22:07:18.03133+00
46394,25,GEM Lagrimelle#GEM,25,3,9069,3069,3531,false,2022-07-24 16:10:00+00,2025-10-11 22:07:18.03133+00,2025-10-11 22:07:18.03133+00
46395,25,GEM Lagrimelle#GEM,68,3,8966,2966,3634,false,2023-09-03 21:11:11+00,2025-10-11 22:07:18.03133+00,2025-10-11 22:07:18.03133+00
46396,25,GEM Lagrimelle#GEM,150,3,8062,2062,4538,false,2023-08-30 22:18:21+00,2025-10-11 22:07:18.03133+00,2025-10-11 22:07:18.03133+00
46397,25,GEM Lagrimelle#GEM,875,3,6828,828,5772,false,2023-10-28 18:10:05+00,2025-10-11 22:07:18.03133+00,2025-10-11 22:07:18.03133+00
46398,25,GEM Lagrimelle#GEM,78,3,6676,676,5924,false,2023-12-03 22:53:58+00,2025-10-11 22:07:18.03133+00,2025-10-11 22:07:18.03133+00
46399,25,GEM Lagrimelle#GEM,122,3,6432,432,6168,false,2023-10-26 22:05:23+00,2025-10-11 22:07:18.03133+00,2025-10-11 22:07:18.03133+00
46400,25,GEM Lagrimelle#GEM,133,3,6285,285,6315,false,2022-09-04 01:18:01+00,2025-10-11 22:07:18.03133+00,2025-10-11 22:07:18.03133+00
46401,25,GEM Lagrimelle#GEM,12,3,6072,72,6528,false,2025-08-05 21:51:32+00,2025-10-11 22:07:18.03133+00,2025-10-11 22:07:18.03133+00
46402,25,GEM Lagrimelle#GEM,1,2,5932,4132,68,false,2023-07-09 22:22:27+00,2025-10-11 22:07:18.03133+00,2025-10-11 22:07:18.03133+00
46403,25,GEM Lagrimelle#GEM,45,2,5638,3838,362,false,2025-10-10 22:24:24+00,2025-10-11 22:07:18.03133+00,2025-10-11 22:07:18.03133+00
46404,25,GEM Lagrimelle#GEM,80,2,5550,3750,450,false,2025-03-16 04:05:19+00,2025-10-11 22:07:18.03133+00,2025-10-11 22:07:18.03133+00
46405,25,GEM Lagrimelle#GEM,234,2,4309,2509,1691,false,2023-08-06 15:51:18+00,2025-10-11 22:07:18.03133+00,2025-10-11 22:07:18.03133+00
46406,25,GEM Lagrimelle#GEM,72,2,4296,2496,1704,false,2023-09-01 22:17:50+00,2025-10-11 22:07:18.03133+00,2025-10-11 22:07:18.03133+00
46407,25,GEM Lagrimelle#GEM,19,2,4172,2372,1828,false,2025-10-09 01:40:02+00,2025-10-11 22:07:18.03133+00,2025-10-11 22:07:18.03133+00
46408,25,GEM Lagrimelle#GEM,86,2,3746,1946,2254,false,2021-03-01 00:22:01+00,2025-10-11 22:07:18.03133+00,2025-10-11 22:07:18.03133+00
46409,25,GEM Lagrimelle#GEM,15,2,3466,1666,2534,false,2023-12-19 19:19:59+00,2025-10-11 22:07:18.03133+00,2025-10-11 22:07:18.03133+00
46410,25,GEM Lagrimelle#GEM,30,2,3447,1647,2553,false,2023-09-02 13:08:17+00,2025-10-11 22:07:18.03133+00,2025-10-11 22:07:18.03133+00
46411,25,GEM Lagrimelle#GEM,51,2,3356,1556,2644,false,2025-03-20 08:27:54+00,2025-10-11 22:07:18.03133+00,2025-10-11 22:07:18.03133+00
46412,25,GEM Lagrimelle#GEM,266,2,3219,1419,2781,false,2023-07-25 15:20:18+00,2025-10-11 22:07:18.03133+00,2025-10-11 22:07:18.03133+00
46413,25,GEM Lagrimelle#GEM,98,2,3184,1384,2816,false,2022-07-17 01:42:25+00,2025-10-11 22:07:18.03133+00,2025-10-11 22:07:18.03133+00
46414,25,GEM Lagrimelle#GEM,90,2,3083,1283,2917,false,2022-09-25 00:49:19+00,2025-10-11 22:07:18.03133+00,2025-10-11 22:07:18.03133+00
46415,25,GEM Lagrimelle#GEM,804,2,2913,1113,3087,false,2025-08-09 21:33:24+00,2025-10-11 22:07:18.03133+00,2025-10-11 22:07:18.03133+00
46416,25,GEM Lagrimelle#GEM,32,2,2699,899,3301,false,2023-07-09 03:24:48+00,2025-10-11 22:07:18.03133+00,2025-10-11 22:07:18.03133+00
46417,25,GEM Lagrimelle#GEM,429,2,2685,885,3315,false,2025-10-10 17:12:08+00,2025-10-11 22:07:18.03133+00,2025-10-11 22:07:18.03133+00
46418,25,GEM Lagrimelle#GEM,412,2,2519,719,3481,false,2025-08-05 21:25:33+00,2025-10-11 22:07:18.03133+00,2025-10-11 22:07:18.03133+00
46419,25,GEM Lagrimelle#GEM,7,2,2470,670,3530,false,2023-07-06 19:08:09+00,2025-10-11 22:07:18.03133+00,2025-10-11 22:07:18.03133+00
46420,25,GEM Lagrimelle#GEM,107,2,2364,564,3636,false,2023-09-14 17:51:01+00,2025-10-11 22:07:18.03133+00,2025-10-11 22:07:18.03133+00
46421,25,GEM Lagrimelle#GEM,82,2,2123,323,3877,false,2023-09-16 18:40:24+00,2025-10-11 22:07:18.03133+00,2025-10-11 22:07:18.03133+00
46422,25,GEM Lagrimelle#GEM,54,2,1874,74,4126,false,2023-09-08 18:01:46+00,2025-10-11 22:07:18.03133+00,2025-10-11 22:07:18.03133+00
46423,25,GEM Lagrimelle#GEM,141,2,1867,67,4133,false,2023-10-29 18:36:02+00,2025-10-11 22:07:18.03133+00,2025-10-11 22:07:18.03133+00
46424,25,GEM Lagrimelle#GEM,14,2,1859,59,4141,false,2023-10-12 17:07:11+00,2025-10-11 22:07:18.03133+00,2025-10-11 22:07:18.03133+00
46425,25,GEM Lagrimelle#GEM,64,2,1851,51,4149,false,2023-09-16 16:33:33+00,2025-10-11 22:07:18.03133+00,2025-10-11 22:07:18.03133+00
46426,25,GEM Lagrimelle#GEM,39,2,1824,24,4176,false,2023-09-05 15:27:28+00,2025-10-11 22:07:18.03133+00,2025-10-11 22:07:18.03133+00
46427,25,GEM Lagrimelle#GEM,10,2,1805,5,4195,false,2022-07-07 23:26:21+00,2025-10-11 22:07:18.03133+00,2025-10-11 22:07:18.03133+00
46428,25,GEM Lagrimelle#GEM,235,1,1770,1770,30,false,2022-09-29 17:41:05+00,2025-10-11 22:07:18.03133+00,2025-10-11 22:07:18.03133+00
46429,25,GEM Lagrimelle#GEM,154,1,1762,1762,38,false,2023-08-06 22:23:31+00,2025-10-11 22:07:18.03133+00,2025-10-11 22:07:18.03133+00
46430,25,GEM Lagrimelle#GEM,555,1,1695,1695,105,false,2025-08-05 19:39:09+00,2025-10-11 22:07:18.03133+00,2025-10-11 22:07:18.03133+00
46431,25,GEM Lagrimelle#GEM,96,1,1653,1653,147,false,2025-08-06 03:23:27+00,2025-10-11 22:07:18.03133+00,2025-10-11 22:07:18.03133+00
46432,25,GEM Lagrimelle#GEM,222,1,1607,1607,193,false,2022-09-03 22:56:04+00,2025-10-11 22:07:18.03133+00,2025-10-11 22:07:18.03133+00
46433,25,GEM Lagrimelle#GEM,84,1,1593,1593,207,false,2023-09-07 16:48:46+00,2025-10-11 22:07:18.03133+00,2025-10-11 22:07:18.03133+00
46434,25,GEM Lagrimelle#GEM,18,1,1448,1448,352,false,2023-07-13 18:18:30+00,2025-10-11 22:07:18.03133+00,2025-10-11 22:07:18.03133+00
46435,25,GEM Lagrimelle#GEM,17,1,1420,1420,380,false,2022-05-13 00:34:18+00,2025-10-11 22:07:18.03133+00,2025-10-11 22:07:18.03133+00
46436,25,GEM Lagrimelle#GEM,110,1,1411,1411,389,false,2025-10-07 20:14:19+00,2025-10-11 22:07:18.03133+00,2025-10-11 22:07:18.03133+00
46437,25,GEM Lagrimelle#GEM,36,1,1378,1378,422,false,2023-07-23 00:01:33+00,2025-10-11 22:07:18.03133+00,2025-10-11 22:07:18.03133+00
46438,25,GEM Lagrimelle#GEM,99,1,1343,1343,457,false,2023-12-03 16:13:43+00,2025-10-11 22:07:18.03133+00,2025-10-11 22:07:18.03133+00
46439,25,GEM Lagrimelle#GEM,23,1,1268,1268,532,false,2022-09-23 16:30:12+00,2025-10-11 22:07:18.03133+00,2025-10-11 22:07:18.03133+00
46440,25,GEM Lagrimelle#GEM,126,1,1205,1205,595,false,2023-09-19 20:15:15+00,2025-10-11 22:07:18.03133+00,2025-10-11 22:07:18.03133+00
46441,25,GEM Lagrimelle#GEM,9,1,1136,1136,664,false,2023-09-06 15:35:19+00,2025-10-11 22:07:18.03133+00,2025-10-11 22:07:18.03133+00
46442,25,GEM Lagrimelle#GEM,92,1,1057,1057,743,false,2023-08-03 21:17:19+00,2025-10-11 22:07:18.03133+00,2025-10-11 22:07:18.03133+00
46443,25,GEM Lagrimelle#GEM,161,1,1038,1038,762,false,2022-11-23 13:32:32+00,2025-10-11 22:07:18.03133+00,2025-10-11 22:07:18.03133+00
46444,25,GEM Lagrimelle#GEM,238,1,1033,1033,767,false,2023-11-29 15:46:09+00,2025-10-11 22:07:18.03133+00,2025-10-11 22:07:18.03133+00
46445,25,GEM Lagrimelle#GEM,62,1,1032,1032,768,false,2023-07-30 21:25:21+00,2025-10-11 22:07:18.03133+00,2025-10-11 22:07:18.03133+00
46446,25,GEM Lagrimelle#GEM,105,1,1006,1006,794,false,2023-07-27 21:41:12+00,2025-10-11 22:07:18.03133+00,2025-10-11 22:07:18.03133+00
46447,25,GEM Lagrimelle#GEM,16,1,1003,1003,797,false,2020-10-27 02:12:01+00,2025-10-11 22:07:18.03133+00,2025-10-11 22:07:18.03133+00
46448,25,GEM Lagrimelle#GEM,131,1,993,993,807,false,2025-03-16 02:40:51+00,2025-10-11 22:07:18.03133+00,2025-10-11 22:07:18.03133+00
46449,25,GEM Lagrimelle#GEM,24,1,985,985,815,false,2025-03-16 03:24:45+00,2025-10-11 22:07:18.03133+00,2025-10-11 22:07:18.03133+00
46450,25,GEM Lagrimelle#GEM,85,1,973,973,827,false,2023-09-06 12:16:45+00,2025-10-11 22:07:18.03133+00,2025-10-11 22:07:18.03133+00
46451,25,GEM Lagrimelle#GEM,897,1,966,966,834,false,2023-07-28 23:16:33+00,2025-10-11 22:07:18.03133+00,2025-10-11 22:07:18.03133+00
46452,25,GEM Lagrimelle#GEM,58,1,959,959,841,false,2023-11-29 17:08:14+00,2025-10-11 22:07:18.03133+00,2025-10-11 22:07:18.03133+00
46453,25,GEM Lagrimelle#GEM,777,1,952,952,848,false,2023-10-26 13:54:58+00,2025-10-11 22:07:18.03133+00,2025-10-11 22:07:18.03133+00
46454,25,GEM Lagrimelle#GEM,41,1,868,868,932,false,2023-09-02 22:41:09+00,2025-10-11 22:07:18.03133+00,2025-10-11 22:07:18.03133+00
46455,25,GEM Lagrimelle#GEM,223,1,868,868,932,false,2022-10-19 10:32:56+00,2025-10-11 22:07:18.03133+00,2025-10-11 22:07:18.03133+00
46456,25,GEM Lagrimelle#GEM,8,1,849,849,951,false,2023-07-27 22:02:46+00,2025-10-11 22:07:18.03133+00,2025-10-11 22:07:18.03133+00
46457,25,GEM Lagrimelle#GEM,61,1,763,763,1037,false,2021-01-16 16:02:24+00,2025-10-11 22:07:18.03133+00,2025-10-11 22:07:18.03133+00
46458,25,GEM Lagrimelle#GEM,34,1,754,754,1046,false,2023-08-06 15:07:54+00,2025-10-11 22:07:18.03133+00,2025-10-11 22:07:18.03133+00
46459,25,GEM Lagrimelle#GEM,103,1,724,724,1076,false,2022-07-07 23:46:06+00,2025-10-11 22:07:18.03133+00,2025-10-11 22:07:18.03133+00
46460,25,GEM Lagrimelle#GEM,421,1,722,722,1078,false,2023-07-26 17:30:42+00,2025-10-11 22:07:18.03133+00,2025-10-11 22:07:18.03133+00
46461,25,GEM Lagrimelle#GEM,2,1,708,708,1092,false,2020-03-20 19:42:41+00,2025-10-11 22:07:18.03133+00,2025-10-11 22:07:18.03133+00
46462,25,GEM Lagrimelle#GEM,136,1,686,686,1114,false,2023-07-26 15:20:06+00,2025-10-11 22:07:18.03133+00,2025-10-11 22:07:18.03133+00
46463,25,GEM Lagrimelle#GEM,114,1,683,683,1117,false,2023-08-14 01:42:04+00,2025-10-11 22:07:18.03133+00,2025-10-11 22:07:18.03133+00
46464,25,GEM Lagrimelle#GEM,166,1,681,681,1119,false,2023-08-05 16:46:37+00,2025-10-11 22:07:18.03133+00,2025-10-11 22:07:18.03133+00
46465,25,GEM Lagrimelle#GEM,59,1,677,677,1123,false,2023-08-04 18:29:48+00,2025-10-11 22:07:18.03133+00,2025-10-11 22:07:18.03133+00
46466,25,GEM Lagrimelle#GEM,50,1,603,603,1197,false,2023-07-12 14:46:10+00,2025-10-11 22:07:18.03133+00,2025-10-11 22:07:18.03133+00
46467,25,GEM Lagrimelle#GEM,102,1,600,600,1200,false,2023-07-12 14:26:14+00,2025-10-11 22:07:18.03133+00,2025-10-11 22:07:18.03133+00
46468,25,GEM Lagrimelle#GEM,157,1,561,561,1239,false,2023-11-16 11:13:02+00,2025-10-11 22:07:18.03133+00,2025-10-11 22:07:18.03133+00
46469,25,GEM Lagrimelle#GEM,121,1,536,536,1264,false,2023-08-05 20:21:26+00,2025-10-11 22:07:18.03133+00,2025-10-11 22:07:18.03133+00
46470,25,GEM Lagrimelle#GEM,245,1,470,470,1330,false,2023-09-16 18:53:56+00,2025-10-11 22:07:18.03133+00,2025-10-11 22:07:18.03133+00
46471,25,GEM Lagrimelle#GEM,33,1,371,371,1429,false,2023-08-01 20:51:30+00,2025-10-11 22:07:18.03133+00,2025-10-11 22:07:18.03133+00
46472,25,GEM Lagrimelle#GEM,35,1,288,288,1512,false,2023-08-25 20:19:04+00,2025-10-11 22:07:18.03133+00,2025-10-11 22:07:18.03133+00
46473,25,GEM Lagrimelle#GEM,76,1,242,242,1558,false,2023-09-02 21:24:49+00,2025-10-11 22:07:18.03133+00,2025-10-11 22:07:18.03133+00
46474,25,GEM Lagrimelle#GEM,201,1,209,209,1591,false,2022-07-07 22:53:42+00,2025-10-11 22:07:18.03133+00,2025-10-11 22:07:18.03133+00
46475,25,GEM Lagrimelle#GEM,43,1,187,187,1613,false,2021-02-05 20:13:52+00,2025-10-11 22:07:18.03133+00,2025-10-11 22:07:18.03133+00
46476,25,GEM Lagrimelle#GEM,113,1,181,181,1619,false,2022-11-18 14:17:11+00,2025-10-11 22:07:18.03133+00,2025-10-11 22:07:18.03133+00
46477,25,GEM Lagrimelle#GEM,163,1,174,174,1626,false,2023-07-30 14:36:28+00,2025-10-11 22:07:18.03133+00,2025-10-11 22:07:18.03133+00
46478,25,GEM Lagrimelle#GEM,3,1,156,156,1644,false,2022-11-24 11:52:51+00,2025-10-11 22:07:18.03133+00,2025-10-11 22:07:18.03133+00
46479,25,GEM Lagrimelle#GEM,38,1,153,153,1647,false,2023-09-09 17:24:49+00,2025-10-11 22:07:18.03133+00,2025-10-11 22:07:18.03133+00
46480,25,GEM Lagrimelle#GEM,91,1,136,136,1664,false,2022-11-02 18:04:24+00,2025-10-11 22:07:18.03133+00,2025-10-11 22:07:18.03133+00
46481,25,GEM Lagrimelle#GEM,202,1,130,130,1670,false,2023-09-13 11:59:54+00,2025-10-11 22:07:18.03133+00,2025-10-11 22:07:18.03133+00
46482,25,GEM Lagrimelle#GEM,11,1,127,127,1673,false,2020-03-20 23:15:31+00,2025-10-11 22:07:18.03133+00,2025-10-11 22:07:18.03133+00
46483,25,GEM Lagrimelle#GEM,63,1,127,127,1673,false,2020-03-20 21:16:40+00,2025-10-11 22:07:18.03133+00,2025-10-11 22:07:18.03133+00
46484,25,GEM Lagrimelle#GEM,200,1,126,126,1674,false,2023-08-12 17:22:27+00,2025-10-11 22:07:18.03133+00,2025-10-11 22:07:18.03133+00
46485,25,GEM Lagrimelle#GEM,57,1,120,120,1680,false,2022-11-24 12:15:13+00,2025-10-11 22:07:18.03133+00,2025-10-11 22:07:18.03133+00
46486,25,GEM Lagrimelle#GEM,104,1,112,112,1688,false,2023-07-27 17:48:39+00,2025-10-11 22:07:18.03133+00,2025-10-11 22:07:18.03133+00
46487,25,GEM Lagrimelle#GEM,887,1,107,107,1693,false,2023-07-22 14:45:00+00,2025-10-11 22:07:18.03133+00,2025-10-11 22:07:18.03133+00
46488,25,GEM Lagrimelle#GEM,60,1,107,107,1693,false,2023-08-09 18:52:37+00,2025-10-11 22:07:18.03133+00,2025-10-11 22:07:18.03133+00
46489,25,GEM Lagrimelle#GEM,518,1,101,101,1699,false,2020-03-15 02:05:59+00,2025-10-11 22:07:18.03133+00,2025-10-11 22:07:18.03133+00
46490,25,GEM Lagrimelle#GEM,498,1,98,98,1702,false,2022-10-01 02:08:48+00,2025-10-11 22:07:18.03133+00,2025-10-11 22:07:18.03133+00
46491,25,GEM Lagrimelle#GEM,79,1,95,95,1705,false,2023-08-12 16:56:09+00,2025-10-11 22:07:18.03133+00,2025-10-11 22:07:18.03133+00
46492,25,GEM Lagrimelle#GEM,75,1,89,89,1711,false,2023-07-27 17:25:38+00,2025-10-11 22:07:18.03133+00,2025-10-11 22:07:18.03133+00
46493,25,GEM Lagrimelle#GEM,89,1,82,82,1718,false,2022-07-07 00:13:24+00,2025-10-11 22:07:18.03133+00,2025-10-11 22:07:18.03133+00
46494,36,GEM Vespianelian#GEM,23,6,38011,6411,4589,false,2025-08-05 18:02:32+00,2025-10-11 22:07:34.921045+00,2025-10-11 22:07:34.921045+00
46495,36,GEM Vespianelian#GEM,89,6,35135,3535,7465,false,2022-08-22 04:56:42+00,2025-10-11 22:07:34.921045+00,2025-10-11 22:07:34.921045+00
46496,36,GEM Vespianelian#GEM,99,6,34967,3367,7633,false,2025-04-12 00:44:11+00,2025-10-11 22:07:34.921045+00,2025-10-11 22:07:34.921045+00
46497,36,GEM Vespianelian#GEM,350,5,30719,9119,881,false,2023-07-13 22:14:09+00,2025-10-11 22:07:34.921045+00,2025-10-11 22:07:34.921045+00
46498,36,GEM Vespianelian#GEM,202,5,29291,7691,2309,false,2022-10-02 03:38:55+00,2025-10-11 22:07:34.921045+00,2025-10-11 22:07:34.921045+00
46499,36,GEM Vespianelian#GEM,29,5,28456,6856,3144,false,2025-02-19 17:58:25+00,2025-10-11 22:07:34.921045+00,2025-10-11 22:07:34.921045+00
46500,36,GEM Vespianelian#GEM,4,5,27445,5845,4155,false,2025-04-14 00:12:14+00,2025-10-11 22:07:34.921045+00,2025-10-11 22:07:34.921045+00
46501,36,GEM Vespianelian#GEM,245,5,25784,4184,5816,false,2022-07-11 23:29:02+00,2025-10-11 22:07:34.921045+00,2025-10-11 22:07:34.921045+00
46502,36,GEM Vespianelian#GEM,107,4,20803,8203,797,false,2023-12-16 03:13:45+00,2025-10-11 22:07:34.921045+00,2025-10-11 22:07:34.921045+00
46503,36,GEM Vespianelian#GEM,51,4,12901,301,8699,false,2025-04-12 03:46:01+00,2025-10-11 22:07:34.921045+00,2025-10-11 22:07:34.921045+00
46504,36,GEM Vespianelian#GEM,20,4,12709,109,8891,false,2025-10-09 00:48:25+00,2025-10-11 22:07:34.921045+00,2025-10-11 22:07:34.921045+00
46505,36,GEM Vespianelian#GEM,517,3,10176,4176,2424,false,2023-08-06 17:19:02+00,2025-10-11 22:07:34.921045+00,2025-10-11 22:07:34.921045+00
46506,36,GEM Vespianelian#GEM,64,3,7983,1983,4617,false,2022-11-14 22:26:17+00,2025-10-11 22:07:34.921045+00,2025-10-11 22:07:34.921045+00
46507,36,GEM Vespianelian#GEM,26,3,7737,1737,4863,false,2022-09-23 22:20:52+00,2025-10-11 22:07:34.921045+00,2025-10-11 22:07:34.921045+00
46508,36,GEM Vespianelian#GEM,101,3,6900,900,5700,false,2021-02-08 01:25:34+00,2025-10-11 22:07:34.921045+00,2025-10-11 22:07:34.921045+00
46509,36,GEM Vespianelian#GEM,67,3,6389,389,6211,false,2022-10-03 20:25:13+00,2025-10-11 22:07:34.921045+00,2025-10-11 22:07:34.921045+00
46510,36,GEM Vespianelian#GEM,74,3,6297,297,6303,false,2022-11-15 02:04:38+00,2025-10-11 22:07:34.921045+00,2025-10-11 22:07:34.921045+00
46511,36,GEM Vespianelian#GEM,79,3,6113,113,6487,false,2022-09-15 23:31:39+00,2025-10-11 22:07:34.921045+00,2025-10-11 22:07:34.921045+00
46512,36,GEM Vespianelian#GEM,236,2,5630,3830,370,false,2023-07-14 23:55:38+00,2025-10-11 22:07:34.921045+00,2025-10-11 22:07:34.921045+00
46513,36,GEM Vespianelian#GEM,223,2,5589,3789,411,false,2025-02-13 04:46:51+00,2025-10-11 22:07:34.921045+00,2025-10-11 22:07:34.921045+00
46514,36,GEM Vespianelian#GEM,62,2,5404,3604,596,false,2022-05-25 02:56:58+00,2025-10-11 22:07:34.921045+00,2025-10-11 22:07:34.921045+00
46515,36,GEM Vespianelian#GEM,526,2,4675,2875,1325,false,2025-10-10 18:42:25+00,2025-10-11 22:07:34.921045+00,2025-10-11 22:07:34.921045+00
46516,36,GEM Vespianelian#GEM,54,2,4498,2698,1502,false,2022-06-05 05:02:33+00,2025-10-11 22:07:34.921045+00,2025-10-11 22:07:34.921045+00
46517,36,GEM Vespianelian#GEM,412,2,4147,2347,1853,false,2022-08-22 04:26:38+00,2025-10-11 22:07:34.921045+00,2025-10-11 22:07:34.921045+00
46518,36,GEM Vespianelian#GEM,115,2,4071,2271,1929,false,2022-09-09 22:43:04+00,2025-10-11 22:07:34.921045+00,2025-10-11 22:07:34.921045+00
46519,36,GEM Vespianelian#GEM,35,2,3839,2039,2161,false,2022-10-08 00:39:17+00,2025-10-11 22:07:34.921045+00,2025-10-11 22:07:34.921045+00
46520,36,GEM Vespianelian#GEM,36,2,3664,1864,2336,false,2021-02-09 01:37:35+00,2025-10-11 22:07:34.921045+00,2025-10-11 22:07:34.921045+00
46521,36,GEM Vespianelian#GEM,68,2,3604,1804,2396,false,2025-02-12 16:32:35+00,2025-10-11 22:07:34.921045+00,2025-10-11 22:07:34.921045+00
46522,36,GEM Vespianelian#GEM,13,2,3596,1796,2404,false,2021-02-24 02:50:19+00,2025-10-11 22:07:34.921045+00,2025-10-11 22:07:34.921045+00
46523,36,GEM Vespianelian#GEM,234,2,3466,1666,2534,false,2022-07-12 02:59:37+00,2025-10-11 22:07:34.921045+00,2025-10-11 22:07:34.921045+00
46524,36,GEM Vespianelian#GEM,90,2,3408,1608,2592,false,2025-04-12 02:18:40+00,2025-10-11 22:07:34.921045+00,2025-10-11 22:07:34.921045+00
46525,36,GEM Vespianelian#GEM,3,2,3078,1278,2922,false,2025-03-16 02:40:51+00,2025-10-11 22:07:34.921045+00,2025-10-11 22:07:34.921045+00
46526,36,GEM Vespianelian#GEM,39,2,2988,1188,3012,false,2025-04-13 23:30:26+00,2025-10-11 22:07:34.921045+00,2025-10-11 22:07:34.921045+00
46527,36,GEM Vespianelian#GEM,360,2,2828,1028,3172,false,2025-04-03 00:22:39+00,2025-10-11 22:07:34.921045+00,2025-10-11 22:07:34.921045+00
46528,36,GEM Vespianelian#GEM,9,2,2790,990,3210,false,2025-04-11 20:43:13+00,2025-10-11 22:07:34.921045+00,2025-10-11 22:07:34.921045+00
46529,36,GEM Vespianelian#GEM,21,2,2536,736,3464,false,2025-02-19 16:46:48+00,2025-10-11 22:07:34.921045+00,2025-10-11 22:07:34.921045+00
46530,36,GEM Vespianelian#GEM,84,2,2515,715,3485,false,2025-04-12 02:54:42+00,2025-10-11 22:07:34.921045+00,2025-10-11 22:07:34.921045+00
46531,36,GEM Vespianelian#GEM,238,2,2436,636,3564,false,2025-03-20 15:57:53+00,2025-10-11 22:07:34.921045+00,2025-10-11 22:07:34.921045+00
46532,36,GEM Vespianelian#GEM,7,1,2248,2248,-448,false,2025-04-11 23:59:21+00,2025-10-11 22:07:34.921045+00,2025-10-11 22:07:34.921045+00
46533,36,GEM Vespianelian#GEM,40,2,2208,408,3792,false,2022-09-10 02:25:41+00,2025-10-11 22:07:34.921045+00,2025-10-11 22:07:34.921045+00
46534,36,GEM Vespianelian#GEM,81,2,2150,350,3850,false,2022-07-09 21:15:37+00,2025-10-11 22:07:34.921045+00,2025-10-11 22:07:34.921045+00
46535,36,GEM Vespianelian#GEM,131,1,2062,2062,-262,false,2025-10-09 01:40:02+00,2025-10-11 22:07:34.921045+00,2025-10-11 22:07:34.921045+00
46536,36,GEM Vespianelian#GEM,45,2,1942,142,4058,false,2022-06-07 00:11:09+00,2025-10-11 22:07:34.921045+00,2025-10-11 22:07:34.921045+00
46537,36,GEM Vespianelian#GEM,27,2,1858,58,4142,false,2021-01-30 13:20:46+00,2025-10-11 22:07:34.921045+00,2025-10-11 22:07:34.921045+00
46538,36,GEM Vespianelian#GEM,57,1,1751,1751,49,false,2022-09-24 00:04:55+00,2025-10-11 22:07:34.921045+00,2025-10-11 22:07:34.921045+00
46539,36,GEM Vespianelian#GEM,161,1,1445,1445,355,false,2023-07-12 20:29:04+00,2025-10-11 22:07:34.921045+00,2025-10-11 22:07:34.921045+00
46540,36,GEM Vespianelian#GEM,61,1,1379,1379,421,false,2025-04-13 19:32:46+00,2025-10-11 22:07:34.921045+00,2025-10-11 22:07:34.921045+00
46541,36,GEM Vespianelian#GEM,41,1,1369,1369,431,false,2022-07-12 02:39:20+00,2025-10-11 22:07:34.921045+00,2025-10-11 22:07:34.921045+00
46542,36,GEM Vespianelian#GEM,92,1,1366,1366,434,false,2022-07-12 04:43:36+00,2025-10-11 22:07:34.921045+00,2025-10-11 22:07:34.921045+00
46543,36,GEM Vespianelian#GEM,104,1,1249,1249,551,false,2023-08-14 14:42:05+00,2025-10-11 22:07:34.921045+00,2025-10-11 22:07:34.921045+00
46544,36,GEM Vespianelian#GEM,38,1,1247,1247,553,false,2025-04-11 02:36:24+00,2025-10-11 22:07:34.921045+00,2025-10-11 22:07:34.921045+00
46545,36,GEM Vespianelian#GEM,72,1,1147,1147,653,false,2022-11-14 23:37:53+00,2025-10-11 22:07:34.921045+00,2025-10-11 22:07:34.921045+00
46546,36,GEM Vespianelian#GEM,24,1,1004,1004,796,false,2022-09-23 22:53:21+00,2025-10-11 22:07:34.921045+00,2025-10-11 22:07:34.921045+00
46547,36,GEM Vespianelian#GEM,78,1,985,985,815,false,2025-04-01 19:28:36+00,2025-10-11 22:07:34.921045+00,2025-10-11 22:07:34.921045+00
46548,36,GEM Vespianelian#GEM,154,1,840,840,960,false,2025-03-16 03:24:45+00,2025-10-11 22:07:34.921045+00,2025-10-11 22:07:34.921045+00
46549,36,GEM Vespianelian#GEM,103,1,799,799,1001,false,2022-07-11 18:51:21+00,2025-10-11 22:07:34.921045+00,2025-10-11 22:07:34.921045+00
46550,36,GEM Vespianelian#GEM,63,1,790,790,1010,false,2025-03-16 04:05:19+00,2025-10-11 22:07:34.921045+00,2025-10-11 22:07:34.921045+00
46551,36,GEM Vespianelian#GEM,427,1,776,776,1024,false,2025-02-12 15:38:12+00,2025-10-11 22:07:34.921045+00,2025-10-11 22:07:34.921045+00
46552,36,GEM Vespianelian#GEM,22,1,719,719,1081,false,2025-04-02 20:25:07+00,2025-10-11 22:07:34.921045+00,2025-10-11 22:07:34.921045+00
46553,36,GEM Vespianelian#GEM,117,1,666,666,1134,false,2022-05-18 00:56:36+00,2025-10-11 22:07:34.921045+00,2025-10-11 22:07:34.921045+00
46554,36,GEM Vespianelian#GEM,96,1,637,637,1163,false,2023-07-12 20:07:34+00,2025-10-11 22:07:34.921045+00,2025-10-11 22:07:34.921045+00
46555,36,GEM Vespianelian#GEM,111,1,586,586,1214,false,2022-07-11 18:18:09+00,2025-10-11 22:07:34.921045+00,2025-10-11 22:07:34.921045+00
46556,36,GEM Vespianelian#GEM,25,1,581,581,1219,false,2022-05-26 00:25:54+00,2025-10-11 22:07:34.921045+00,2025-10-11 22:07:34.921045+00
46557,36,GEM Vespianelian#GEM,105,1,577,577,1223,false,2020-03-31 16:46:44+00,2025-10-11 22:07:34.921045+00,2025-10-11 22:07:34.921045+00
46558,36,GEM Vespianelian#GEM,518,1,556,556,1244,false,2020-03-31 19:02:36+00,2025-10-11 22:07:34.921045+00,2025-10-11 22:07:34.921045+00
46559,36,GEM Vespianelian#GEM,15,1,541,541,1259,false,2022-09-09 23:05:44+00,2025-10-11 22:07:34.921045+00,2025-10-11 22:07:34.921045+00
46560,36,GEM Vespianelian#GEM,98,1,262,262,1538,false,2021-02-09 00:06:48+00,2025-10-11 22:07:34.921045+00,2025-10-11 22:07:34.921045+00
46561,36,GEM Vespianelian#GEM,32,1,234,234,1566,false,2023-08-06 16:19:05+00,2025-10-11 22:07:34.921045+00,2025-10-11 22:07:34.921045+00
46562,36,GEM Vespianelian#GEM,1,1,188,188,1612,false,2022-11-15 01:26:39+00,2025-10-11 22:07:34.921045+00,2025-10-11 22:07:34.921045+00
46563,36,GEM Vespianelian#GEM,121,1,164,164,1636,false,2022-07-12 02:21:19+00,2025-10-11 22:07:34.921045+00,2025-10-11 22:07:34.921045+00
46564,36,GEM Vespianelian#GEM,142,1,161,161,1639,false,2020-10-08 23:27:45+00,2025-10-11 22:07:34.921045+00,2025-10-11 22:07:34.921045+00
46565,36,GEM Vespianelian#GEM,11,1,145,145,1655,false,2022-08-18 21:30:32+00,2025-10-11 22:07:34.921045+00,2025-10-11 22:07:34.921045+00
46566,36,GEM Vespianelian#GEM,222,1,134,134,1666,false,2022-08-23 23:29:58+00,2025-10-11 22:07:34.921045+00,2025-10-11 22:07:34.921045+00
46567,36,GEM Vespianelian#GEM,254,1,123,123,1677,false,2022-09-05 00:52:40+00,2025-10-11 22:07:34.921045+00,2025-10-11 22:07:34.921045+00
46568,36,GEM Vespianelian#GEM,122,1,110,110,1690,false,2022-07-11 17:54:06+00,2025-10-11 22:07:34.921045+00,2025-10-11 22:07:34.921045+00
46569,36,GEM Vespianelian#GEM,555,1,99,99,1701,false,2022-07-11 04:01:58+00,2025-10-11 22:07:34.921045+00,2025-10-11 22:07:34.921045+00
46570,36,GEM Vespianelian#GEM,8,1,88,88,1712,false,2022-07-11 23:03:54+00,2025-10-11 22:07:34.921045+00,2025-10-11 22:07:34.921045+00
46571,36,GEM Vespianelian#GEM,201,1,85,85,1715,false,2022-05-18 00:33:35+00,2025-10-11 22:07:34.921045+00,2025-10-11 22:07:34.921045+00
46572,36,GEM Vespianelian#GEM,43,1,77,77,1723,false,2022-11-15 01:40:13+00,2025-10-11 22:07:34.921045+00,2025-10-11 22:07:34.921045+00
46589,37,GEM Vrilyarethez#GEM,147,2,5647,3847,353,false,2025-03-13 00:20:52+00,2025-10-11 22:07:36.434207+00,2025-10-11 22:07:36.434207+00
46602,37,GEM Vrilyarethez#GEM,92,2,2405,605,3595,false,2022-05-22 23:19:21+00,2025-10-11 22:07:36.434207+00,2025-10-11 22:07:36.434207+00
46610,37,GEM Vrilyarethez#GEM,133,1,1460,1460,340,false,2023-07-02 23:35:53+00,2025-10-11 22:07:36.434207+00,2025-10-11 22:07:36.434207+00
46629,37,GEM Vrilyarethez#GEM,58,1,805,805,995,false,2022-05-29 17:07:52+00,2025-10-11 22:07:36.434207+00,2025-10-11 22:07:36.434207+00
46639,37,GEM Vrilyarethez#GEM,142,1,271,271,1529,false,2022-05-13 02:48:53+00,2025-10-11 22:07:36.434207+00,2025-10-11 22:07:36.434207+00
46642,37,GEM Vrilyarethez#GEM,85,1,214,214,1586,false,2023-09-17 21:37:57+00,2025-10-11 22:07:36.434207+00,2025-10-11 22:07:36.434207+00
46649,37,GEM Vrilyarethez#GEM,57,1,134,134,1666,false,2022-06-14 01:30:30+00,2025-10-11 22:07:36.434207+00,2025-10-11 22:07:36.434207+00
46651,37,GEM Vrilyarethez#GEM,421,1,117,117,1683,false,2022-08-23 01:49:46+00,2025-10-11 22:07:36.434207+00,2025-10-11 22:07:36.434207+00
46656,29,GEM Asticedicair#GEM,350,4,15467,2867,6133,false,2025-04-18 01:45:56+00,2025-10-11 22:07:38.067191+00,2025-10-11 22:07:38.067191+00
46657,29,GEM Asticedicair#GEM,64,4,14889,2289,6711,false,2025-07-24 03:08:03+00,2025-10-11 22:07:38.067191+00,2025-10-11 22:07:38.067191+00
46658,29,GEM Asticedicair#GEM,21,4,14354,1754,7246,false,2025-04-18 03:24:22+00,2025-10-11 22:07:38.067191+00,2025-10-11 22:07:38.067191+00
46659,29,GEM Asticedicair#GEM,202,4,13652,1052,7948,false,2025-07-23 19:28:10+00,2025-10-11 22:07:38.067191+00,2025-10-11 22:07:38.067191+00
46660,29,GEM Asticedicair#GEM,200,4,13161,561,8439,false,2023-08-01 23:38:54+00,2025-10-11 22:07:38.067191+00,2025-10-11 22:07:38.067191+00
46661,29,GEM Asticedicair#GEM,67,3,11457,5457,1143,false,2025-07-20 04:20:20+00,2025-10-11 22:07:38.067191+00,2025-10-11 22:07:38.067191+00
46662,29,GEM Asticedicair#GEM,134,3,11229,5229,1371,false,2023-03-12 03:22:42+00,2025-10-11 22:07:38.067191+00,2025-10-11 22:07:38.067191+00
46663,29,GEM Asticedicair#GEM,7,3,10362,4362,2238,false,2023-07-10 18:03:25+00,2025-10-11 22:07:38.067191+00,2025-10-11 22:07:38.067191+00
46664,29,GEM Asticedicair#GEM,245,3,10310,4310,2290,false,2025-03-21 03:38:34+00,2025-10-11 22:07:38.067191+00,2025-10-11 22:07:38.067191+00
46665,29,GEM Asticedicair#GEM,29,3,9947,3947,2653,false,2025-02-21 19:05:07+00,2025-10-11 22:07:38.067191+00,2025-10-11 22:07:38.067191+00
46666,29,GEM Asticedicair#GEM,99,3,8807,2807,3793,false,2022-09-04 09:32:23+00,2025-10-11 22:07:38.067191+00,2025-10-11 22:07:38.067191+00
46667,29,GEM Asticedicair#GEM,89,3,8277,2277,4323,false,2022-11-08 01:29:00+00,2025-10-11 22:07:38.067191+00,2025-10-11 22:07:38.067191+00
46668,29,GEM Asticedicair#GEM,222,3,8142,2142,4458,false,2025-07-26 03:41:31+00,2025-10-11 22:07:38.067191+00,2025-10-11 22:07:38.067191+00
46669,29,GEM Asticedicair#GEM,51,3,7287,1287,5313,false,2025-07-24 04:48:08+00,2025-10-11 22:07:38.067191+00,2025-10-11 22:07:38.067191+00
46670,29,GEM Asticedicair#GEM,412,3,7275,1275,5325,false,2025-02-14 04:17:48+00,2025-10-11 22:07:38.067191+00,2025-10-11 22:07:38.067191+00
46671,29,GEM Asticedicair#GEM,234,3,7233,1233,5367,false,2025-03-19 19:15:02+00,2025-10-11 22:07:38.067191+00,2025-10-11 22:07:38.067191+00
46672,29,GEM Asticedicair#GEM,77,3,6846,846,5754,false,2022-10-17 01:32:12+00,2025-10-11 22:07:38.067191+00,2025-10-11 22:07:38.067191+00
46673,29,GEM Asticedicair#GEM,121,2,5616,3816,384,false,2025-03-19 02:15:27+00,2025-10-11 22:07:38.067191+00,2025-10-11 22:07:38.067191+00
46674,29,GEM Asticedicair#GEM,13,2,5426,3626,574,false,2023-07-28 00:01:14+00,2025-10-11 22:07:38.067191+00,2025-10-11 22:07:38.067191+00
46675,29,GEM Asticedicair#GEM,122,2,4206,2406,1794,false,2025-03-18 19:28:25+00,2025-10-11 22:07:38.067191+00,2025-10-11 22:07:38.067191+00
46676,29,GEM Asticedicair#GEM,145,2,3609,1809,2391,false,2025-07-04 03:07:32+00,2025-10-11 22:07:38.067191+00,2025-10-11 22:07:38.067191+00
46677,29,GEM Asticedicair#GEM,45,2,3492,1692,2508,false,2025-04-13 04:44:22+00,2025-10-11 22:07:38.067191+00,2025-10-11 22:07:38.067191+00
46678,29,GEM Asticedicair#GEM,238,2,3137,1337,2863,false,2025-07-05 00:02:35+00,2025-10-11 22:07:38.067191+00,2025-10-11 22:07:38.067191+00
46679,29,GEM Asticedicair#GEM,76,2,3073,1273,2927,false,2023-08-17 19:37:57+00,2025-10-11 22:07:38.067191+00,2025-10-11 22:07:38.067191+00
46680,29,GEM Asticedicair#GEM,33,2,2988,1188,3012,false,2022-10-17 02:52:28+00,2025-10-11 22:07:38.067191+00,2025-10-11 22:07:38.067191+00
46681,29,GEM Asticedicair#GEM,875,2,2388,588,3612,false,2022-10-12 13:36:58+00,2025-10-11 22:07:38.067191+00,2025-10-11 22:07:38.067191+00
46682,29,GEM Asticedicair#GEM,50,2,2330,530,3670,false,2022-10-13 15:14:24+00,2025-10-11 22:07:38.067191+00,2025-10-11 22:07:38.067191+00
46683,29,GEM Asticedicair#GEM,19,2,2318,518,3682,false,2023-07-24 01:07:06+00,2025-10-11 22:07:38.067191+00,2025-10-11 22:07:38.067191+00
46684,29,GEM Asticedicair#GEM,39,2,2287,487,3713,false,2023-07-28 23:45:27+00,2025-10-11 22:07:38.067191+00,2025-10-11 22:07:38.067191+00
46685,29,GEM Asticedicair#GEM,115,2,2135,335,3865,false,2025-07-24 01:50:17+00,2025-10-11 22:07:38.067191+00,2025-10-11 22:07:38.067191+00
46686,29,GEM Asticedicair#GEM,9,2,2065,265,3935,false,2023-07-28 01:17:03+00,2025-10-11 22:07:38.067191+00,2025-10-11 22:07:38.067191+00
46687,29,GEM Asticedicair#GEM,63,2,1805,5,4195,false,2022-09-11 20:04:41+00,2025-10-11 22:07:38.067191+00,2025-10-11 22:07:38.067191+00
46688,29,GEM Asticedicair#GEM,5,1,1771,1771,29,false,2025-03-21 03:04:55+00,2025-10-11 22:07:38.067191+00,2025-10-11 22:07:38.067191+00
46689,29,GEM Asticedicair#GEM,20,1,1633,1633,167,false,2022-10-16 19:53:53+00,2025-10-11 22:07:38.067191+00,2025-10-11 22:07:38.067191+00
46690,29,GEM Asticedicair#GEM,236,1,1582,1582,218,false,2025-07-24 02:30:52+00,2025-10-11 22:07:38.067191+00,2025-10-11 22:07:38.067191+00
46691,29,GEM Asticedicair#GEM,111,1,1569,1569,231,false,2025-02-21 20:14:52+00,2025-10-11 22:07:38.067191+00,2025-10-11 22:07:38.067191+00
46692,29,GEM Asticedicair#GEM,131,1,1520,1520,280,false,2023-10-20 16:57:44+00,2025-10-11 22:07:38.067191+00,2025-10-11 22:07:38.067191+00
46693,29,GEM Asticedicair#GEM,107,1,1428,1428,372,false,2023-07-16 01:18:20+00,2025-10-11 22:07:38.067191+00,2025-10-11 22:07:38.067191+00
46694,29,GEM Asticedicair#GEM,18,1,1419,1419,381,false,2025-07-23 18:40:18+00,2025-10-11 22:07:38.067191+00,2025-10-11 22:07:38.067191+00
46695,29,GEM Asticedicair#GEM,103,1,1405,1405,395,false,2025-02-21 20:56:00+00,2025-10-11 22:07:38.067191+00,2025-10-11 22:07:38.067191+00
46696,29,GEM Asticedicair#GEM,157,1,1387,1387,413,false,2025-07-23 19:59:50+00,2025-10-11 22:07:38.067191+00,2025-10-11 22:07:38.067191+00
46697,29,GEM Asticedicair#GEM,92,1,1381,1381,419,false,2022-09-05 20:32:21+00,2025-10-11 22:07:38.067191+00,2025-10-11 22:07:38.067191+00
46698,29,GEM Asticedicair#GEM,15,1,1338,1338,462,false,2025-07-26 04:24:08+00,2025-10-11 22:07:38.067191+00,2025-10-11 22:07:38.067191+00
46699,29,GEM Asticedicair#GEM,24,1,1259,1259,541,false,2025-06-29 03:36:12+00,2025-10-11 22:07:38.067191+00,2025-10-11 22:07:38.067191+00
46700,29,GEM Asticedicair#GEM,201,1,1244,1244,556,false,2022-09-08 15:17:32+00,2025-10-11 22:07:38.067191+00,2025-10-11 22:07:38.067191+00
46701,29,GEM Asticedicair#GEM,27,1,1225,1225,575,false,2023-08-02 00:20:59+00,2025-10-11 22:07:38.067191+00,2025-10-11 22:07:38.067191+00
46702,29,GEM Asticedicair#GEM,10,1,1219,1219,581,false,2022-09-04 17:01:59+00,2025-10-11 22:07:38.067191+00,2025-10-11 22:07:38.067191+00
46703,29,GEM Asticedicair#GEM,78,1,1203,1203,597,false,2023-03-11 19:00:15+00,2025-10-11 22:07:38.067191+00,2025-10-11 22:07:38.067191+00
46704,29,GEM Asticedicair#GEM,22,1,1195,1195,605,false,2023-08-18 16:53:00+00,2025-10-11 22:07:38.067191+00,2025-10-11 22:07:38.067191+00
46705,29,GEM Asticedicair#GEM,72,1,1189,1189,611,false,2023-07-28 03:23:25+00,2025-10-11 22:07:38.067191+00,2025-10-11 22:07:38.067191+00
46706,29,GEM Asticedicair#GEM,266,1,1182,1182,618,false,2023-07-29 00:19:26+00,2025-10-11 22:07:38.067191+00,2025-10-11 22:07:38.067191+00
46707,29,GEM Asticedicair#GEM,62,1,1094,1094,706,false,2021-02-28 01:13:16+00,2025-10-11 22:07:38.067191+00,2025-10-11 22:07:38.067191+00
46708,29,GEM Asticedicair#GEM,498,1,983,983,817,false,2025-04-17 01:11:46+00,2025-10-11 22:07:38.067191+00,2025-10-11 22:07:38.067191+00
46709,29,GEM Asticedicair#GEM,25,1,912,912,888,false,2022-10-16 18:55:23+00,2025-10-11 22:07:38.067191+00,2025-10-11 22:07:38.067191+00
46710,29,GEM Asticedicair#GEM,80,1,834,834,966,false,2025-04-13 03:00:07+00,2025-10-11 22:07:38.067191+00,2025-10-11 22:07:38.067191+00
46711,29,GEM Asticedicair#GEM,526,1,798,798,1002,false,2023-08-16 17:54:36+00,2025-10-11 22:07:38.067191+00,2025-10-11 22:07:38.067191+00
46712,29,GEM Asticedicair#GEM,117,1,790,790,1010,false,2022-09-04 08:48:16+00,2025-10-11 22:07:38.067191+00,2025-10-11 22:07:38.067191+00
46713,29,GEM Asticedicair#GEM,26,1,772,772,1028,false,2022-08-18 20:03:38+00,2025-10-11 22:07:38.067191+00,2025-10-11 22:07:38.067191+00
46714,29,GEM Asticedicair#GEM,55,1,743,743,1057,false,2022-07-09 22:46:23+00,2025-10-11 22:07:38.067191+00,2025-10-11 22:07:38.067191+00
46715,29,GEM Asticedicair#GEM,84,1,728,728,1072,false,2022-09-07 15:36:46+00,2025-10-11 22:07:38.067191+00,2025-10-11 22:07:38.067191+00
46716,29,GEM Asticedicair#GEM,143,1,694,694,1106,false,2022-08-20 21:44:18+00,2025-10-11 22:07:38.067191+00,2025-10-11 22:07:38.067191+00
46717,29,GEM Asticedicair#GEM,37,1,665,665,1135,false,2022-09-04 16:03:16+00,2025-10-11 22:07:38.067191+00,2025-10-11 22:07:38.067191+00
46718,29,GEM Asticedicair#GEM,81,1,643,643,1157,false,2022-09-05 19:38:17+00,2025-10-11 22:07:38.067191+00,2025-10-11 22:07:38.067191+00
46719,29,GEM Asticedicair#GEM,31,1,639,639,1161,false,2022-09-05 19:59:05+00,2025-10-11 22:07:38.067191+00,2025-10-11 22:07:38.067191+00
46720,29,GEM Asticedicair#GEM,16,1,633,633,1167,false,2022-08-21 20:51:13+00,2025-10-11 22:07:38.067191+00,2025-10-11 22:07:38.067191+00
46721,29,GEM Asticedicair#GEM,8,1,574,574,1226,false,2022-09-06 20:36:47+00,2025-10-11 22:07:38.067191+00,2025-10-11 22:07:38.067191+00
46722,29,GEM Asticedicair#GEM,54,1,536,536,1264,false,2022-09-04 14:18:50+00,2025-10-11 22:07:38.067191+00,2025-10-11 22:07:38.067191+00
46723,29,GEM Asticedicair#GEM,223,1,531,531,1269,false,2025-02-14 03:40:24+00,2025-10-11 22:07:38.067191+00,2025-10-11 22:07:38.067191+00
46724,29,GEM Asticedicair#GEM,82,1,505,505,1295,false,2022-09-04 14:38:51+00,2025-10-11 22:07:38.067191+00,2025-10-11 22:07:38.067191+00
46725,29,GEM Asticedicair#GEM,950,1,485,485,1315,false,2023-08-16 18:27:14+00,2025-10-11 22:07:38.067191+00,2025-10-11 22:07:38.067191+00
46726,29,GEM Asticedicair#GEM,41,1,265,265,1535,false,2022-07-05 04:17:52+00,2025-10-11 22:07:38.067191+00,2025-10-11 22:07:38.067191+00
46727,29,GEM Asticedicair#GEM,32,1,236,236,1564,false,2022-09-07 17:30:03+00,2025-10-11 22:07:38.067191+00,2025-10-11 22:07:38.067191+00
46728,29,GEM Asticedicair#GEM,75,1,184,184,1616,false,2023-07-29 02:15:02+00,2025-10-11 22:07:38.067191+00,2025-10-11 22:07:38.067191+00
46729,29,GEM Asticedicair#GEM,59,1,174,174,1626,false,2022-08-23 22:23:15+00,2025-10-11 22:07:38.067191+00,2025-10-11 22:07:38.067191+00
46730,29,GEM Asticedicair#GEM,113,1,171,171,1629,false,2023-07-27 01:10:35+00,2025-10-11 22:07:38.067191+00,2025-10-11 22:07:38.067191+00
46731,29,GEM Asticedicair#GEM,897,1,128,128,1672,false,2023-07-28 19:51:18+00,2025-10-11 22:07:38.067191+00,2025-10-11 22:07:38.067191+00
46732,29,GEM Asticedicair#GEM,555,1,124,124,1676,false,2022-09-06 20:17:04+00,2025-10-11 22:07:38.067191+00,2025-10-11 22:07:38.067191+00
46733,29,GEM Asticedicair#GEM,35,1,123,123,1677,false,2023-08-02 12:59:02+00,2025-10-11 22:07:38.067191+00,2025-10-11 22:07:38.067191+00
46734,29,GEM Asticedicair#GEM,516,1,112,112,1688,false,2023-10-20 19:40:34+00,2025-10-11 22:07:38.067191+00,2025-10-11 22:07:38.067191+00
46735,29,GEM Asticedicair#GEM,86,1,95,95,1705,false,2022-07-06 23:47:36+00,2025-10-11 22:07:38.067191+00,2025-10-11 22:07:38.067191+00
46736,29,GEM Asticedicair#GEM,119,1,90,90,1710,false,2022-07-07 00:30:56+00,2025-10-11 22:07:38.067191+00,2025-10-11 22:07:38.067191+00
46737,29,GEM Asticedicair#GEM,4,1,86,86,1714,false,2022-07-07 00:01:05+00,2025-10-11 22:07:38.067191+00,2025-10-11 22:07:38.067191+00
46738,20,GEM Deestellirys#GEM,145,11,218234,32634,-21634,false,2025-10-05 21:33:40+00,2025-10-11 22:07:54.510261+00,2025-10-16 05:37:14.526073+00
46739,20,GEM Deestellirys#GEM,67,11,109740,23140,-12140,false,2025-10-08 00:09:31+00,2025-10-11 22:07:54.510261+00,2025-10-16 05:33:12.065277+00
46740,20,GEM Deestellirys#GEM,81,8,78208,24608,-13608,false,2025-07-16 12:56:17+00,2025-10-11 22:07:54.510261+00,2025-10-14 20:48:08.942717+00
46741,20,GEM Deestellirys#GEM,51,9,68417,3817,7183,false,2025-07-22 00:29:18+00,2025-10-11 22:07:54.510261+00,2025-10-11 22:07:54.510261+00
46742,20,GEM Deestellirys#GEM,22,8,58452,4852,6148,false,2025-08-29 13:33:00+00,2025-10-11 22:07:54.510261+00,2025-10-14 20:47:57.133291+00
46743,20,GEM Deestellirys#GEM,523,8,54200,600,10400,false,2025-10-09 00:48:25+00,2025-10-11 22:07:54.510261+00,2025-10-14 20:47:53.902034+00
46744,20,GEM Deestellirys#GEM,18,8,53853,253,10747,false,2025-07-27 16:54:49+00,2025-10-11 22:07:54.510261+00,2025-10-11 22:07:54.510261+00
46745,20,GEM Deestellirys#GEM,15,7,40875,0,12725,false,2024-07-28 03:38:47+00,2025-10-11 22:07:54.510261+00,2025-10-11 22:07:54.510261+00
46746,20,GEM Deestellirys#GEM,111,7,34660,0,18940,false,2025-07-07 21:00:42+00,2025-10-11 22:07:54.510261+00,2025-10-11 22:07:54.510261+00
46747,20,GEM Deestellirys#GEM,498,6,33997,2397,8603,false,2024-01-13 03:27:59+00,2025-10-11 22:07:54.510261+00,2025-10-11 22:07:54.510261+00
46748,20,GEM Deestellirys#GEM,110,6,29500,0,13100,false,2024-01-14 01:27:36+00,2025-10-11 22:07:54.510261+00,2025-10-11 22:07:54.510261+00
46749,20,GEM Deestellirys#GEM,21,6,29344,0,13256,false,2024-01-25 18:09:09+00,2025-10-11 22:07:54.510261+00,2025-10-11 22:07:54.510261+00
46750,20,GEM Deestellirys#GEM,360,6,26518,0,16082,false,2024-01-15 16:10:17+00,2025-10-11 22:07:54.510261+00,2025-10-11 22:07:54.510261+00
46751,20,GEM Deestellirys#GEM,222,5,21089,8489,511,false,2025-08-18 14:41:44+00,2025-10-11 22:07:54.510261+00,2025-10-25 21:44:43.056603+00
46752,20,GEM Deestellirys#GEM,202,4,18938,6338,2662,false,2025-04-12 23:27:59+00,2025-10-11 22:07:54.510261+00,2025-10-11 22:07:54.510261+00
46753,20,GEM Deestellirys#GEM,54,4,18791,6191,2809,false,2024-07-02 11:15:54+00,2025-10-11 22:07:54.510261+00,2025-10-11 22:07:54.510261+00
46754,20,GEM Deestellirys#GEM,236,4,16816,4216,4784,false,2024-01-04 14:41:32+00,2025-10-11 22:07:54.510261+00,2025-10-11 22:07:54.510261+00
46755,20,GEM Deestellirys#GEM,86,3,8527,2527,4073,false,2023-10-18 18:54:38+00,2025-10-11 22:07:54.510261+00,2025-10-11 22:07:54.510261+00
46756,20,GEM Deestellirys#GEM,89,3,7566,1566,5034,false,2025-07-05 00:35:25+00,2025-10-11 22:07:54.510261+00,2025-10-11 22:07:54.510261+00
46757,20,GEM Deestellirys#GEM,10,3,7364,1364,5236,false,2025-07-07 22:41:48+00,2025-10-11 22:07:54.510261+00,2025-10-11 22:07:54.510261+00
46758,20,GEM Deestellirys#GEM,119,2,5094,3294,906,false,2023-12-23 11:19:01+00,2025-10-11 22:07:54.510261+00,2025-10-11 22:07:54.510261+00
46759,20,GEM Deestellirys#GEM,29,2,4367,2567,1633,false,2024-07-27 08:49:05+00,2025-10-11 22:07:54.510261+00,2025-10-11 22:07:54.510261+00
46760,20,GEM Deestellirys#GEM,42,2,4186,2386,1814,false,2025-04-12 03:46:01+00,2025-10-11 22:07:54.510261+00,2025-10-11 22:07:54.510261+00
46761,20,GEM Deestellirys#GEM,777,2,4171,2371,1829,false,2025-04-12 01:31:11+00,2025-10-11 22:07:54.510261+00,2025-10-11 22:07:54.510261+00
46762,20,GEM Deestellirys#GEM,267,2,4058,2258,1942,false,2023-10-24 11:36:35+00,2025-10-11 22:07:54.510261+00,2025-10-11 22:07:54.510261+00
46763,20,GEM Deestellirys#GEM,99,2,3946,2146,2054,false,2025-07-27 18:35:29+00,2025-10-11 22:07:54.510261+00,2025-10-11 22:07:54.510261+00
46764,20,GEM Deestellirys#GEM,133,2,3856,2056,2144,false,2024-02-13 02:40:34+00,2025-10-11 22:07:54.510261+00,2025-10-11 22:07:54.510261+00
46765,20,GEM Deestellirys#GEM,113,2,3604,1804,2396,false,2023-02-13 10:06:44+00,2025-10-11 22:07:54.510261+00,2025-10-11 22:07:54.510261+00
46766,20,GEM Deestellirys#GEM,103,2,3528,1728,2472,false,2023-08-10 20:21:06+00,2025-10-11 22:07:54.510261+00,2025-10-11 22:07:54.510261+00
46767,20,GEM Deestellirys#GEM,39,2,3429,1629,2571,false,2024-07-29 19:39:04+00,2025-10-11 22:07:54.510261+00,2025-10-11 22:07:54.510261+00
46768,20,GEM Deestellirys#GEM,96,2,3356,1556,2644,false,2023-11-23 02:04:17+00,2025-10-11 22:07:54.510261+00,2025-10-11 22:07:54.510261+00
46769,20,GEM Deestellirys#GEM,82,2,3201,1401,2799,false,2025-07-07 12:17:00+00,2025-10-11 22:07:54.510261+00,2025-10-11 22:07:54.510261+00
46770,20,GEM Deestellirys#GEM,147,2,3067,1267,2933,false,2025-07-10 22:44:42+00,2025-10-11 22:07:54.510261+00,2025-10-11 22:07:54.510261+00
46771,20,GEM Deestellirys#GEM,25,2,2974,1174,3026,false,2023-02-12 09:28:50+00,2025-10-11 22:07:54.510261+00,2025-10-11 22:07:54.510261+00
46772,20,GEM Deestellirys#GEM,429,2,2963,1163,3037,false,2024-01-09 00:45:26+00,2025-10-11 22:07:54.510261+00,2025-10-11 22:07:54.510261+00
46773,20,GEM Deestellirys#GEM,56,2,2846,1046,3154,false,2025-04-13 10:16:33+00,2025-10-11 22:07:54.510261+00,2025-10-11 22:07:54.510261+00
46774,20,GEM Deestellirys#GEM,895,2,2402,602,3598,false,2023-12-24 12:04:43+00,2025-10-11 22:07:54.510261+00,2025-10-11 22:07:54.510261+00
46775,20,GEM Deestellirys#GEM,12,2,2206,406,3794,false,2023-12-10 21:02:59+00,2025-10-11 22:07:54.510261+00,2025-10-11 22:07:54.510261+00
46776,20,GEM Deestellirys#GEM,901,2,2026,226,3974,false,2025-04-12 22:44:38+00,2025-10-11 22:07:54.510261+00,2025-10-11 22:07:54.510261+00
46777,20,GEM Deestellirys#GEM,36,2,1950,150,4050,false,2023-08-16 01:11:04+00,2025-10-11 22:07:54.510261+00,2025-10-11 22:07:54.510261+00
46778,20,GEM Deestellirys#GEM,238,2,1851,51,4149,false,2023-10-05 11:34:29+00,2025-10-11 22:07:54.510261+00,2025-10-11 22:07:54.510261+00
46779,20,GEM Deestellirys#GEM,32,1,1773,1773,27,false,2023-12-10 20:41:59+00,2025-10-11 22:07:54.510261+00,2025-10-11 22:07:54.510261+00
46780,20,GEM Deestellirys#GEM,516,1,1756,1756,44,false,2023-12-09 19:59:35+00,2025-10-11 22:07:54.510261+00,2025-10-11 22:07:54.510261+00
46781,20,GEM Deestellirys#GEM,7,1,1744,1744,56,false,2023-07-26 23:35:36+00,2025-10-11 22:07:54.510261+00,2025-10-11 22:07:54.510261+00
46782,20,GEM Deestellirys#GEM,57,1,1660,1660,140,false,2023-02-04 21:29:26+00,2025-10-11 22:07:54.510261+00,2025-10-11 22:07:54.510261+00
46783,20,GEM Deestellirys#GEM,235,1,1511,1511,289,false,2025-04-12 07:05:33+00,2025-10-11 22:07:54.510261+00,2025-10-11 22:07:54.510261+00
46784,20,GEM Deestellirys#GEM,804,1,1498,1498,302,false,2025-08-12 06:59:22+00,2025-10-11 22:07:54.510261+00,2025-10-11 22:07:54.510261+00
46785,20,GEM Deestellirys#GEM,45,1,1437,1437,363,false,2022-12-25 16:39:29+00,2025-10-11 22:07:54.510261+00,2025-10-11 22:07:54.510261+00
46786,20,GEM Deestellirys#GEM,107,1,1435,1435,365,false,2023-02-10 13:47:48+00,2025-10-11 22:07:54.510261+00,2025-10-11 22:07:54.510261+00
46787,20,GEM Deestellirys#GEM,141,1,1424,1424,376,false,2023-02-04 07:35:18+00,2025-10-11 22:07:54.510261+00,2025-10-11 22:07:54.510261+00
46788,20,GEM Deestellirys#GEM,8,1,1415,1415,385,false,2022-07-10 00:34:23+00,2025-10-11 22:07:54.510261+00,2025-10-11 22:07:54.510261+00
46789,20,GEM Deestellirys#GEM,245,1,1363,1363,437,false,2023-08-05 20:53:14+00,2025-10-11 22:07:54.510261+00,2025-10-11 22:07:54.510261+00
46790,20,GEM Deestellirys#GEM,268,1,1345,1345,455,false,2025-04-11 20:43:13+00,2025-10-11 22:07:54.510261+00,2025-10-11 22:07:54.510261+00
46791,20,GEM Deestellirys#GEM,102,1,1341,1341,459,false,2025-04-10 02:21:18+00,2025-10-11 22:07:54.510261+00,2025-10-11 22:07:54.510261+00
46792,20,GEM Deestellirys#GEM,16,1,1303,1303,497,false,2023-09-10 20:10:39+00,2025-10-11 22:07:54.510261+00,2025-10-11 22:07:54.510261+00
46793,20,GEM Deestellirys#GEM,41,1,1267,1267,533,false,2023-02-07 03:13:18+00,2025-10-11 22:07:54.510261+00,2025-10-11 22:07:54.510261+00
46794,20,GEM Deestellirys#GEM,266,1,1265,1265,535,false,2023-02-17 07:43:34+00,2025-10-11 22:07:54.510261+00,2025-10-11 22:07:54.510261+00
46795,20,GEM Deestellirys#GEM,876,1,1259,1259,541,false,2023-02-12 10:47:06+00,2025-10-11 22:07:54.510261+00,2025-10-11 22:07:54.510261+00
46796,20,GEM Deestellirys#GEM,200,1,1204,1204,596,false,2023-02-06 08:55:50+00,2025-10-11 22:07:54.510261+00,2025-10-11 22:07:54.510261+00
46797,20,GEM Deestellirys#GEM,203,1,1151,1151,649,false,2023-08-07 07:39:50+00,2025-10-11 22:07:54.510261+00,2025-10-11 22:07:54.510261+00
46798,20,GEM Deestellirys#GEM,427,1,1003,1003,797,false,2022-09-06 02:10:10+00,2025-10-11 22:07:54.510261+00,2025-10-11 22:07:54.510261+00
46799,20,GEM Deestellirys#GEM,126,1,878,878,922,false,2025-04-12 07:53:36+00,2025-10-11 22:07:54.510261+00,2025-10-11 22:07:54.510261+00
46800,20,GEM Deestellirys#GEM,78,1,823,823,977,false,2023-02-14 04:58:06+00,2025-10-11 22:07:54.510261+00,2025-10-11 22:07:54.510261+00
46801,20,GEM Deestellirys#GEM,875,1,816,816,984,false,2023-09-09 21:16:43+00,2025-10-11 22:07:54.510261+00,2025-10-11 22:07:54.510261+00
46802,20,GEM Deestellirys#GEM,122,1,808,808,992,false,2023-02-03 23:23:50+00,2025-10-11 22:07:54.510261+00,2025-10-11 22:07:54.510261+00
46803,20,GEM Deestellirys#GEM,23,1,802,802,998,false,2023-08-16 11:48:34+00,2025-10-11 22:07:54.510261+00,2025-10-11 22:07:54.510261+00
46804,20,GEM Deestellirys#GEM,11,1,794,794,1006,false,2022-12-01 15:57:58+00,2025-10-11 22:07:54.510261+00,2025-10-11 22:07:54.510261+00
46805,20,GEM Deestellirys#GEM,13,1,784,784,1016,false,2022-12-06 18:51:21+00,2025-10-11 22:07:54.510261+00,2025-10-11 22:07:54.510261+00
46806,20,GEM Deestellirys#GEM,31,1,739,739,1061,false,2023-02-08 04:45:54+00,2025-10-11 22:07:54.510261+00,2025-10-11 22:07:54.510261+00
46807,20,GEM Deestellirys#GEM,53,1,732,732,1068,false,2023-02-04 00:01:09+00,2025-10-11 22:07:54.510261+00,2025-10-11 22:07:54.510261+00
46808,20,GEM Deestellirys#GEM,104,1,727,727,1073,false,2022-12-12 16:54:49+00,2025-10-11 22:07:54.510261+00,2025-10-11 22:07:54.510261+00
46809,20,GEM Deestellirys#GEM,412,1,726,726,1074,false,2022-07-09 13:39:27+00,2025-10-11 22:07:54.510261+00,2025-10-11 22:07:54.510261+00
46810,20,GEM Deestellirys#GEM,518,1,712,712,1088,false,2022-08-18 20:56:57+00,2025-10-11 22:07:54.510261+00,2025-10-11 22:07:54.510261+00
46811,20,GEM Deestellirys#GEM,91,1,712,712,1088,false,2023-02-11 17:08:52+00,2025-10-11 22:07:54.510261+00,2025-10-11 22:07:54.510261+00
46812,20,GEM Deestellirys#GEM,131,1,676,676,1124,false,2023-10-30 01:19:13+00,2025-10-11 22:07:54.510261+00,2025-10-11 22:07:54.510261+00
46813,20,GEM Deestellirys#GEM,221,1,635,635,1165,false,2023-11-01 15:28:59+00,2025-10-11 22:07:54.510261+00,2025-10-11 22:07:54.510261+00
46814,20,GEM Deestellirys#GEM,38,1,624,624,1176,false,2023-10-02 01:11:01+00,2025-10-11 22:07:54.510261+00,2025-10-11 22:07:54.510261+00
46815,20,GEM Deestellirys#GEM,90,1,609,609,1191,false,2023-11-12 06:06:21+00,2025-10-11 22:07:54.510261+00,2025-10-11 22:07:54.510261+00
46816,20,GEM Deestellirys#GEM,75,1,609,609,1191,false,2023-12-14 19:08:34+00,2025-10-11 22:07:54.510261+00,2025-10-11 22:07:54.510261+00
46817,20,GEM Deestellirys#GEM,26,1,547,547,1253,false,2022-12-19 14:56:31+00,2025-10-11 22:07:54.510261+00,2025-10-11 22:07:54.510261+00
46818,20,GEM Deestellirys#GEM,37,1,543,543,1257,false,2022-07-08 00:08:19+00,2025-10-11 22:07:54.510261+00,2025-10-11 22:07:54.510261+00
46819,20,GEM Deestellirys#GEM,48,1,517,517,1283,false,2023-02-11 16:44:56+00,2025-10-11 22:07:54.510261+00,2025-10-11 22:07:54.510261+00
46820,20,GEM Deestellirys#GEM,24,1,408,408,1392,false,2023-08-06 16:40:09+00,2025-10-11 22:07:54.510261+00,2025-10-11 22:07:54.510261+00
46821,20,GEM Deestellirys#GEM,43,1,362,362,1438,false,2023-10-23 04:53:32+00,2025-10-11 22:07:54.510261+00,2025-10-11 22:07:54.510261+00
46822,20,GEM Deestellirys#GEM,120,1,296,296,1504,false,2023-08-16 00:54:36+00,2025-10-11 22:07:54.510261+00,2025-10-11 22:07:54.510261+00
46823,20,GEM Deestellirys#GEM,350,1,293,293,1507,false,2023-02-10 21:43:53+00,2025-10-11 22:07:54.510261+00,2025-10-11 22:07:54.510261+00
46824,20,GEM Deestellirys#GEM,59,1,228,228,1572,false,2023-12-16 12:36:14+00,2025-10-11 22:07:54.510261+00,2025-10-11 22:07:54.510261+00
46825,20,GEM Deestellirys#GEM,69,1,203,203,1597,false,2023-11-24 01:25:57+00,2025-10-11 22:07:54.510261+00,2025-10-11 22:07:54.510261+00
46826,20,GEM Deestellirys#GEM,555,1,198,198,1602,false,2023-10-19 17:16:10+00,2025-10-11 22:07:54.510261+00,2025-10-11 22:07:54.510261+00
46827,20,GEM Deestellirys#GEM,134,1,198,198,1602,false,2023-11-22 04:49:39+00,2025-10-11 22:07:54.510261+00,2025-10-11 22:07:54.510261+00
46828,20,GEM Deestellirys#GEM,117,1,154,154,1646,false,2023-10-27 11:08:04+00,2025-10-11 22:07:54.510261+00,2025-10-11 22:07:54.510261+00
46829,20,GEM Deestellirys#GEM,17,1,152,152,1648,false,2023-08-16 00:20:23+00,2025-10-11 22:07:54.510261+00,2025-10-11 22:07:54.510261+00
46830,20,GEM Deestellirys#GEM,80,1,141,141,1659,false,2022-12-01 15:12:45+00,2025-10-11 22:07:54.510261+00,2025-10-11 22:07:54.510261+00
46831,20,GEM Deestellirys#GEM,19,1,133,133,1667,false,2023-02-04 05:12:25+00,2025-10-11 22:07:54.510261+00,2025-10-11 22:07:54.510261+00
46832,20,GEM Deestellirys#GEM,114,1,118,118,1682,false,2023-01-31 00:13:39+00,2025-10-11 22:07:54.510261+00,2025-10-11 22:07:54.510261+00
46833,20,GEM Deestellirys#GEM,201,1,114,114,1686,false,2022-06-26 02:43:56+00,2025-10-11 22:07:54.510261+00,2025-10-11 22:07:54.510261+00
46834,20,GEM Deestellirys#GEM,4,1,114,114,1686,false,2022-10-29 14:12:53+00,2025-10-11 22:07:54.510261+00,2025-10-11 22:07:54.510261+00
46835,20,GEM Deestellirys#GEM,517,1,110,110,1690,false,2023-11-22 05:16:04+00,2025-10-11 22:07:54.510261+00,2025-10-11 22:07:54.510261+00
46836,20,GEM Deestellirys#GEM,161,1,103,103,1697,false,2022-11-14 20:14:07+00,2025-10-11 22:07:54.510261+00,2025-10-11 22:07:54.510261+00
46837,20,GEM Deestellirys#GEM,9,1,96,96,1704,false,2023-12-13 04:39:23+00,2025-10-11 22:07:54.510261+00,2025-10-11 22:07:54.510261+00
46838,20,GEM Deestellirys#GEM,1,1,96,96,1704,false,2023-02-03 08:41:14+00,2025-10-11 22:07:54.510261+00,2025-10-11 22:07:54.510261+00
46839,20,GEM Deestellirys#GEM,92,1,92,92,1708,false,2023-08-07 08:28:36+00,2025-10-11 22:07:54.510261+00,2025-10-11 22:07:54.510261+00
46840,21,GEM Envicingess#GEM,145,5,21137,8537,463,false,2025-08-28 03:29:07+00,2025-10-11 22:07:56.011602+00,2025-10-16 04:32:22.299014+00
46841,21,GEM Envicingess#GEM,67,4,13837,1237,7763,false,2025-09-10 01:35:53+00,2025-10-11 22:07:56.011602+00,2025-10-11 22:07:56.011602+00
46842,21,GEM Envicingess#GEM,51,4,10461,4461,2139,false,2025-10-09 01:40:02+00,2025-10-11 22:07:56.011602+00,2025-10-16 05:45:04.782802+00
46843,21,GEM Envicingess#GEM,523,5,8978,2978,3622,false,2025-09-14 18:34:12+00,2025-10-11 22:07:56.011602+00,2025-12-30 00:51:05.801757+00
46844,21,GEM Envicingess#GEM,76,3,8537,2537,4063,false,2025-04-19 02:27:29+00,2025-10-11 22:07:56.011602+00,2025-10-11 22:07:56.011602+00
46845,21,GEM Envicingess#GEM,22,3,8203,2203,4397,false,2025-08-01 23:21:27+00,2025-10-11 22:07:56.011602+00,2025-10-11 22:07:56.011602+00
46846,21,GEM Envicingess#GEM,18,3,7309,1309,5291,false,2025-07-31 01:47:03+00,2025-10-11 22:07:56.011602+00,2025-10-11 22:07:56.011602+00
46847,21,GEM Envicingess#GEM,412,3,7068,1068,5532,false,2025-04-19 05:12:40+00,2025-10-11 22:07:56.011602+00,2025-10-11 22:07:56.011602+00
46848,21,GEM Envicingess#GEM,4,2,5877,4077,123,false,2025-04-19 19:29:44+00,2025-10-11 22:07:56.011602+00,2025-10-11 22:07:56.011602+00
46849,21,GEM Envicingess#GEM,222,2,3171,1371,2829,false,2025-08-01 01:50:54+00,2025-10-11 22:07:56.011602+00,2025-10-11 22:07:56.011602+00
46850,21,GEM Envicingess#GEM,80,1,1360,1360,440,false,2025-04-12 00:58:43+00,2025-10-11 22:07:56.011602+00,2025-10-11 22:07:56.011602+00
46851,21,GEM Envicingess#GEM,147,2,1124,1124,676,false,2025-08-19 22:04:42+00,2025-10-11 22:07:56.011602+00,2025-10-22 02:34:23.124299+00
46852,21,GEM Envicingess#GEM,200,1,745,745,1055,false,2024-01-08 15:43:11+00,2025-10-11 22:07:56.011602+00,2025-10-11 22:07:56.011602+00
46853,21,GEM Envicingess#GEM,15,1,738,738,1062,false,2024-12-27 16:29:07+00,2025-10-11 22:07:56.011602+00,2025-10-11 22:07:56.011602+00
46854,21,GEM Envicingess#GEM,236,1,698,698,1102,false,2025-08-29 17:12:31+00,2025-10-11 22:07:56.011602+00,2025-10-11 22:07:56.011602+00
46855,21,GEM Envicingess#GEM,63,1,643,643,1157,false,2025-04-12 00:23:02+00,2025-10-11 22:07:56.011602+00,2025-10-11 22:07:56.011602+00
46856,21,GEM Envicingess#GEM,54,1,541,541,1259,false,2023-12-29 11:34:13+00,2025-10-11 22:07:56.011602+00,2025-10-11 22:07:56.011602+00
46857,21,GEM Envicingess#GEM,901,1,484,484,1316,false,2025-08-01 18:23:29+00,2025-10-11 22:07:56.011602+00,2025-10-11 22:07:56.011602+00
46858,21,GEM Envicingess#GEM,99,1,422,422,1378,false,2025-09-10 00:59:28+00,2025-10-11 22:07:56.011602+00,2025-10-11 22:07:56.011602+00
46859,21,GEM Envicingess#GEM,119,1,196,196,1604,false,2023-12-29 18:35:44+00,2025-10-11 22:07:56.011602+00,2025-10-11 22:07:56.011602+00
46861,28,GEM Velchelisse#GEM,29,5,28794,7194,2806,false,2025-08-16 18:43:39+00,2025-10-11 22:07:57.56722+00,2025-10-11 22:07:57.56722+00
46862,28,GEM Velchelisse#GEM,19,5,26068,4468,5532,false,2025-08-15 17:31:55+00,2025-10-11 22:07:57.56722+00,2025-10-11 22:07:57.56722+00
46863,28,GEM Velchelisse#GEM,84,5,23432,1832,8168,false,2025-08-26 20:41:56+00,2025-10-11 22:07:57.56722+00,2025-10-11 22:07:57.56722+00
46864,28,GEM Velchelisse#GEM,5,4,13524,924,8076,false,2025-09-25 21:38:31+00,2025-10-11 22:07:57.56722+00,2025-10-11 22:07:57.56722+00
46865,28,GEM Velchelisse#GEM,131,4,12897,297,8703,false,2025-09-25 20:28:24+00,2025-10-11 22:07:57.56722+00,2025-10-11 22:07:57.56722+00
46866,28,GEM Velchelisse#GEM,222,3,12327,6327,273,false,2025-08-15 19:54:07+00,2025-10-11 22:07:57.56722+00,2025-10-11 22:07:57.56722+00
46867,28,GEM Velchelisse#GEM,82,3,6452,452,6148,false,2025-02-24 01:23:13+00,2025-10-11 22:07:57.56722+00,2025-10-11 22:07:57.56722+00
46868,28,GEM Velchelisse#GEM,145,2,4950,3150,1050,false,2025-08-26 13:35:39+00,2025-10-11 22:07:57.56722+00,2025-10-11 22:07:57.56722+00
46869,28,GEM Velchelisse#GEM,96,2,4279,2479,1721,false,2025-08-16 19:14:00+00,2025-10-11 22:07:57.56722+00,2025-10-11 22:07:57.56722+00
46870,28,GEM Velchelisse#GEM,106,2,4271,2471,1729,false,2025-09-23 17:45:49+00,2025-10-11 22:07:57.56722+00,2025-10-11 22:07:57.56722+00
46871,28,GEM Velchelisse#GEM,59,2,4249,2449,1751,false,2025-09-25 11:21:22+00,2025-10-11 22:07:57.56722+00,2025-10-11 22:07:57.56722+00
46872,28,GEM Velchelisse#GEM,122,2,4113,2313,1887,false,2025-02-23 02:17:04+00,2025-10-11 22:07:57.56722+00,2025-10-11 22:07:57.56722+00
46873,28,GEM Velchelisse#GEM,350,2,3281,1481,2719,false,2025-08-14 21:47:23+00,2025-10-11 22:07:57.56722+00,2025-10-11 22:07:57.56722+00
46874,28,GEM Velchelisse#GEM,63,2,3264,1464,2736,false,2025-09-25 10:42:40+00,2025-10-11 22:07:57.56722+00,2025-10-11 22:07:57.56722+00
46875,28,GEM Velchelisse#GEM,75,2,3011,1211,2989,false,2025-09-22 02:14:31+00,2025-10-11 22:07:57.56722+00,2025-10-11 22:07:57.56722+00
46876,28,GEM Velchelisse#GEM,64,2,2928,1128,3072,false,2025-08-23 22:30:13+00,2025-10-11 22:07:57.56722+00,2025-10-11 22:07:57.56722+00
46877,28,GEM Velchelisse#GEM,54,2,2601,801,3399,false,2025-09-22 03:03:37+00,2025-10-11 22:07:57.56722+00,2025-10-11 22:07:57.56722+00
46878,28,GEM Velchelisse#GEM,111,2,2425,625,3575,false,2025-09-26 00:55:24+00,2025-10-11 22:07:57.56722+00,2025-10-11 22:07:57.56722+00
46879,28,GEM Velchelisse#GEM,99,2,2237,437,3763,false,2025-08-15 00:32:01+00,2025-10-11 22:07:57.56722+00,2025-10-11 22:07:57.56722+00
46880,28,GEM Velchelisse#GEM,114,2,1930,130,4070,false,2025-08-26 23:17:27+00,2025-10-11 22:07:57.56722+00,2025-10-11 22:07:57.56722+00
46881,28,GEM Velchelisse#GEM,121,1,1917,1917,-117,false,2025-09-23 18:28:20+00,2025-10-11 22:07:57.56722+00,2025-10-11 22:07:57.56722+00
46882,28,GEM Velchelisse#GEM,420,1,1650,1650,150,false,2025-08-26 15:41:11+00,2025-10-11 22:07:57.56722+00,2025-10-11 22:07:57.56722+00
46883,28,GEM Velchelisse#GEM,62,1,1540,1540,260,false,2025-09-26 00:11:55+00,2025-10-11 22:07:57.56722+00,2025-10-11 22:07:57.56722+00
46884,28,GEM Velchelisse#GEM,79,1,1526,1526,274,false,2025-09-24 10:13:43+00,2025-10-11 22:07:57.56722+00,2025-10-11 22:07:57.56722+00
46885,28,GEM Velchelisse#GEM,83,1,1469,1469,331,false,2025-08-07 02:56:11+00,2025-10-11 22:07:57.56722+00,2025-10-11 22:07:57.56722+00
46886,28,GEM Velchelisse#GEM,777,1,1453,1453,347,false,2025-08-23 23:54:35+00,2025-10-11 22:07:57.56722+00,2025-10-11 22:07:57.56722+00
46887,28,GEM Velchelisse#GEM,51,1,1446,1446,354,false,2025-08-25 17:48:05+00,2025-10-11 22:07:57.56722+00,2025-10-11 22:07:57.56722+00
46888,28,GEM Velchelisse#GEM,134,1,1384,1384,416,false,2023-12-29 02:04:22+00,2025-10-11 22:07:57.56722+00,2025-10-11 22:07:57.56722+00
46889,28,GEM Velchelisse#GEM,555,1,1378,1378,422,false,2025-08-15 00:04:27+00,2025-10-11 22:07:57.56722+00,2025-10-11 22:07:57.56722+00
46890,28,GEM Velchelisse#GEM,37,1,1373,1373,427,false,2025-08-14 21:09:54+00,2025-10-11 22:07:57.56722+00,2025-10-11 22:07:57.56722+00
46891,28,GEM Velchelisse#GEM,40,1,1330,1330,470,false,2025-08-14 22:56:25+00,2025-10-11 22:07:57.56722+00,2025-10-11 22:07:57.56722+00
46892,28,GEM Velchelisse#GEM,24,1,1324,1324,476,false,2025-02-23 17:29:47+00,2025-10-11 22:07:57.56722+00,2025-10-11 22:07:57.56722+00
46893,28,GEM Velchelisse#GEM,86,1,1318,1318,482,false,2025-02-24 01:51:01+00,2025-10-11 22:07:57.56722+00,2025-10-11 22:07:57.56722+00
46894,28,GEM Velchelisse#GEM,164,1,1316,1316,484,false,2025-08-09 00:21:30+00,2025-10-11 22:07:57.56722+00,2025-10-11 22:07:57.56722+00
46895,28,GEM Velchelisse#GEM,236,1,1273,1273,527,false,2025-09-23 12:20:09+00,2025-10-11 22:07:57.56722+00,2025-10-11 22:07:57.56722+00
46896,28,GEM Velchelisse#GEM,133,1,1154,1154,646,false,2025-08-15 01:13:56+00,2025-10-11 22:07:57.56722+00,2025-10-11 22:07:57.56722+00
46897,28,GEM Velchelisse#GEM,4,1,1082,1082,718,false,2025-03-06 17:23:53+00,2025-10-11 22:07:57.56722+00,2025-10-11 22:07:57.56722+00
46898,28,GEM Velchelisse#GEM,25,1,1036,1036,764,false,2025-08-14 22:29:54+00,2025-10-11 22:07:57.56722+00,2025-10-11 22:07:57.56722+00
46899,28,GEM Velchelisse#GEM,23,1,1033,1033,767,false,2025-02-24 02:13:41+00,2025-10-11 22:07:57.56722+00,2025-10-11 22:07:57.56722+00
46900,28,GEM Velchelisse#GEM,21,1,989,989,811,false,2025-08-15 00:51:30+00,2025-10-11 22:07:57.56722+00,2025-10-11 22:07:57.56722+00
46901,28,GEM Velchelisse#GEM,80,1,978,978,822,false,2025-02-24 02:34:56+00,2025-10-11 22:07:57.56722+00,2025-10-11 22:07:57.56722+00
46902,28,GEM Velchelisse#GEM,110,1,942,942,858,false,2025-03-06 16:43:39+00,2025-10-11 22:07:57.56722+00,2025-10-11 22:07:57.56722+00
46903,28,GEM Velchelisse#GEM,1,1,915,915,885,false,2025-03-10 17:25:57+00,2025-10-11 22:07:57.56722+00,2025-10-11 22:07:57.56722+00
46904,28,GEM Velchelisse#GEM,223,1,888,888,912,false,2025-03-05 16:45:59+00,2025-10-11 22:07:57.56722+00,2025-10-11 22:07:57.56722+00
46905,28,GEM Velchelisse#GEM,61,1,860,860,940,false,2025-03-03 03:28:33+00,2025-10-11 22:07:57.56722+00,2025-10-11 22:07:57.56722+00
46906,28,GEM Velchelisse#GEM,150,1,824,824,976,false,2025-03-05 17:27:09+00,2025-10-11 22:07:57.56722+00,2025-10-11 22:07:57.56722+00
46907,28,GEM Velchelisse#GEM,15,1,796,796,1004,false,2025-03-10 16:36:55+00,2025-10-11 22:07:57.56722+00,2025-10-11 22:07:57.56722+00
46908,28,GEM Velchelisse#GEM,81,1,773,773,1027,false,2025-09-23 13:07:55+00,2025-10-11 22:07:57.56722+00,2025-10-11 22:07:57.56722+00
46909,28,GEM Velchelisse#GEM,112,1,771,771,1029,false,2025-08-25 17:09:36+00,2025-10-11 22:07:57.56722+00,2025-10-11 22:07:57.56722+00
46910,28,GEM Velchelisse#GEM,157,1,702,702,1098,false,2025-08-26 21:19:47+00,2025-10-11 22:07:57.56722+00,2025-10-11 22:07:57.56722+00
46911,28,GEM Velchelisse#GEM,105,1,645,645,1155,false,2025-02-23 21:04:43+00,2025-10-11 22:07:57.56722+00,2025-10-11 22:07:57.56722+00
46912,30,GEM Dellablivien#GEM,350,7,37972,6372,4628,false,2025-09-28 00:59:29+00,2025-10-11 22:08:14.02874+00,2025-10-21 01:37:37.296504+00
46913,30,GEM Dellablivien#GEM,64,6,34725,3125,7875,false,2025-08-17 14:37:41+00,2025-10-11 22:08:14.02874+00,2025-10-11 22:08:14.02874+00
46914,30,GEM Dellablivien#GEM,81,4,18478,5878,3122,false,2022-11-24 00:16:42+00,2025-10-11 22:08:14.02874+00,2025-10-11 22:08:14.02874+00
46915,30,GEM Dellablivien#GEM,107,4,17191,4591,4409,false,2023-09-12 23:55:09+00,2025-10-11 22:08:14.02874+00,2025-10-11 22:08:14.02874+00
46916,30,GEM Dellablivien#GEM,21,4,15969,3369,5631,false,2025-04-16 00:58:45+00,2025-10-11 22:08:14.02874+00,2025-10-11 22:08:14.02874+00
46917,30,GEM Dellablivien#GEM,29,4,15103,2503,6497,false,2025-04-13 01:29:11+00,2025-10-11 22:08:14.02874+00,2025-10-11 22:08:14.02874+00
46918,30,GEM Dellablivien#GEM,89,3,12002,6002,598,false,2022-10-17 14:17:50+00,2025-10-11 22:08:14.02874+00,2025-10-11 22:08:14.02874+00
46919,30,GEM Dellablivien#GEM,5,3,8283,2283,4317,false,2023-09-06 21:58:54+00,2025-10-11 22:08:14.02874+00,2025-10-11 22:08:14.02874+00
46920,30,GEM Dellablivien#GEM,84,3,7863,1863,4737,false,2025-08-18 23:30:32+00,2025-10-11 22:08:14.02874+00,2025-10-11 22:08:14.02874+00
46921,30,GEM Dellablivien#GEM,99,3,7427,1427,5173,false,2025-02-14 22:58:40+00,2025-10-11 22:08:14.02874+00,2025-10-11 22:08:14.02874+00
46922,30,GEM Dellablivien#GEM,96,3,6639,639,5961,false,2025-07-23 00:38:32+00,2025-10-11 22:08:14.02874+00,2025-10-11 22:08:14.02874+00
46923,30,GEM Dellablivien#GEM,131,3,6471,471,6129,false,2025-08-16 00:10:16+00,2025-10-11 22:08:14.02874+00,2025-10-11 22:08:14.02874+00
46924,30,GEM Dellablivien#GEM,67,3,6381,381,6219,false,2025-08-08 19:26:47+00,2025-10-11 22:08:14.02874+00,2025-10-11 22:08:14.02874+00
46925,30,GEM Dellablivien#GEM,154,2,5575,3775,425,false,2021-02-26 01:49:33+00,2025-10-11 22:08:14.02874+00,2025-10-11 22:08:14.02874+00
46926,30,GEM Dellablivien#GEM,20,2,4499,2699,1501,false,2023-08-27 23:39:00+00,2025-10-11 22:08:14.02874+00,2025-10-11 22:08:14.02874+00
46927,30,GEM Dellablivien#GEM,4,2,3895,2095,2105,false,2023-12-19 19:19:59+00,2025-10-11 22:08:14.02874+00,2025-10-11 22:08:14.02874+00
46928,30,GEM Dellablivien#GEM,61,2,3851,2051,2149,false,2022-10-07 03:58:04+00,2025-10-11 22:08:14.02874+00,2025-10-11 22:08:14.02874+00
46929,30,GEM Dellablivien#GEM,22,2,3443,1643,2557,false,2025-08-14 14:34:13+00,2025-10-11 22:08:14.02874+00,2025-10-11 22:08:14.02874+00
46930,30,GEM Dellablivien#GEM,412,2,2807,1007,3193,false,2025-08-06 11:05:59+00,2025-10-11 22:08:14.02874+00,2025-10-11 22:08:14.02874+00
46931,30,GEM Dellablivien#GEM,110,2,2789,989,3211,false,2023-11-02 20:02:17+00,2025-10-11 22:08:14.02874+00,2025-10-11 22:08:14.02874+00
46932,30,GEM Dellablivien#GEM,245,2,2709,909,3291,false,2023-07-19 23:33:32+00,2025-10-11 22:08:14.02874+00,2025-10-11 22:08:14.02874+00
46933,30,GEM Dellablivien#GEM,236,2,2672,872,3328,false,2022-09-04 22:38:56+00,2025-10-11 22:08:14.02874+00,2025-10-11 22:08:14.02874+00
46934,30,GEM Dellablivien#GEM,36,2,2464,664,3536,false,2022-11-03 01:31:09+00,2025-10-11 22:08:14.02874+00,2025-10-11 22:08:14.02874+00
46935,30,GEM Dellablivien#GEM,51,2,2385,585,3615,false,2025-08-08 13:58:25+00,2025-10-11 22:08:14.02874+00,2025-10-11 22:08:14.02874+00
46936,30,GEM Dellablivien#GEM,13,2,2321,521,3679,false,2025-08-08 20:32:37+00,2025-10-11 22:08:14.02874+00,2025-10-11 22:08:14.02874+00
46937,30,GEM Dellablivien#GEM,222,2,2249,449,3751,false,2022-07-18 00:34:36+00,2025-10-11 22:08:14.02874+00,2025-10-11 22:08:14.02874+00
46938,30,GEM Dellablivien#GEM,40,2,2093,293,3907,false,2022-09-23 00:50:57+00,2025-10-11 22:08:14.02874+00,2025-10-11 22:08:14.02874+00
46939,30,GEM Dellablivien#GEM,54,2,1800,0,4200,false,2022-09-20 01:20:33+00,2025-10-11 22:08:14.02874+00,2025-10-11 22:08:14.02874+00
46940,30,GEM Dellablivien#GEM,104,1,1647,1647,153,false,2022-11-24 01:26:01+00,2025-10-11 22:08:14.02874+00,2025-10-11 22:08:14.02874+00
46941,30,GEM Dellablivien#GEM,45,1,1612,1612,188,false,2022-09-23 15:47:24+00,2025-10-11 22:08:14.02874+00,2025-10-11 22:08:14.02874+00
46942,30,GEM Dellablivien#GEM,150,1,1484,1484,316,false,2022-09-19 23:30:24+00,2025-10-11 22:08:14.02874+00,2025-10-11 22:08:14.02874+00
46943,30,GEM Dellablivien#GEM,111,1,1448,1448,352,false,2022-09-23 16:09:34+00,2025-10-11 22:08:14.02874+00,2025-10-11 22:08:14.02874+00
46944,30,GEM Dellablivien#GEM,157,1,1431,1431,369,false,2025-08-08 11:54:33+00,2025-10-11 22:08:14.02874+00,2025-10-11 22:08:14.02874+00
46945,30,GEM Dellablivien#GEM,16,1,1354,1354,446,false,2022-09-23 18:24:21+00,2025-10-11 22:08:14.02874+00,2025-10-11 22:08:14.02874+00
46946,30,GEM Dellablivien#GEM,8,1,1350,1350,450,false,2022-11-03 02:16:17+00,2025-10-11 22:08:14.02874+00,2025-10-11 22:08:14.02874+00
46947,30,GEM Dellablivien#GEM,103,1,1278,1278,522,false,2022-09-23 14:30:27+00,2025-10-11 22:08:14.02874+00,2025-10-11 22:08:14.02874+00
46948,30,GEM Dellablivien#GEM,18,1,1199,1199,601,false,2022-09-23 16:30:12+00,2025-10-11 22:08:14.02874+00,2025-10-11 22:08:14.02874+00
46949,30,GEM Dellablivien#GEM,59,1,1157,1157,643,false,2022-08-24 00:14:29+00,2025-10-11 22:08:14.02874+00,2025-10-11 22:08:14.02874+00
46950,30,GEM Dellablivien#GEM,82,1,1132,1132,668,false,2025-08-17 14:11:40+00,2025-10-11 22:08:14.02874+00,2025-10-11 22:08:14.02874+00
46951,30,GEM Dellablivien#GEM,497,1,1035,1035,765,false,2022-09-09 03:18:26+00,2025-10-11 22:08:14.02874+00,2025-10-11 22:08:14.02874+00
46952,30,GEM Dellablivien#GEM,6,1,1023,1023,777,false,2023-07-05 23:27:03+00,2025-10-11 22:08:14.02874+00,2025-10-11 22:08:14.02874+00
46953,30,GEM Dellablivien#GEM,1,1,981,981,819,false,2023-08-27 22:59:40+00,2025-10-11 22:08:14.02874+00,2025-10-11 22:08:14.02874+00
46954,30,GEM Dellablivien#GEM,119,1,955,955,845,false,2022-09-23 02:11:20+00,2025-10-11 22:08:14.02874+00,2025-10-11 22:08:14.02874+00
46955,30,GEM Dellablivien#GEM,38,1,855,855,945,false,2023-07-06 14:29:48+00,2025-10-11 22:08:14.02874+00,2025-10-11 22:08:14.02874+00
46956,30,GEM Dellablivien#GEM,234,1,786,786,1014,false,2023-12-19 18:25:29+00,2025-10-11 22:08:14.02874+00,2025-10-11 22:08:14.02874+00
46957,30,GEM Dellablivien#GEM,30,1,745,745,1055,false,2022-11-04 01:49:04+00,2025-10-11 22:08:14.02874+00,2025-10-11 22:08:14.02874+00
46958,30,GEM Dellablivien#GEM,76,1,695,695,1105,false,2022-11-23 23:46:31+00,2025-10-11 22:08:14.02874+00,2025-10-11 22:08:14.02874+00
46959,30,GEM Dellablivien#GEM,55,1,694,694,1106,false,2025-08-07 16:18:34+00,2025-10-11 22:08:14.02874+00,2025-10-11 22:08:14.02874+00
46960,30,GEM Dellablivien#GEM,31,1,647,647,1153,false,2022-09-19 02:16:20+00,2025-10-11 22:08:14.02874+00,2025-10-11 22:08:14.02874+00
46961,30,GEM Dellablivien#GEM,32,1,632,632,1168,false,2022-09-21 19:47:35+00,2025-10-11 22:08:14.02874+00,2025-10-11 22:08:14.02874+00
46962,30,GEM Dellablivien#GEM,15,1,621,621,1179,false,2022-07-18 00:14:17+00,2025-10-11 22:08:14.02874+00,2025-10-11 22:08:14.02874+00
46963,30,GEM Dellablivien#GEM,62,1,554,554,1246,false,2022-09-04 21:16:20+00,2025-10-11 22:08:14.02874+00,2025-10-11 22:08:14.02874+00
46964,30,GEM Dellablivien#GEM,202,1,533,533,1267,false,2022-09-04 20:58:20+00,2025-10-11 22:08:14.02874+00,2025-10-11 22:08:14.02874+00
46965,30,GEM Dellablivien#GEM,37,1,454,454,1346,false,2022-07-13 03:09:55+00,2025-10-11 22:08:14.02874+00,2025-10-11 22:08:14.02874+00
46966,30,GEM Dellablivien#GEM,43,1,266,266,1534,false,2022-09-26 02:20:46+00,2025-10-11 22:08:14.02874+00,2025-10-11 22:08:14.02874+00
46967,30,GEM Dellablivien#GEM,134,1,248,248,1552,false,2022-09-07 02:05:51+00,2025-10-11 22:08:14.02874+00,2025-10-11 22:08:14.02874+00
46968,30,GEM Dellablivien#GEM,518,1,245,245,1555,false,2022-10-06 01:15:18+00,2025-10-11 22:08:14.02874+00,2025-10-11 22:08:14.02874+00
46969,30,GEM Dellablivien#GEM,28,1,209,209,1591,false,2023-09-06 21:02:44+00,2025-10-11 22:08:14.02874+00,2025-10-11 22:08:14.02874+00
46970,30,GEM Dellablivien#GEM,56,1,173,173,1627,false,2022-09-04 19:51:01+00,2025-10-11 22:08:14.02874+00,2025-10-11 22:08:14.02874+00
46971,30,GEM Dellablivien#GEM,25,1,166,166,1634,false,2022-09-21 17:23:03+00,2025-10-11 22:08:14.02874+00,2025-10-11 22:08:14.02874+00
46972,30,GEM Dellablivien#GEM,42,1,142,142,1658,false,2022-11-23 18:23:19+00,2025-10-11 22:08:14.02874+00,2025-10-11 22:08:14.02874+00
46973,30,GEM Dellablivien#GEM,63,1,133,133,1667,false,2022-09-21 23:04:55+00,2025-10-11 22:08:14.02874+00,2025-10-11 22:08:14.02874+00
46974,30,GEM Dellablivien#GEM,74,1,114,114,1686,false,2022-10-29 14:12:53+00,2025-10-11 22:08:14.02874+00,2025-10-11 22:08:14.02874+00
46975,30,GEM Dellablivien#GEM,711,1,111,111,1689,false,2022-09-05 01:14:48+00,2025-10-11 22:08:14.02874+00,2025-10-11 22:08:14.02874+00
46976,30,GEM Dellablivien#GEM,57,1,107,107,1693,false,2022-10-02 19:27:33+00,2025-10-11 22:08:14.02874+00,2025-10-11 22:08:14.02874+00
46977,30,GEM Dellablivien#GEM,39,1,94,94,1706,false,2022-07-17 23:56:02+00,2025-10-11 22:08:14.02874+00,2025-10-11 22:08:14.02874+00
46978,30,GEM Dellablivien#GEM,7,1,89,89,1711,false,2022-10-27 15:02:59+00,2025-10-11 22:08:14.02874+00,2025-10-11 22:08:14.02874+00
46979,30,GEM Dellablivien#GEM,133,1,87,87,1713,false,2022-07-13 01:53:33+00,2025-10-11 22:08:14.02874+00,2025-10-11 22:08:14.02874+00
46980,34,GEM Phrasimfasya#GEM,29,6,35768,4168,6832,false,2025-08-31 19:36:28+00,2025-10-11 22:08:15.489564+00,2025-10-11 22:08:15.489564+00
46981,34,GEM Phrasimfasya#GEM,89,3,8038,2038,4562,false,2025-08-07 02:19:14+00,2025-10-11 22:08:15.489564+00,2025-10-11 22:08:15.489564+00
46982,34,GEM Phrasimfasya#GEM,67,3,6787,787,5813,false,2025-08-19 23:41:00+00,2025-10-11 22:08:15.489564+00,2025-10-11 22:08:15.489564+00
46983,34,GEM Phrasimfasya#GEM,121,3,6549,549,6051,false,2025-03-01 02:53:16+00,2025-10-11 22:08:15.489564+00,2025-10-11 22:08:15.489564+00
46984,34,GEM Phrasimfasya#GEM,145,2,5925,4125,75,false,2025-08-23 17:50:12+00,2025-10-11 22:08:15.489564+00,2025-10-11 22:08:15.489564+00
46985,34,GEM Phrasimfasya#GEM,222,2,4981,3181,1019,false,2025-08-22 16:04:12+00,2025-10-11 22:08:15.489564+00,2025-10-11 22:08:15.489564+00
46986,34,GEM Phrasimfasya#GEM,21,3,4590,2790,1410,false,2025-08-22 20:41:52+00,2025-10-11 22:08:15.489564+00,2025-10-14 21:04:37.608071+00
46987,34,GEM Phrasimfasya#GEM,24,2,4093,2293,1907,false,2025-03-06 11:06:08+00,2025-10-11 22:08:15.489564+00,2025-10-11 22:08:15.489564+00
46988,34,GEM Phrasimfasya#GEM,39,2,3459,1659,2541,false,2025-08-22 01:53:32+00,2025-10-11 22:08:15.489564+00,2025-10-11 22:08:15.489564+00
46989,34,GEM Phrasimfasya#GEM,81,2,2716,916,3284,false,2025-08-10 21:27:53+00,2025-10-11 22:08:15.489564+00,2025-10-11 22:08:15.489564+00
46990,34,GEM Phrasimfasya#GEM,412,2,2618,818,3382,false,2025-08-07 02:56:11+00,2025-10-11 22:08:15.489564+00,2025-10-11 22:08:15.489564+00
46991,34,GEM Phrasimfasya#GEM,131,2,2234,434,3766,false,2025-03-06 11:27:01+00,2025-10-11 22:08:15.489564+00,2025-10-11 22:08:15.489564+00
46992,34,GEM Phrasimfasya#GEM,19,2,2231,431,3769,false,2025-08-17 00:13:08+00,2025-10-11 22:08:15.489564+00,2025-10-11 22:08:15.489564+00
46993,34,GEM Phrasimfasya#GEM,13,2,2200,400,3800,false,2025-03-06 12:35:40+00,2025-10-11 22:08:15.489564+00,2025-10-11 22:08:15.489564+00
46994,34,GEM Phrasimfasya#GEM,234,2,2078,278,3922,false,2025-03-05 23:48:07+00,2025-10-11 22:08:15.489564+00,2025-10-11 22:08:15.489564+00
46995,34,GEM Phrasimfasya#GEM,498,2,1892,92,4108,false,2025-08-19 02:08:08+00,2025-10-11 22:08:15.489564+00,2025-10-11 22:08:15.489564+00
46996,34,GEM Phrasimfasya#GEM,122,1,1771,1771,29,false,2025-02-24 04:03:29+00,2025-10-11 22:08:15.489564+00,2025-10-11 22:08:15.489564+00
46997,34,GEM Phrasimfasya#GEM,523,1,1768,1768,32,false,2025-08-10 00:24:39+00,2025-10-11 22:08:15.489564+00,2025-10-11 22:08:15.489564+00
46998,34,GEM Phrasimfasya#GEM,37,1,1632,1632,168,false,2025-08-22 02:22:18+00,2025-10-11 22:08:15.489564+00,2025-10-11 22:08:15.489564+00
46999,34,GEM Phrasimfasya#GEM,804,1,1449,1449,351,false,2025-08-10 01:04:43+00,2025-10-11 22:08:15.489564+00,2025-10-11 22:08:15.489564+00
47000,34,GEM Phrasimfasya#GEM,201,1,1382,1382,418,false,2025-07-26 03:10:27+00,2025-10-11 22:08:15.489564+00,2025-10-11 22:08:15.489564+00
47001,34,GEM Phrasimfasya#GEM,23,1,1361,1361,439,false,2025-02-28 04:32:36+00,2025-10-11 22:08:15.489564+00,2025-10-11 22:08:15.489564+00
47002,34,GEM Phrasimfasya#GEM,119,1,1236,1236,564,false,2025-08-10 20:49:00+00,2025-10-11 22:08:15.489564+00,2025-10-11 22:08:15.489564+00
47003,34,GEM Phrasimfasya#GEM,22,1,1176,1176,624,false,2025-08-16 20:18:42+00,2025-10-11 22:08:15.489564+00,2025-10-11 22:08:15.489564+00
47004,34,GEM Phrasimfasya#GEM,18,1,1164,1164,636,false,2025-08-19 17:39:36+00,2025-10-11 22:08:15.489564+00,2025-10-11 22:08:15.489564+00
47005,34,GEM Phrasimfasya#GEM,11,1,1124,1124,676,false,2025-02-25 03:53:35+00,2025-10-11 22:08:15.489564+00,2025-10-11 22:08:15.489564+00
47006,34,GEM Phrasimfasya#GEM,96,1,1082,1082,718,false,2025-08-22 03:06:14+00,2025-10-11 22:08:15.489564+00,2025-10-11 22:08:15.489564+00
47007,34,GEM Phrasimfasya#GEM,104,1,1064,1064,736,false,2025-02-25 00:34:17+00,2025-10-11 22:08:15.489564+00,2025-10-11 22:08:15.489564+00
47008,34,GEM Phrasimfasya#GEM,133,1,1060,1060,740,false,2025-08-31 19:56:24+00,2025-10-11 22:08:15.489564+00,2025-10-11 22:08:15.489564+00
47009,34,GEM Phrasimfasya#GEM,51,1,1040,1040,760,false,2025-03-06 11:46:18+00,2025-10-11 22:08:15.489564+00,2025-10-11 22:08:15.489564+00
47010,34,GEM Phrasimfasya#GEM,235,1,1031,1031,769,false,2025-08-16 21:33:35+00,2025-10-11 22:08:15.489564+00,2025-10-11 22:08:15.489564+00
47011,34,GEM Phrasimfasya#GEM,245,1,1018,1018,782,false,2025-03-06 08:46:53+00,2025-10-11 22:08:15.489564+00,2025-10-11 22:08:15.489564+00
47012,34,GEM Phrasimfasya#GEM,54,1,964,964,836,false,2025-03-06 10:21:53+00,2025-10-11 22:08:15.489564+00,2025-10-11 22:08:15.489564+00
47013,34,GEM Phrasimfasya#GEM,15,1,933,933,867,false,2025-08-22 15:08:39+00,2025-10-11 22:08:15.489564+00,2025-10-11 22:08:15.489564+00
47014,34,GEM Phrasimfasya#GEM,26,1,845,845,955,false,2025-03-04 02:39:20+00,2025-10-11 22:08:15.489564+00,2025-10-11 22:08:15.489564+00
47015,34,GEM Phrasimfasya#GEM,114,1,765,765,1035,false,2025-02-25 05:24:06+00,2025-10-11 22:08:15.489564+00,2025-10-11 22:08:15.489564+00
47016,34,GEM Phrasimfasya#GEM,555,1,662,662,1138,false,2025-03-06 09:20:23+00,2025-10-11 22:08:15.489564+00,2025-10-11 22:08:15.489564+00
47017,34,GEM Phrasimfasya#GEM,350,2,649,649,1151,false,2025-08-16 21:52:11+00,2025-10-11 22:08:15.489564+00,2025-10-14 22:17:30.163807+00
47018,34,GEM Phrasimfasya#GEM,876,1,630,630,1170,false,2025-07-26 02:42:06+00,2025-10-11 22:08:15.489564+00,2025-10-11 22:08:15.489564+00
47019,34,GEM Phrasimfasya#GEM,111,1,612,612,1188,false,2025-08-07 01:38:45+00,2025-10-11 22:08:15.489564+00,2025-10-11 22:08:15.489564+00
47020,34,GEM Phrasimfasya#GEM,33,1,548,548,1252,false,2025-08-19 02:33:33+00,2025-10-11 22:08:15.489564+00,2025-10-11 22:08:15.489564+00
47021,34,GEM Phrasimfasya#GEM,40,1,544,544,1256,false,2025-08-22 23:31:06+00,2025-10-11 22:08:15.489564+00,2025-10-11 22:08:15.489564+00
47022,34,GEM Phrasimfasya#GEM,147,1,532,532,1268,false,2025-08-23 18:17:08+00,2025-10-11 22:08:15.489564+00,2025-10-11 22:08:15.489564+00
47023,34,GEM Phrasimfasya#GEM,34,1,409,409,1391,false,2025-08-28 20:49:21+00,2025-10-11 22:08:15.489564+00,2025-10-11 22:08:15.489564+00
47024,7,GEM Rothroyaume#GEM,350,10,71964,7364,3636,false,2025-10-09 01:40:02+00,2025-10-11 22:08:17.057554+00,2025-10-17 05:42:42.535897+00
47025,7,GEM Rothroyaume#GEM,21,6,31997,397,10603,false,2025-10-08 23:51:47+00,2025-10-11 22:08:17.057554+00,2025-10-11 22:08:17.057554+00
47026,7,GEM Rothroyaume#GEM,902,4,18067,5467,3533,false,2025-08-03 18:31:45+00,2025-10-11 22:08:17.057554+00,2025-10-11 22:08:17.057554+00
47027,7,GEM Rothroyaume#GEM,104,4,13541,941,8059,false,2025-02-25 16:45:00+00,2025-10-11 22:08:17.057554+00,2025-10-11 22:08:17.057554+00
47028,7,GEM Rothroyaume#GEM,29,4,13351,751,8249,false,2025-04-19 03:06:11+00,2025-10-11 22:08:17.057554+00,2025-10-11 22:08:17.057554+00
47029,7,GEM Rothroyaume#GEM,9,3,6004,4,6596,false,2023-12-23 17:06:24+00,2025-10-11 22:08:17.057554+00,2025-10-11 22:08:17.057554+00
47030,7,GEM Rothroyaume#GEM,33,2,5917,4117,83,false,2023-12-23 12:48:40+00,2025-10-11 22:08:17.057554+00,2025-10-11 22:08:17.057554+00
47031,7,GEM Rothroyaume#GEM,64,2,4808,3008,1192,false,2025-02-14 19:18:47+00,2025-10-11 22:08:17.057554+00,2025-10-11 22:08:17.057554+00
47032,7,GEM Rothroyaume#GEM,15,2,4073,2273,1927,false,2025-02-13 17:36:57+00,2025-10-11 22:08:17.057554+00,2025-10-11 22:08:17.057554+00
47033,7,GEM Rothroyaume#GEM,99,2,3536,1736,2464,false,2025-03-03 01:14:41+00,2025-10-11 22:08:17.057554+00,2025-10-11 22:08:17.057554+00
47034,7,GEM Rothroyaume#GEM,236,2,3310,1510,2690,false,2025-02-28 03:50:56+00,2025-10-11 22:08:17.057554+00,2025-10-11 22:08:17.057554+00
47035,7,GEM Rothroyaume#GEM,518,2,2539,739,3461,false,2025-02-25 17:08:31+00,2025-10-11 22:08:17.057554+00,2025-10-11 22:08:17.057554+00
47036,7,GEM Rothroyaume#GEM,45,2,1811,11,4189,false,2025-02-25 17:31:25+00,2025-10-11 22:08:17.057554+00,2025-10-11 22:08:17.057554+00
47037,7,GEM Rothroyaume#GEM,31,1,1774,1774,26,false,2025-02-13 17:11:31+00,2025-10-11 22:08:17.057554+00,2025-10-11 22:08:17.057554+00
47038,7,GEM Rothroyaume#GEM,19,1,1646,1646,154,false,2025-02-14 04:17:48+00,2025-10-11 22:08:17.057554+00,2025-10-11 22:08:17.057554+00
47039,7,GEM Rothroyaume#GEM,107,1,1626,1626,174,false,2023-12-14 19:42:20+00,2025-10-11 22:08:17.057554+00,2025-10-11 22:08:17.057554+00
47040,7,GEM Rothroyaume#GEM,800,1,1548,1548,252,false,2025-02-14 20:03:05+00,2025-10-11 22:08:17.057554+00,2025-10-11 22:08:17.057554+00
47041,7,GEM Rothroyaume#GEM,360,1,1290,1290,510,false,2025-02-28 01:14:21+00,2025-10-11 22:08:17.057554+00,2025-10-11 22:08:17.057554+00
47042,7,GEM Rothroyaume#GEM,498,1,1273,1273,527,false,2023-11-07 16:58:12+00,2025-10-11 22:08:17.057554+00,2025-10-11 22:08:17.057554+00
47043,7,GEM Rothroyaume#GEM,222,1,1214,1214,586,false,2023-11-07 18:19:56+00,2025-10-11 22:08:17.057554+00,2025-10-11 22:08:17.057554+00
47044,7,GEM Rothroyaume#GEM,115,1,1147,1147,653,false,2023-12-03 21:03:39+00,2025-10-11 22:08:17.057554+00,2025-10-11 22:08:17.057554+00
47045,7,GEM Rothroyaume#GEM,39,1,1015,1015,785,false,2025-02-26 00:15:23+00,2025-10-11 22:08:17.057554+00,2025-10-11 22:08:17.057554+00
47046,7,GEM Rothroyaume#GEM,131,1,942,942,858,false,2023-12-09 00:58:11+00,2025-10-11 22:08:17.057554+00,2025-10-11 22:08:17.057554+00
47047,7,GEM Rothroyaume#GEM,40,1,900,900,900,false,2025-02-14 22:11:24+00,2025-10-11 22:08:17.057554+00,2025-10-11 22:08:17.057554+00
47048,7,GEM Rothroyaume#GEM,8,1,661,661,1139,false,2023-11-07 15:49:53+00,2025-10-11 22:08:17.057554+00,2025-10-11 22:08:17.057554+00
47049,7,GEM Rothroyaume#GEM,202,1,647,647,1153,false,2023-12-08 01:31:35+00,2025-10-11 22:08:17.057554+00,2025-10-11 22:08:17.057554+00
47050,7,GEM Rothroyaume#GEM,53,1,592,592,1208,false,2025-04-20 00:48:55+00,2025-10-11 22:08:17.057554+00,2025-10-11 22:08:17.057554+00
47051,7,GEM Rothroyaume#GEM,63,1,591,591,1209,false,2023-12-09 14:51:41+00,2025-10-11 22:08:17.057554+00,2025-10-11 22:08:17.057554+00
47052,7,GEM Rothroyaume#GEM,76,1,584,584,1216,false,2023-11-07 03:50:01+00,2025-10-11 22:08:17.057554+00,2025-10-11 22:08:17.057554+00
47053,7,GEM Rothroyaume#GEM,119,1,559,559,1241,false,2023-11-07 16:07:32+00,2025-10-11 22:08:17.057554+00,2025-10-11 22:08:17.057554+00
47054,7,GEM Rothroyaume#GEM,22,1,550,550,1250,false,2025-02-28 04:32:36+00,2025-10-11 22:08:17.057554+00,2025-10-11 22:08:17.057554+00
47055,7,GEM Rothroyaume#GEM,20,1,492,492,1308,false,2023-12-13 21:29:42+00,2025-10-11 22:08:17.057554+00,2025-10-11 22:08:17.057554+00
47056,7,GEM Rothroyaume#GEM,35,1,394,394,1406,false,2023-12-14 20:36:54+00,2025-10-11 22:08:17.057554+00,2025-10-11 22:08:17.057554+00
47057,7,GEM Rothroyaume#GEM,1,1,301,301,1499,false,2025-02-25 23:42:32+00,2025-10-11 22:08:17.057554+00,2025-10-11 22:08:17.057554+00
47058,7,GEM Rothroyaume#GEM,555,1,260,260,1540,false,2023-12-16 15:10:59+00,2025-10-11 22:08:17.057554+00,2025-10-11 22:08:17.057554+00
47059,7,GEM Rothroyaume#GEM,32,1,212,212,1588,false,2023-12-03 18:06:25+00,2025-10-11 22:08:17.057554+00,2025-10-11 22:08:17.057554+00
47060,7,GEM Rothroyaume#GEM,147,1,194,194,1606,false,2023-08-16 17:54:36+00,2025-10-11 22:08:17.057554+00,2025-10-11 22:08:17.057554+00
47061,7,GEM Rothroyaume#GEM,126,1,177,177,1623,false,2023-12-03 16:31:18+00,2025-10-11 22:08:17.057554+00,2025-10-11 22:08:17.057554+00
47062,7,GEM Rothroyaume#GEM,81,1,173,173,1627,false,2023-08-16 15:14:00+00,2025-10-11 22:08:17.057554+00,2025-10-11 22:08:17.057554+00
47063,7,GEM Rothroyaume#GEM,127,1,165,165,1635,false,2023-08-16 18:27:14+00,2025-10-11 22:08:17.057554+00,2025-10-11 22:08:17.057554+00
47064,7,GEM Rothroyaume#GEM,110,1,154,154,1646,false,2023-09-02 20:46:44+00,2025-10-11 22:08:17.057554+00,2025-10-11 22:08:17.057554+00
47065,7,GEM Rothroyaume#GEM,18,1,141,141,1659,false,2023-09-01 01:58:57+00,2025-10-11 22:08:17.057554+00,2025-10-11 22:08:17.057554+00
47066,7,GEM Rothroyaume#GEM,429,1,134,134,1666,false,2023-11-27 00:47:10+00,2025-10-11 22:08:17.057554+00,2025-10-11 22:08:17.057554+00
47067,7,GEM Rothroyaume#GEM,84,1,123,123,1677,false,2023-11-07 03:22:23+00,2025-10-11 22:08:17.057554+00,2025-10-11 22:08:17.057554+00
47068,7,GEM Rothroyaume#GEM,245,1,100,100,1700,false,2023-11-07 02:43:16+00,2025-10-11 22:08:17.057554+00,2025-10-11 22:08:17.057554+00
47069,7,GEM Rothroyaume#GEM,114,1,97,97,1703,false,2023-11-07 17:19:04+00,2025-10-11 22:08:17.057554+00,2025-10-11 22:08:17.057554+00
47070,7,GEM Rothroyaume#GEM,34,1,87,87,1713,false,2023-08-14 16:32:26+00,2025-10-11 22:08:17.057554+00,2025-10-11 22:08:17.057554+00
47071,40,GEM Veldraveth#GEM,145,9,52284,9684,1316,false,2025-10-09 23:04:27+00,2025-10-11 22:08:33.473403+00,2026-01-23 00:02:16.799638+00
47072,40,GEM Veldraveth#GEM,67,9,50739,8139,2861,false,2025-08-29 00:05:26+00,2025-10-11 22:08:33.473403+00,2026-01-23 00:02:20.825451+00
47073,40,GEM Veldraveth#GEM,22,4,15718,3118,5882,false,2025-10-09 21:26:47+00,2025-10-11 22:08:33.473403+00,2025-10-11 22:08:33.473403+00
47074,40,GEM Veldraveth#GEM,18,4,15053,2453,6547,false,2025-07-25 01:10:15+00,2025-10-11 22:08:33.473403+00,2025-10-11 22:08:33.473403+00
47075,40,GEM Veldraveth#GEM,523,4,13864,1264,7736,false,2025-10-10 02:49:04+00,2025-10-11 22:08:33.473403+00,2025-10-11 22:08:33.473403+00
47076,40,GEM Veldraveth#GEM,15,3,10168,4168,2432,false,2025-07-24 23:53:03+00,2025-10-11 22:08:33.473403+00,2025-10-11 22:08:33.473403+00
47077,40,GEM Veldraveth#GEM,51,4,9228,3228,3372,false,2025-07-12 00:24:04+00,2025-10-11 22:08:33.473403+00,2026-02-16 03:41:13.697022+00
47078,40,GEM Veldraveth#GEM,76,3,8548,2548,4052,false,2025-04-18 02:42:59+00,2025-10-11 22:08:33.473403+00,2025-10-11 22:08:33.473403+00
47079,40,GEM Veldraveth#GEM,412,2,5904,4104,96,false,2025-04-17 03:19:42+00,2025-10-11 22:08:33.473403+00,2025-10-11 22:08:33.473403+00
47080,40,GEM Veldraveth#GEM,498,2,5494,3694,506,false,2023-12-03 20:26:39+00,2025-10-11 22:08:33.473403+00,2025-10-11 22:08:33.473403+00
47081,40,GEM Veldraveth#GEM,89,2,5193,3393,807,false,2023-11-02 13:22:45+00,2025-10-11 22:08:33.473403+00,2025-10-11 22:08:33.473403+00
47082,40,GEM Veldraveth#GEM,54,2,4815,3015,1185,false,2025-07-05 02:02:52+00,2025-10-11 22:08:33.473403+00,2025-10-11 22:08:33.473403+00
47083,40,GEM Veldraveth#GEM,110,2,3203,1403,2797,false,2024-01-10 00:42:29+00,2025-10-11 22:08:33.473403+00,2025-10-11 22:08:33.473403+00
47084,40,GEM Veldraveth#GEM,111,2,3097,1297,2903,false,2025-04-17 00:41:49+00,2025-10-11 22:08:33.473403+00,2025-10-11 22:08:33.473403+00
47085,40,GEM Veldraveth#GEM,81,2,3013,1213,2987,false,2024-11-21 23:05:28+00,2025-10-11 22:08:33.473403+00,2025-10-11 22:08:33.473403+00
47086,40,GEM Veldraveth#GEM,99,2,2656,856,3344,false,2025-07-12 01:11:10+00,2025-10-11 22:08:33.473403+00,2025-10-11 22:08:33.473403+00
47087,40,GEM Veldraveth#GEM,84,2,2292,492,3708,false,2025-04-16 00:58:45+00,2025-10-11 22:08:33.473403+00,2025-10-11 22:08:33.473403+00
47088,40,GEM Veldraveth#GEM,222,2,2195,395,3805,false,2024-03-21 22:28:34+00,2025-10-11 22:08:33.473403+00,2025-10-11 22:08:33.473403+00
47089,40,GEM Veldraveth#GEM,32,1,1871,1871,-71,false,2025-03-30 01:46:20+00,2025-10-11 22:08:33.473403+00,2025-10-11 22:08:33.473403+00
47090,40,GEM Veldraveth#GEM,113,1,1789,1789,11,false,2025-04-17 21:50:10+00,2025-10-11 22:08:33.473403+00,2025-10-11 22:08:33.473403+00
47091,40,GEM Veldraveth#GEM,7,1,1596,1596,204,false,2025-07-12 02:59:53+00,2025-10-11 22:08:33.473403+00,2025-10-11 22:08:33.473403+00
47092,40,GEM Veldraveth#GEM,19,1,1508,1508,292,false,2025-04-17 20:49:33+00,2025-10-11 22:08:33.473403+00,2025-10-11 22:08:33.473403+00
47093,40,GEM Veldraveth#GEM,29,1,1322,1322,478,false,2025-04-16 16:13:41+00,2025-10-11 22:08:33.473403+00,2025-10-11 22:08:33.473403+00
47094,40,GEM Veldraveth#GEM,10,1,1258,1258,542,false,2025-07-05 02:56:28+00,2025-10-11 22:08:33.473403+00,2025-10-11 22:08:33.473403+00
47095,40,GEM Veldraveth#GEM,360,1,1058,1058,742,false,2023-10-30 19:36:33+00,2025-10-11 22:08:33.473403+00,2025-10-11 22:08:33.473403+00
47096,40,GEM Veldraveth#GEM,21,1,1051,1051,749,false,2024-01-24 23:33:55+00,2025-10-11 22:08:33.473403+00,2025-10-11 22:08:33.473403+00
47097,40,GEM Veldraveth#GEM,4,1,955,955,845,false,2025-07-12 02:05:18+00,2025-10-11 22:08:33.473403+00,2025-10-11 22:08:33.473403+00
47098,40,GEM Veldraveth#GEM,96,1,794,794,1006,false,2025-03-20 00:12:08+00,2025-10-11 22:08:33.473403+00,2025-10-11 22:08:33.473403+00
47099,40,GEM Veldraveth#GEM,555,1,657,657,1143,false,2023-08-25 20:23:45+00,2025-10-11 22:08:33.473403+00,2025-10-11 22:08:33.473403+00
47100,40,GEM Veldraveth#GEM,497,1,638,638,1162,false,2025-04-17 01:11:46+00,2025-10-11 22:08:33.473403+00,2025-10-11 22:08:33.473403+00
47101,40,GEM Veldraveth#GEM,202,1,636,636,1164,false,2025-10-10 02:10:44+00,2025-10-11 22:08:33.473403+00,2025-10-11 22:08:33.473403+00
47102,40,GEM Veldraveth#GEM,119,1,632,632,1168,false,2023-08-25 21:24:53+00,2025-10-11 22:08:33.473403+00,2025-10-11 22:08:33.473403+00
47103,40,GEM Veldraveth#GEM,103,1,631,631,1169,false,2025-04-17 23:30:53+00,2025-10-11 22:08:33.473403+00,2025-10-11 22:08:33.473403+00
47104,40,GEM Veldraveth#GEM,221,1,596,596,1204,false,2023-09-16 02:11:52+00,2025-10-11 22:08:33.473403+00,2025-10-11 22:08:33.473403+00
47105,40,GEM Veldraveth#GEM,131,1,590,590,1210,false,2025-04-18 01:41:31+00,2025-10-11 22:08:33.473403+00,2025-10-11 22:08:33.473403+00
47106,40,GEM Veldraveth#GEM,86,1,583,583,1217,false,2025-07-24 04:13:23+00,2025-10-11 22:08:33.473403+00,2025-10-11 22:08:33.473403+00
47107,40,GEM Veldraveth#GEM,122,1,513,513,1287,false,2025-03-30 00:29:51+00,2025-10-11 22:08:33.473403+00,2025-10-11 22:08:33.473403+00
47108,40,GEM Veldraveth#GEM,267,1,452,452,1348,false,2025-04-17 17:58:49+00,2025-10-11 22:08:33.473403+00,2025-10-11 22:08:33.473403+00
47109,40,GEM Veldraveth#GEM,57,1,141,141,1659,false,2023-09-05 06:59:48+00,2025-10-11 22:08:33.473403+00,2025-10-11 22:08:33.473403+00
47110,40,GEM Veldraveth#GEM,238,1,141,141,1659,false,2023-09-01 01:58:57+00,2025-10-11 22:08:33.473403+00,2025-10-11 22:08:33.473403+00
47111,40,GEM Veldraveth#GEM,59,1,132,132,1668,false,2024-03-02 18:43:03+00,2025-10-11 22:08:33.473403+00,2025-10-11 22:08:33.473403+00
47112,40,GEM Veldraveth#GEM,11,1,122,122,1678,false,2023-08-30 07:36:01+00,2025-10-11 22:08:33.473403+00,2025-10-11 22:08:33.473403+00
47113,40,GEM Veldraveth#GEM,35,1,118,118,1682,false,2023-08-25 22:31:14+00,2025-10-11 22:08:33.473403+00,2025-10-11 22:08:33.473403+00
47114,40,GEM Veldraveth#GEM,62,1,103,103,1697,false,2023-09-03 08:41:09+00,2025-10-11 22:08:33.473403+00,2025-10-11 22:08:33.473403+00
47115,40,GEM Veldraveth#GEM,234,1,103,103,1697,false,2023-09-03 08:21:06+00,2025-10-11 22:08:33.473403+00,2025-10-11 22:08:33.473403+00
47116,40,GEM Veldraveth#GEM,201,1,78,78,1722,false,2023-08-20 01:05:59+00,2025-10-11 22:08:33.473403+00,2025-10-11 22:08:33.473403+00
47117,40,GEM Veldraveth#GEM,82,1,74,74,1726,false,2023-08-25 21:03:20+00,2025-10-11 22:08:33.473403+00,2025-10-11 22:08:33.473403+00
47118,40,GEM Veldraveth#GEM,24,1,68,68,1732,false,2023-08-30 07:07:50+00,2025-10-11 22:08:33.473403+00,2025-10-11 22:08:33.473403+00
47119,40,GEM Veldraveth#GEM,147,1,68,68,1732,false,2023-08-20 01:36:08+00,2025-10-11 22:08:33.473403+00,2025-10-11 22:08:33.473403+00
47120,39,GEM Deliquesence#LAS,350,6,31724,124,10876,false,2025-03-26 16:47:26+00,2025-10-11 22:08:35.017462+00,2025-10-11 22:08:35.017462+00
47121,39,GEM Deliquesence#LAS,23,5,23871,2271,7729,false,2025-07-25 01:44:02+00,2025-10-11 22:08:35.017462+00,2025-10-11 22:08:35.017462+00
47122,39,GEM Deliquesence#LAS,107,5,22551,951,9049,false,2023-12-01 22:50:32+00,2025-10-11 22:08:35.017462+00,2025-10-11 22:08:35.017462+00
47123,39,GEM Deliquesence#LAS,79,3,12238,6238,362,false,2023-09-04 16:07:18+00,2025-10-11 22:08:35.017462+00,2025-10-11 22:08:35.017462+00
47124,39,GEM Deliquesence#LAS,236,3,6430,430,6170,false,2023-09-03 21:12:13+00,2025-10-11 22:08:35.017462+00,2025-10-11 22:08:35.017462+00
47125,39,GEM Deliquesence#LAS,54,2,4092,2292,1908,false,2025-03-28 00:40:05+00,2025-10-11 22:08:35.017462+00,2025-10-11 22:08:35.017462+00
47126,39,GEM Deliquesence#LAS,21,2,2850,1050,3150,false,2025-03-26 18:49:04+00,2025-10-11 22:08:35.017462+00,2025-10-11 22:08:35.017462+00
47127,39,GEM Deliquesence#LAS,9,2,2661,861,3339,false,2023-09-10 00:34:11+00,2025-10-11 22:08:35.017462+00,2025-10-11 22:08:35.017462+00
47128,39,GEM Deliquesence#LAS,267,2,2302,502,3698,false,2023-09-04 00:14:34+00,2025-10-11 22:08:35.017462+00,2025-10-11 22:08:35.017462+00
47129,39,GEM Deliquesence#LAS,40,2,2229,429,3771,false,2025-03-20 16:09:46+00,2025-10-11 22:08:35.017462+00,2025-10-11 22:08:35.017462+00
47130,39,GEM Deliquesence#LAS,147,2,2081,281,3919,false,2023-08-31 00:11:50+00,2025-10-11 22:08:35.017462+00,2025-10-11 22:08:35.017462+00
47131,39,GEM Deliquesence#LAS,35,1,1335,1335,465,false,2023-09-02 00:39:39+00,2025-10-11 22:08:35.017462+00,2025-10-11 22:08:35.017462+00
47132,39,GEM Deliquesence#LAS,45,1,1322,1322,478,false,2023-09-02 20:21:02+00,2025-10-11 22:08:35.017462+00,2025-10-11 22:08:35.017462+00
47133,39,GEM Deliquesence#LAS,25,1,1200,1200,600,false,2023-09-08 01:57:32+00,2025-10-11 22:08:35.017462+00,2025-10-11 22:08:35.017462+00
47134,39,GEM Deliquesence#LAS,102,1,1142,1142,658,false,2023-09-12 23:47:52+00,2025-10-11 22:08:35.017462+00,2025-10-11 22:08:35.017462+00
47135,39,GEM Deliquesence#LAS,110,1,1036,1036,764,false,2023-09-13 02:33:26+00,2025-10-11 22:08:35.017462+00,2025-10-11 22:08:35.017462+00
47136,39,GEM Deliquesence#LAS,89,1,915,915,885,false,2023-11-06 18:34:51+00,2025-10-11 22:08:35.017462+00,2025-10-11 22:08:35.017462+00
47137,39,GEM Deliquesence#LAS,875,1,852,852,948,false,2023-08-23 00:21:37+00,2025-10-11 22:08:35.017462+00,2025-10-11 22:08:35.017462+00
47138,39,GEM Deliquesence#LAS,43,1,743,743,1057,false,2023-09-10 03:09:58+00,2025-10-11 22:08:35.017462+00,2025-10-11 22:08:35.017462+00
47139,39,GEM Deliquesence#LAS,19,1,647,647,1153,false,2025-03-23 00:22:20+00,2025-10-11 22:08:35.017462+00,2025-10-11 22:08:35.017462+00
47140,39,GEM Deliquesence#LAS,99,1,632,632,1168,false,2023-09-10 20:16:14+00,2025-10-11 22:08:35.017462+00,2025-10-11 22:08:35.017462+00
47141,39,GEM Deliquesence#LAS,7,1,591,591,1209,false,2023-09-10 19:33:15+00,2025-10-11 22:08:35.017462+00,2025-10-11 22:08:35.017462+00
47142,39,GEM Deliquesence#LAS,76,1,557,557,1243,false,2023-09-10 00:55:38+00,2025-10-11 22:08:35.017462+00,2025-10-11 22:08:35.017462+00
47143,39,GEM Deliquesence#LAS,16,1,527,527,1273,false,2023-09-10 16:34:11+00,2025-10-11 22:08:35.017462+00,2025-10-11 22:08:35.017462+00
47144,39,GEM Deliquesence#LAS,37,1,522,522,1278,false,2023-08-31 12:04:59+00,2025-10-11 22:08:35.017462+00,2025-10-11 22:08:35.017462+00
47145,39,GEM Deliquesence#LAS,39,1,469,469,1331,false,2023-08-25 22:31:15+00,2025-10-11 22:08:35.017462+00,2025-10-11 22:08:35.017462+00
47146,39,GEM Deliquesence#LAS,111,1,231,231,1569,false,2023-09-12 16:38:33+00,2025-10-11 22:08:35.017462+00,2025-10-11 22:08:35.017462+00
47147,39,GEM Deliquesence#LAS,104,1,186,186,1614,false,2023-08-23 17:39:43+00,2025-10-11 22:08:35.017462+00,2025-10-11 22:08:35.017462+00
47148,39,GEM Deliquesence#LAS,67,1,167,167,1633,false,2023-09-07 19:38:13+00,2025-10-11 22:08:35.017462+00,2025-10-11 22:08:35.017462+00
47149,39,GEM Deliquesence#LAS,81,1,160,160,1640,false,2023-09-16 00:56:40+00,2025-10-11 22:08:35.017462+00,2025-10-11 22:08:35.017462+00
47150,39,GEM Deliquesence#LAS,59,1,139,139,1661,false,2023-09-05 11:30:04+00,2025-10-11 22:08:35.017462+00,2025-10-11 22:08:35.017462+00
47151,39,GEM Deliquesence#LAS,518,1,137,137,1663,false,2023-09-10 21:16:36+00,2025-10-11 22:08:35.017462+00,2025-10-11 22:08:35.017462+00
47152,39,GEM Deliquesence#LAS,51,1,120,120,1680,false,2023-09-10 20:44:21+00,2025-10-11 22:08:35.017462+00,2025-10-11 22:08:35.017462+00
47153,39,GEM Deliquesence#LAS,80,1,118,118,1682,false,2023-08-26 00:37:10+00,2025-10-11 22:08:35.017462+00,2025-10-11 22:08:35.017462+00
47154,39,GEM Deliquesence#LAS,523,1,115,115,1685,false,2023-09-08 00:43:27+00,2025-10-11 22:08:35.017462+00,2025-10-11 22:08:35.017462+00
47155,39,GEM Deliquesence#LAS,64,1,111,111,1689,false,2023-09-10 15:28:23+00,2025-10-11 22:08:35.017462+00,2025-10-11 22:08:35.017462+00
47156,39,GEM Deliquesence#LAS,1,1,80,80,1720,false,2023-09-10 02:05:47+00,2025-10-11 22:08:35.017462+00,2025-10-11 22:08:35.017462+00
47157,35,GEM Praireclovia#GEM,64,6,41770,10170,830,false,2025-09-26 23:34:18+00,2025-10-11 22:08:36.549767+00,2025-10-11 22:08:36.549767+00
47158,35,GEM Praireclovia#GEM,67,6,35449,3849,7151,false,2022-11-08 00:30:06+00,2025-10-11 22:08:36.549767+00,2025-10-11 22:08:36.549767+00
47159,35,GEM Praireclovia#GEM,350,7,31823,0,21777,false,2022-09-20 15:14:11+00,2025-10-11 22:08:36.549767+00,2025-10-11 22:08:36.549767+00
47160,35,GEM Praireclovia#GEM,202,5,30191,8591,1409,false,2025-10-05 23:25:02+00,2025-10-11 22:08:36.549767+00,2025-10-11 22:08:36.549767+00
47161,35,GEM Praireclovia#GEM,902,5,28669,7069,2931,false,2025-08-06 02:56:11+00,2025-10-11 22:08:36.549767+00,2025-10-11 22:08:36.549767+00
47162,35,GEM Praireclovia#GEM,89,5,26581,4981,5019,false,2022-10-15 16:23:51+00,2025-10-11 22:08:36.549767+00,2025-10-11 22:08:36.549767+00
47163,35,GEM Praireclovia#GEM,51,4,21745,9145,-145,false,2025-08-22 15:08:39+00,2025-10-11 22:08:36.549767+00,2025-10-11 22:08:36.549767+00
47164,35,GEM Praireclovia#GEM,13,4,16926,4326,4674,false,2025-10-07 19:12:41+00,2025-10-11 22:08:36.549767+00,2025-10-11 22:08:36.549767+00
47165,35,GEM Praireclovia#GEM,99,4,15914,3314,5686,false,2024-01-02 23:24:46+00,2025-10-11 22:08:36.549767+00,2025-10-11 22:08:36.549767+00
47166,35,GEM Praireclovia#GEM,200,4,15875,3275,5725,false,2023-07-11 00:50:19+00,2025-10-11 22:08:36.549767+00,2025-10-11 22:08:36.549767+00
47167,35,GEM Praireclovia#GEM,238,4,15737,3137,5863,false,2025-04-12 01:23:29+00,2025-10-11 22:08:36.549767+00,2025-10-11 22:08:36.549767+00
47168,35,GEM Praireclovia#GEM,107,4,14639,2039,6961,false,2025-04-15 01:15:06+00,2025-10-11 22:08:36.549767+00,2025-10-11 22:08:36.549767+00
47169,35,GEM Praireclovia#GEM,555,4,14163,1563,7437,false,2022-09-21 21:47:04+00,2025-10-11 22:08:36.549767+00,2025-10-11 22:08:36.549767+00
47170,35,GEM Praireclovia#GEM,246,3,11393,5393,1207,false,2023-08-25 23:26:39+00,2025-10-11 22:08:36.549767+00,2025-10-11 22:08:36.549767+00
47171,35,GEM Praireclovia#GEM,81,3,10990,4990,1610,false,2025-04-18 17:46:32+00,2025-10-11 22:08:36.549767+00,2025-10-11 22:08:36.549767+00
47172,35,GEM Praireclovia#GEM,35,3,10985,4985,1615,false,2022-06-03 17:45:52+00,2025-10-11 22:08:36.549767+00,2025-10-11 22:08:36.549767+00
47173,35,GEM Praireclovia#GEM,245,3,10640,4640,1960,false,2023-09-03 19:21:15+00,2025-10-11 22:08:36.549767+00,2025-10-11 22:08:36.549767+00
47174,35,GEM Praireclovia#GEM,18,3,8935,2935,3665,false,2022-11-14 22:26:17+00,2025-10-11 22:08:36.549767+00,2025-10-11 22:08:36.549767+00
47175,35,GEM Praireclovia#GEM,45,3,8415,2415,4185,false,2022-05-30 12:09:09+00,2025-10-11 22:08:36.549767+00,2025-10-11 22:08:36.549767+00
47176,35,GEM Praireclovia#GEM,7,3,8065,2065,4535,false,2025-03-29 03:11:35+00,2025-10-11 22:08:36.549767+00,2025-10-11 22:08:36.549767+00
47177,35,GEM Praireclovia#GEM,41,3,7319,1319,5281,false,2025-04-12 15:18:19+00,2025-10-11 22:08:36.549767+00,2025-10-11 22:08:36.549767+00
47178,35,GEM Praireclovia#GEM,526,3,6233,233,6367,false,2023-09-02 09:58:40+00,2025-10-11 22:08:36.549767+00,2025-10-11 22:08:36.549767+00
47179,35,GEM Praireclovia#GEM,115,3,6218,218,6382,false,2023-09-02 20:21:02+00,2025-10-11 22:08:36.549767+00,2025-10-11 22:08:36.549767+00
47180,35,GEM Praireclovia#GEM,40,2,5807,4007,193,false,2022-07-12 02:34:49+00,2025-10-11 22:08:36.549767+00,2025-10-11 22:08:36.549767+00
47181,35,GEM Praireclovia#GEM,9,2,5428,3628,572,false,2021-02-22 03:06:41+00,2025-10-11 22:08:36.549767+00,2025-10-11 22:08:36.549767+00
47182,35,GEM Praireclovia#GEM,84,2,5216,3416,784,false,2025-10-07 19:55:07+00,2025-10-11 22:08:36.549767+00,2025-10-11 22:08:36.549767+00
47183,35,GEM Praireclovia#GEM,145,2,4370,2570,1630,false,2025-10-07 14:12:07+00,2025-10-11 22:08:36.549767+00,2025-10-11 22:08:36.549767+00
47184,35,GEM Praireclovia#GEM,15,2,4220,2420,1780,false,2025-04-12 20:28:02+00,2025-10-11 22:08:36.549767+00,2025-10-11 22:08:36.549767+00
47185,35,GEM Praireclovia#GEM,54,2,3843,2043,2157,false,2023-08-27 23:39:00+00,2025-10-11 22:08:36.549767+00,2025-10-11 22:08:36.549767+00
47186,35,GEM Praireclovia#GEM,236,2,3589,1789,2411,false,2025-04-18 18:23:21+00,2025-10-11 22:08:36.549767+00,2025-10-11 22:08:36.549767+00
47187,35,GEM Praireclovia#GEM,61,2,3277,1477,2723,false,2025-10-07 00:15:12+00,2025-10-11 22:08:36.549767+00,2025-10-11 22:08:36.549767+00
47188,35,GEM Praireclovia#GEM,29,2,3030,1230,2970,false,2023-08-26 02:08:22+00,2025-10-11 22:08:36.549767+00,2025-10-11 22:08:36.549767+00
47189,35,GEM Praireclovia#GEM,497,2,2811,1011,3189,false,2025-08-05 14:13:47+00,2025-10-11 22:08:36.549767+00,2025-10-11 22:08:36.549767+00
47190,35,GEM Praireclovia#GEM,90,2,2796,996,3204,false,2025-10-06 19:26:46+00,2025-10-11 22:08:36.549767+00,2025-10-11 22:08:36.549767+00
47191,35,GEM Praireclovia#GEM,114,2,2653,853,3347,false,2025-09-10 16:46:49+00,2025-10-11 22:08:36.549767+00,2025-10-11 22:08:36.549767+00
47192,35,GEM Praireclovia#GEM,498,2,2562,762,3438,false,2023-08-30 18:44:04+00,2025-10-11 22:08:36.549767+00,2025-10-11 22:08:36.549767+00
47193,35,GEM Praireclovia#GEM,20,2,2532,732,3468,false,2023-09-02 22:55:29+00,2025-10-11 22:08:36.549767+00,2025-10-11 22:08:36.549767+00
47194,35,GEM Praireclovia#GEM,161,2,2485,685,3515,false,2023-09-03 10:34:12+00,2025-10-11 22:08:36.549767+00,2025-10-11 22:08:36.549767+00
47195,35,GEM Praireclovia#GEM,101,2,2262,462,3738,false,2023-02-03 02:42:54+00,2025-10-11 22:08:36.549767+00,2025-10-11 22:08:36.549767+00
47196,35,GEM Praireclovia#GEM,143,2,2212,412,3788,false,2023-09-02 10:56:43+00,2025-10-11 22:08:36.549767+00,2025-10-11 22:08:36.549767+00
47197,35,GEM Praireclovia#GEM,39,2,1945,145,4055,false,2025-10-05 20:24:38+00,2025-10-11 22:08:36.549767+00,2025-10-11 22:08:36.549767+00
47198,35,GEM Praireclovia#GEM,36,2,1870,70,4130,false,2021-02-09 22:52:57+00,2025-10-11 22:08:36.549767+00,2025-10-11 22:08:36.549767+00
47199,35,GEM Praireclovia#GEM,3,2,1838,38,4162,false,2021-03-02 04:48:00+00,2025-10-11 22:08:36.549767+00,2025-10-11 22:08:36.549767+00
47200,35,GEM Praireclovia#GEM,106,1,1814,1814,-14,false,2025-09-10 17:30:07+00,2025-10-11 22:08:36.549767+00,2025-10-11 22:08:36.549767+00
47201,35,GEM Praireclovia#GEM,412,1,1785,1785,15,false,2022-07-12 01:00:22+00,2025-10-11 22:08:36.549767+00,2025-10-11 22:08:36.549767+00
47202,35,GEM Praireclovia#GEM,26,1,1730,1730,70,false,2021-02-28 07:18:06+00,2025-10-11 22:08:36.549767+00,2025-10-11 22:08:36.549767+00
47203,35,GEM Praireclovia#GEM,79,1,1686,1686,114,false,2023-09-02 09:36:25+00,2025-10-11 22:08:36.549767+00,2025-10-11 22:08:36.549767+00
47204,35,GEM Praireclovia#GEM,8,1,1633,1633,167,false,2023-09-02 11:43:52+00,2025-10-11 22:08:36.549767+00,2025-10-11 22:08:36.549767+00
47205,35,GEM Praireclovia#GEM,104,1,1529,1529,271,false,2023-08-31 13:29:51+00,2025-10-11 22:08:36.549767+00,2025-10-11 22:08:36.549767+00
47206,35,GEM Praireclovia#GEM,133,1,1486,1486,314,false,2023-08-31 13:59:47+00,2025-10-11 22:08:36.549767+00,2025-10-11 22:08:36.549767+00
47207,35,GEM Praireclovia#GEM,16,1,1468,1468,332,false,2022-07-12 01:20:20+00,2025-10-11 22:08:36.549767+00,2025-10-11 22:08:36.549767+00
47208,35,GEM Praireclovia#GEM,14,1,1460,1460,340,false,2023-09-03 10:04:55+00,2025-10-11 22:08:36.549767+00,2025-10-11 22:08:36.549767+00
47209,35,GEM Praireclovia#GEM,427,1,1394,1394,406,false,2022-06-18 23:18:57+00,2025-10-11 22:08:36.549767+00,2025-10-11 22:08:36.549767+00
47210,35,GEM Praireclovia#GEM,11,1,1330,1330,470,false,2023-08-25 22:42:08+00,2025-10-11 22:08:36.549767+00,2025-10-11 22:08:36.549767+00
47211,35,GEM Praireclovia#GEM,24,1,1294,1294,506,false,2022-06-05 00:51:44+00,2025-10-11 22:08:36.549767+00,2025-10-11 22:08:36.549767+00
47212,35,GEM Praireclovia#GEM,166,1,1230,1230,570,false,2023-09-03 01:56:28+00,2025-10-11 22:08:36.549767+00,2025-10-11 22:08:36.549767+00
47213,35,GEM Praireclovia#GEM,119,1,1184,1184,616,false,2023-08-31 07:12:21+00,2025-10-11 22:08:36.549767+00,2025-10-11 22:08:36.549767+00
47214,35,GEM Praireclovia#GEM,56,1,1143,1143,657,false,2025-03-29 17:24:52+00,2025-10-11 22:08:36.549767+00,2025-10-11 22:08:36.549767+00
47215,35,GEM Praireclovia#GEM,68,1,1130,1130,670,false,2022-06-05 03:43:53+00,2025-10-11 22:08:36.549767+00,2025-10-11 22:08:36.549767+00
47216,35,GEM Praireclovia#GEM,222,1,1082,1082,718,false,2023-09-02 11:19:21+00,2025-10-11 22:08:36.549767+00,2025-10-11 22:08:36.549767+00
47217,35,GEM Praireclovia#GEM,82,1,1012,1012,788,false,2023-08-27 22:19:06+00,2025-10-11 22:08:36.549767+00,2025-10-11 22:08:36.549767+00
47218,35,GEM Praireclovia#GEM,80,1,965,965,835,false,2023-08-27 22:59:40+00,2025-10-11 22:08:36.549767+00,2025-10-11 22:08:36.549767+00
47219,35,GEM Praireclovia#GEM,91,1,896,896,904,false,2022-06-05 03:06:11+00,2025-10-11 22:08:36.549767+00,2025-10-11 22:08:36.549767+00
47220,35,GEM Praireclovia#GEM,121,1,893,893,907,false,2025-09-27 00:23:34+00,2025-10-11 22:08:36.549767+00,2025-10-11 22:08:36.549767+00
47221,35,GEM Praireclovia#GEM,157,1,890,890,910,false,2025-03-23 03:03:34+00,2025-10-11 22:08:36.549767+00,2025-10-11 22:08:36.549767+00
47222,35,GEM Praireclovia#GEM,38,1,887,887,913,false,2023-08-28 07:20:22+00,2025-10-11 22:08:36.549767+00,2025-10-11 22:08:36.549767+00
47223,35,GEM Praireclovia#GEM,147,1,857,857,943,false,2023-08-27 14:47:15+00,2025-10-11 22:08:36.549767+00,2025-10-11 22:08:36.549767+00
47224,35,GEM Praireclovia#GEM,63,1,831,831,969,false,2023-08-31 07:44:34+00,2025-10-11 22:08:36.549767+00,2025-10-11 22:08:36.549767+00
47225,35,GEM Praireclovia#GEM,266,1,810,810,990,false,2022-07-11 16:25:39+00,2025-10-11 22:08:36.549767+00,2025-10-11 22:08:36.549767+00
47226,35,GEM Praireclovia#GEM,235,1,810,810,990,false,2022-07-10 20:28:00+00,2025-10-11 22:08:36.549767+00,2025-10-11 22:08:36.549767+00
47227,35,GEM Praireclovia#GEM,136,1,809,809,991,false,2022-05-31 03:13:25+00,2025-10-11 22:08:36.549767+00,2025-10-11 22:08:36.549767+00
47228,35,GEM Praireclovia#GEM,25,1,776,776,1024,false,2022-09-21 19:47:35+00,2025-10-11 22:08:36.549767+00,2025-10-11 22:08:36.549767+00
47229,35,GEM Praireclovia#GEM,74,1,774,774,1026,false,2025-08-03 23:16:36+00,2025-10-11 22:08:36.549767+00,2025-10-11 22:08:36.549767+00
47230,35,GEM Praireclovia#GEM,57,1,766,766,1034,false,2021-02-09 05:34:25+00,2025-10-11 22:08:36.549767+00,2025-10-11 22:08:36.549767+00
47231,35,GEM Praireclovia#GEM,131,1,756,756,1044,false,2025-09-26 17:28:43+00,2025-10-11 22:08:36.549767+00,2025-10-11 22:08:36.549767+00
47232,35,GEM Praireclovia#GEM,34,1,749,749,1051,false,2023-08-26 10:53:52+00,2025-10-11 22:08:36.549767+00,2025-10-11 22:08:36.549767+00
47233,35,GEM Praireclovia#GEM,1,1,679,679,1121,false,2022-07-10 04:09:58+00,2025-10-11 22:08:36.549767+00,2025-10-11 22:08:36.549767+00
47234,35,GEM Praireclovia#GEM,267,1,673,673,1127,false,2022-06-03 18:23:22+00,2025-10-11 22:08:36.549767+00,2025-10-11 22:08:36.549767+00
47235,35,GEM Praireclovia#GEM,103,1,644,644,1156,false,2022-07-12 01:41:54+00,2025-10-11 22:08:36.549767+00,2025-10-11 22:08:36.549767+00
47236,35,GEM Praireclovia#GEM,429,1,627,627,1173,false,2023-08-27 04:13:59+00,2025-10-11 22:08:36.549767+00,2025-10-11 22:08:36.549767+00
47237,35,GEM Praireclovia#GEM,62,1,614,614,1186,false,2023-08-30 07:58:46+00,2025-10-11 22:08:36.549767+00,2025-10-11 22:08:36.549767+00
47238,35,GEM Praireclovia#GEM,92,1,613,613,1187,false,2022-08-18 19:17:06+00,2025-10-11 22:08:36.549767+00,2025-10-11 22:08:36.549767+00
47239,35,GEM Praireclovia#GEM,58,1,605,605,1195,false,2023-08-31 11:31:54+00,2025-10-11 22:08:36.549767+00,2025-10-11 22:08:36.549767+00
47240,35,GEM Praireclovia#GEM,21,1,605,605,1195,false,2023-08-26 01:20:58+00,2025-10-11 22:08:36.549767+00,2025-10-11 22:08:36.549767+00
47241,35,GEM Praireclovia#GEM,59,1,493,493,1307,false,2025-08-22 15:31:40+00,2025-10-11 22:08:36.549767+00,2025-10-11 22:08:36.549767+00
47242,35,GEM Praireclovia#GEM,27,1,488,488,1312,false,2022-06-05 05:02:33+00,2025-10-11 22:08:36.549767+00,2025-10-11 22:08:36.549767+00
47243,35,GEM Praireclovia#GEM,122,1,465,465,1335,false,2023-08-27 13:02:38+00,2025-10-11 22:08:36.549767+00,2025-10-11 22:08:36.549767+00
47244,35,GEM Praireclovia#GEM,4,1,455,455,1345,false,2023-09-02 22:21:04+00,2025-10-11 22:08:36.549767+00,2025-10-11 22:08:36.549767+00
47245,35,GEM Praireclovia#GEM,111,1,375,375,1425,false,2024-01-03 22:59:06+00,2025-10-11 22:08:36.549767+00,2025-10-11 22:08:36.549767+00
47246,35,GEM Praireclovia#GEM,19,1,264,264,1536,false,2024-01-04 00:43:19+00,2025-10-11 22:08:36.549767+00,2025-10-11 22:08:36.549767+00
47247,35,GEM Praireclovia#GEM,110,1,239,239,1561,false,2022-09-21 01:15:27+00,2025-10-11 22:08:36.549767+00,2025-10-11 22:08:36.549767+00
47248,35,GEM Praireclovia#GEM,887,1,233,233,1567,false,2023-09-01 01:31:46+00,2025-10-11 22:08:36.549767+00,2025-10-11 22:08:36.549767+00
47249,35,GEM Praireclovia#GEM,78,1,209,209,1591,false,2023-09-01 00:48:46+00,2025-10-11 22:08:36.549767+00,2025-10-11 22:08:36.549767+00
47250,35,GEM Praireclovia#GEM,32,1,183,183,1617,false,2024-01-02 22:16:29+00,2025-10-11 22:08:36.549767+00,2025-10-11 22:08:36.549767+00
47251,35,GEM Praireclovia#GEM,268,1,164,164,1636,false,2022-08-23 23:28:38+00,2025-10-11 22:08:36.549767+00,2025-10-11 22:08:36.549767+00
47252,35,GEM Praireclovia#GEM,37,1,160,160,1640,false,2020-04-25 19:15:32+00,2025-10-11 22:08:36.549767+00,2025-10-11 22:08:36.549767+00
47253,35,GEM Praireclovia#GEM,60,1,126,126,1674,false,2021-02-28 05:22:06+00,2025-10-11 22:08:36.549767+00,2025-10-11 22:08:36.549767+00
47254,35,GEM Praireclovia#GEM,55,1,104,104,1696,false,2023-08-31 13:07:42+00,2025-10-11 22:08:36.549767+00,2025-10-11 22:08:36.549767+00
47257,1,GEM Arminariknot#GEM,12,0,0,0,0,false,2025-10-12 01:05:16.273+00,2025-10-12 01:06:29.249216+00,2025-10-12 01:07:13.356434+00
47263,1,GEM Arminariknot#GEM,200,0,0,0,0,false,2025-10-12 01:06:18.653+00,2025-10-12 01:07:31.669849+00,2025-10-12 01:07:35.813295+00
47268,1,GEM Arminariknot#GEM,28,0,0,0,0,false,2025-10-12 01:07:57.447+00,2025-10-12 01:09:09.747098+00,2025-10-12 01:09:14.969153+00
47273,1,GEM Arminariknot#GEM,9,0,0,0,0,false,2025-10-12 01:08:24.657+00,2025-10-12 01:09:36.821126+00,2025-10-12 01:09:41.781519+00
47279,1,GEM Arminariknot#GEM,105,0,0,0,0,false,2025-10-12 01:08:53.17+00,2025-10-12 01:10:06.484189+00,2025-10-12 01:10:10.300292+00
47286,1,GEM Arminariknot#GEM,202,0,0,0,0,false,2025-10-12 01:09:12.547+00,2025-10-12 01:10:24.62197+00,2025-10-12 01:10:29.674214+00
47293,1,GEM Arminariknot#GEM,10,0,0,0,0,false,2025-10-12 01:09:29.882+00,2025-10-12 01:10:45.277221+00,2025-10-12 01:10:46.979294+00
47302,1,GEM Arminariknot#GEM,897,0,0,0,0,false,2025-10-12 01:10:46.766+00,2025-10-12 01:11:58.292254+00,2025-10-12 01:12:03.872498+00
47314,1,GEM Arminariknot#GEM,950,0,0,0,0,false,2025-10-12 01:11:38.064+00,2025-10-12 01:12:53.757928+00,2025-10-12 01:12:55.48619+00
47320,1,GEM Arminariknot#GEM,75,0,0,0,0,false,2025-10-12 01:11:59.598+00,2025-10-12 01:13:11.574626+00,2025-10-12 01:13:16.69598+00
47337,1,GEM Arminariknot#GEM,20,0,0,0,0,false,2025-10-12 01:12:27.353+00,2025-10-12 01:13:39.448696+00,2025-10-12 01:13:44.468835+00
47346,1,GEM Arminariknot#GEM,33,0,0,0,0,false,2025-10-12 01:14:00.589+00,2025-10-12 01:15:13.318763+00,2025-10-12 01:15:17.664794+00
47360,1,GEM Arminariknot#GEM,526,0,0,0,0,false,2025-10-12 01:14:25.31+00,2025-10-12 01:15:38.653236+00,2025-10-12 01:15:42.41947+00
47376,1,GEM Arminariknot#GEM,113,0,0,0,0,false,2025-10-12 01:15:40.055+00,2025-10-12 01:16:54.221067+00,2025-10-12 01:16:57.341078+00
47384,1,GEM Arminariknot#GEM,17,0,0,0,0,false,2025-10-12 01:16:55.803+00,2025-10-12 01:18:07.259438+00,2025-10-12 01:18:13.154994+00
47394,1,GEM Arminariknot#GEM,23,0,0,0,0,false,2025-10-12 01:17:10.685+00,2025-10-12 01:18:24.201571+00,2025-10-12 01:18:27.767311+00
47402,1,GEM Arminariknot#GEM,4,0,0,0,0,false,2025-10-12 01:17:29.546+00,2025-10-12 01:18:41.776402+00,2025-10-12 01:18:46.632894+00
47409,1,GEM Arminariknot#GEM,19,0,0,0,0,false,2025-10-12 01:17:52.277+00,2025-10-12 01:19:04.537116+00,2025-10-12 01:19:09.588344+00
47416,1,GEM Arminariknot#GEM,5,0,0,0,0,false,2025-10-12 01:18:17.012+00,2025-10-12 01:19:31.224222+00,2025-10-12 01:19:34.102865+00
47418,10,GEM Deellycella#GEM,26,0,0,0,0,false,2025-10-12 01:33:33.149+00,2025-10-12 01:34:44.372401+00,2025-10-12 01:34:50.501302+00
47432,10,GEM Deellycella#GEM,221,0,0,0,0,false,2025-10-12 01:33:55.123+00,2025-10-12 01:35:07.315803+00,2025-10-12 01:35:12.297311+00
47439,10,GEM Deellycella#GEM,83,0,0,0,0,false,2025-10-12 01:34:13.325+00,2025-10-12 01:35:26.606135+00,2025-10-12 01:35:30.457507+00
47447,10,GEM Deellycella#GEM,5,0,0,0,0,false,2025-10-12 01:34:34.044+00,2025-10-12 01:35:43.436534+00,2025-10-12 01:35:51.391836+00
47480,51,GEM Depurallire#GEM,115,0,0,0,0,false,2025-10-12 03:35:05.094+00,2025-10-12 03:35:06.92398+00,2025-10-12 03:35:06.92398+00
47481,51,GEM Depurallire#GEM,350,2,0,0,0,false,2025-10-12 03:35:14.124+00,2025-10-12 03:35:15.231096+00,2025-11-09 14:45:15.864472+00
47482,10,GEM Deellycella#GEM,432,2,0,0,0,false,2025-10-12 22:27:22.797+00,2025-10-12 22:28:33.524403+00,2025-10-12 22:28:39.405583+00
47502,10,GEM Deellycella#GEM,74,1,0,0,0,false,2025-10-13 06:17:50.273+00,2025-10-13 06:18:54.057795+00,2025-10-13 06:19:07.510724+00
47533,51,GEM Depurallire#GEM,12,0,0,0,0,false,2025-10-13 17:20:32.856+00,2025-10-13 17:20:33.149399+00,2025-10-13 17:20:33.149399+00
47534,51,GEM Depurallire#GEM,34,0,0,0,0,false,2025-10-13 17:20:45.478+00,2025-10-13 17:20:45.296888+00,2025-10-13 17:20:45.296888+00
47535,51,GEM Depurallire#GEM,1,0,0,0,0,false,2025-10-13 17:20:49.788+00,2025-10-13 17:20:50.095867+00,2025-10-13 17:20:50.095867+00
47536,51,GEM Depurallire#GEM,429,0,0,0,0,false,2025-10-13 17:20:59.655+00,2025-10-13 17:20:59.435699+00,2025-10-13 17:20:59.435699+00
47537,51,GEM Depurallire#GEM,360,1,0,0,0,false,2025-10-13 17:21:10.307+00,2025-10-13 17:21:10.357548+00,2025-11-09 14:45:35.245039+00
47538,51,GEM Depurallire#GEM,22,1,0,0,0,false,2025-10-13 17:21:26.199+00,2025-10-13 17:21:26.236572+00,2025-11-09 14:45:45.972799+00
47539,51,GEM Depurallire#GEM,63,0,0,0,0,false,2025-10-13 17:21:41.193+00,2025-10-13 17:21:40.958221+00,2025-10-13 17:21:40.958221+00
47540,51,GEM Depurallire#GEM,164,0,0,0,0,false,2025-10-13 17:21:44.717+00,2025-10-13 17:21:44.536878+00,2025-10-13 17:21:44.536878+00
47541,51,GEM Depurallire#GEM,31,0,0,0,0,false,2025-10-13 17:21:54.084+00,2025-10-13 17:21:53.852923+00,2025-10-13 17:21:53.852923+00
47542,51,GEM Depurallire#GEM,122,0,0,0,0,false,2025-10-13 17:21:57.926+00,2025-10-13 17:21:58.003798+00,2025-10-13 17:21:58.003798+00
47543,51,GEM Depurallire#GEM,131,0,0,0,0,false,2025-10-13 17:22:09.002+00,2025-10-13 17:22:08.724917+00,2025-10-13 17:22:08.724917+00
47544,51,GEM Depurallire#GEM,36,0,0,0,0,false,2025-10-13 17:22:11.511+00,2025-10-13 17:22:11.623483+00,2025-10-13 17:22:11.623483+00
47545,51,GEM Depurallire#GEM,28,0,0,0,0,false,2025-10-13 17:22:22.164+00,2025-10-13 17:22:21.917086+00,2025-10-13 17:22:21.917086+00
47546,51,GEM Depurallire#GEM,81,0,0,0,0,false,2025-10-13 17:22:24.181+00,2025-10-13 17:22:23.902176+00,2025-10-13 17:22:23.902176+00
47547,51,GEM Depurallire#GEM,9,0,0,0,0,false,2025-10-13 17:22:26.575+00,2025-10-13 17:22:26.295263+00,2025-10-13 17:22:26.295263+00
47548,51,GEM Depurallire#GEM,105,0,0,0,0,false,2025-10-13 17:22:36.633+00,2025-10-13 17:22:36.411845+00,2025-10-13 17:22:36.411845+00
47549,51,GEM Depurallire#GEM,86,0,0,0,0,false,2025-10-13 17:22:40.492+00,2025-10-13 17:22:40.179785+00,2025-10-13 17:22:40.179785+00
47550,51,GEM Depurallire#GEM,40,0,0,0,0,false,2025-10-13 17:22:52.648+00,2025-10-13 17:22:52.39608+00,2025-10-13 17:22:52.39608+00
47551,51,GEM Depurallire#GEM,24,0,0,0,0,false,2025-10-13 17:22:55.364+00,2025-10-13 17:22:55.600458+00,2025-10-13 17:22:55.600458+00
47552,51,GEM Depurallire#GEM,202,0,0,0,0,false,2025-10-13 17:23:09.161+00,2025-10-13 17:23:08.977595+00,2025-10-13 17:23:08.977595+00
47553,51,GEM Depurallire#GEM,89,0,0,0,0,false,2025-10-13 17:23:22.899+00,2025-10-13 17:23:22.660994+00,2025-10-13 17:23:22.660994+00
47554,51,GEM Depurallire#GEM,117,0,0,0,0,false,2025-10-13 17:23:34.499+00,2025-10-13 17:23:34.261511+00,2025-10-13 17:23:34.261511+00
47555,51,GEM Depurallire#GEM,99,0,0,0,0,false,2025-10-13 17:23:36.555+00,2025-10-13 17:23:36.362482+00,2025-10-13 17:23:36.362482+00
47556,51,GEM Depurallire#GEM,54,0,0,0,0,false,2025-10-13 17:23:38.964+00,2025-10-13 17:23:38.723074+00,2025-10-13 17:23:38.723074+00
47557,51,GEM Depurallire#GEM,11,0,0,0,0,false,2025-10-13 17:23:51.481+00,2025-10-13 17:23:51.505083+00,2025-10-13 17:23:51.505083+00
47558,51,GEM Depurallire#GEM,267,0,0,0,0,false,2025-10-13 17:24:20.953+00,2025-10-13 17:24:20.688288+00,2025-10-13 17:24:20.688288+00
47559,51,GEM Depurallire#GEM,20,0,0,0,0,false,2025-10-13 17:24:24.103+00,2025-10-13 17:24:24.077298+00,2025-10-13 17:24:24.077298+00
47560,51,GEM Depurallire#GEM,92,0,0,0,0,false,2025-10-13 17:24:28.232+00,2025-10-13 17:24:28.031794+00,2025-10-13 17:24:28.031794+00
47561,51,GEM Depurallire#GEM,113,0,0,0,0,false,2025-10-13 17:24:51.701+00,2025-10-13 17:24:51.444818+00,2025-10-13 17:24:51.444818+00
47562,51,GEM Depurallire#GEM,15,0,0,0,0,false,2025-10-13 17:24:55.407+00,2025-10-13 17:24:55.476445+00,2025-10-13 17:24:55.476445+00
47563,51,GEM Depurallire#GEM,37,0,0,0,0,false,2025-10-13 17:24:58.166+00,2025-10-13 17:24:58.588118+00,2025-10-13 17:24:58.588118+00
47564,51,GEM Depurallire#GEM,16,0,0,0,0,false,2025-10-13 17:25:07.8+00,2025-10-13 17:25:07.517592+00,2025-10-13 17:25:07.517592+00
47565,51,GEM Depurallire#GEM,17,0,0,0,0,false,2025-10-13 17:25:10.616+00,2025-10-13 17:25:10.414958+00,2025-10-13 17:25:10.414958+00
47566,51,GEM Depurallire#GEM,412,0,0,0,0,false,2025-10-13 17:25:12.797+00,2025-10-13 17:25:12.762772+00,2025-10-13 17:25:12.762772+00
47567,51,GEM Depurallire#GEM,29,4,0,0,0,false,2025-10-13 17:25:30.091+00,2025-10-13 17:25:29.941709+00,2025-11-09 14:44:37.856326+00
47568,51,GEM Depurallire#GEM,67,1,0,0,0,false,2025-10-13 17:25:31.967+00,2025-10-13 17:25:31.756725+00,2025-11-09 14:46:44.92014+00
47569,51,GEM Depurallire#GEM,19,2,0,0,0,false,2025-10-13 17:25:35.038+00,2025-10-13 17:25:34.739595+00,2025-11-11 02:21:59.383398+00
47575,21,GEM Envicingess#GEM,914,0,0,0,0,false,2025-10-14 01:06:16.985+00,2025-10-14 01:06:17.871048+00,2025-10-14 01:06:17.871048+00
47576,21,GEM Envicingess#GEM,350,0,0,0,0,false,2025-10-14 01:06:27.625+00,2025-10-14 01:06:27.293192+00,2025-10-14 01:06:28.554573+00
47579,21,GEM Envicingess#GEM,5,0,0,0,0,false,2025-10-14 01:07:04.82+00,2025-10-14 01:07:04.238396+00,2025-10-14 01:07:05.709564+00
47582,21,GEM Envicingess#GEM,19,0,0,0,0,false,2025-10-14 01:07:33.592+00,2025-10-14 01:07:34.52309+00,2025-10-14 01:07:34.52309+00
47583,21,GEM Envicingess#GEM,110,0,0,0,0,false,2025-10-14 01:08:20.675+00,2025-10-14 01:08:19.05691+00,2025-10-14 01:08:21.549708+00
47587,21,GEM Envicingess#GEM,17,0,0,0,0,false,2025-10-14 01:09:07.896+00,2025-10-14 01:09:08.925825+00,2025-10-14 01:09:09.074494+00
47589,21,GEM Envicingess#GEM,37,0,0,0,0,false,2025-10-14 01:09:20.985+00,2025-10-14 01:09:22.017887+00,2025-10-14 01:09:22.138194+00
47591,21,GEM Envicingess#GEM,113,0,0,0,0,false,2025-10-14 01:09:35.145+00,2025-10-14 01:09:34.279865+00,2025-10-14 01:09:36.054877+00
47603,21,GEM Envicingess#GEM,89,0,0,0,0,false,2025-10-14 01:11:20.386+00,2025-10-14 01:11:21.264969+00,2025-10-14 01:11:21.264969+00
47604,21,GEM Envicingess#GEM,32,0,0,0,0,false,2025-10-14 01:11:47.037+00,2025-10-14 01:11:42.927252+00,2025-10-14 01:11:47.916613+00
47608,21,GEM Envicingess#GEM,131,0,0,0,0,false,2025-10-14 01:12:47.959+00,2025-10-14 01:12:48.839609+00,2025-10-14 01:12:48.839609+00
47609,21,GEM Envicingess#GEM,114,0,0,0,0,false,2025-10-14 01:12:57.477+00,2025-10-14 01:12:58.342603+00,2025-10-14 01:12:58.342603+00
47610,21,GEM Envicingess#GEM,86,0,0,0,0,false,2025-10-14 01:13:15.264+00,2025-10-14 01:13:15.797885+00,2025-10-14 01:13:16.132731+00
47614,7,GEM Rothroyaume#GEM,266,1,0,0,0,false,2025-10-14 19:17:34.109+00,2025-10-14 19:17:33.403872+00,2025-10-14 19:17:33.403872+00
47623,51,GEM Depurallire#GEM,96,2,0,0,0,false,2025-10-15 01:43:25.444+00,2025-10-15 01:43:24.426772+00,2025-10-15 01:43:24.426772+00
47624,51,GEM Depurallire#GEM,145,0,0,0,0,false,2025-10-15 15:45:28.638+00,2025-10-15 15:45:27.35543+00,2025-10-15 15:45:27.35543+00
47625,51,GEM Depurallire#GEM,236,1,0,0,0,false,2025-10-15 15:45:43.142+00,2025-10-15 15:45:41.714768+00,2025-10-15 15:45:41.714768+00
47641,51,GEM Depurallire#GEM,222,3,0,0,0,false,2025-10-17 00:07:20.574+00,2025-10-17 00:07:21.304011+00,2025-11-09 14:44:50.553859+00
47643,46,GEM Ornetchreans#GEM,141,4,0,0,0,false,2025-10-17 03:09:57.858+00,2025-10-17 03:11:07.939899+00,2025-12-13 22:21:43.166612+00
47657,43,GEM Gliecernice#GEM,54,2,0,0,0,false,2025-10-17 03:35:51.128+00,2025-10-17 03:35:51.662098+00,2025-10-17 03:35:51.662098+00
47702,51,GEM Depurallire#GEM,21,3,0,0,0,false,2025-10-18 20:05:51.853+00,2025-10-18 20:05:50.748737+00,2025-10-18 20:05:50.748737+00
47703,51,GEM Depurallire#GEM,59,0,0,0,0,false,2025-10-18 20:06:01.005+00,2025-10-18 20:05:59.699833+00,2025-10-18 20:05:59.699833+00
47704,51,GEM Depurallire#GEM,950,0,0,0,0,false,2025-10-18 20:08:00.749+00,2025-10-18 20:07:59.39434+00,2025-10-18 20:07:59.39434+00
47705,51,GEM Depurallire#GEM,42,0,0,0,0,false,2025-10-18 20:08:08.288+00,2025-10-18 20:08:07.003693+00,2025-10-18 20:08:07.003693+00
47706,51,GEM Depurallire#GEM,147,0,0,0,0,false,2025-10-18 20:08:20.948+00,2025-10-18 20:08:19.643649+00,2025-10-18 20:08:19.643649+00
47707,14,GEM Primrosenrot#GEM,3,0,0,0,0,false,2025-10-19 00:39:44.845+00,2025-10-19 00:39:45.831101+00,2025-10-19 00:39:50.309172+00
47713,14,GEM Primrosenrot#GEM,267,0,0,0,0,false,2025-10-19 00:39:54.791+00,2025-10-19 00:40:00.006711+00,2025-10-19 00:40:05.925248+00
47717,14,GEM Primrosenrot#GEM,429,0,0,0,0,false,2025-10-19 00:41:15.543+00,2025-10-19 00:41:20.846796+00,2025-10-19 00:41:20.846796+00
47719,46,GEM Ornetchreans#GEM,233,1,0,0,0,false,2025-10-19 02:34:00.603+00,2025-10-19 02:35:11.461147+00,2025-10-19 02:35:17.29499+00
47747,5,GEM Orzyadhere#LAS,233,0,0,0,0,false,2025-10-19 17:07:37.711+00,2025-10-19 17:07:36.037464+00,2025-10-19 17:07:36.037464+00
47748,5,GEM Orzyadhere#LAS,901,0,0,0,0,false,2025-10-19 17:09:08.304+00,2025-10-19 17:09:06.198357+00,2025-10-19 17:09:06.198357+00
47749,5,GEM Orzyadhere#LAS,517,0,0,0,0,false,2025-10-19 17:10:40.189+00,2025-10-19 17:10:38.216243+00,2025-10-19 17:10:38.216243+00
47750,5,GEM Orzyadhere#LAS,711,0,0,0,0,false,2025-10-19 17:10:48.929+00,2025-10-19 17:10:46.777877+00,2025-10-19 17:10:46.777877+00
47751,5,GEM Orzyadhere#LAS,432,0,0,0,0,false,2025-10-19 17:10:57.761+00,2025-10-19 17:10:55.64581+00,2025-10-19 17:10:55.64581+00
47752,5,GEM Orzyadhere#LAS,3,0,0,0,0,false,2025-10-19 17:11:07.064+00,2025-10-19 17:11:04.98853+00,2025-10-19 17:11:04.98853+00
47755,5,GEM Orzyadhere#LAS,236,2,0,0,0,false,2025-10-19 17:13:45.252+00,2025-10-19 17:13:43.145783+00,2025-10-19 17:13:43.145783+00
47756,10,GEM Deellycella#GEM,902,2,0,0,0,false,2025-10-19 20:23:06.455+00,2025-10-19 20:24:17.022669+00,2025-10-19 20:24:23.162851+00
47811,47,GEM Lageldrynne#GEM,143,2,0,0,0,false,2025-10-19 20:43:05.867+00,2025-10-19 20:43:04.028704+00,2025-10-23 09:22:24.384657+00
47815,43,GEM Gliecernice#GEM,34,2,0,0,0,false,2025-10-21 00:25:18.053+00,2025-10-21 00:25:13.109139+00,2025-10-21 00:25:18.946773+00
47818,43,GEM Gliecernice#GEM,914,3,0,0,0,false,2025-10-21 12:50:33.052+00,2025-10-21 12:50:30.03132+00,2025-11-03 13:54:35.312921+00
47824,43,GEM Gliecernice#GEM,15,1,0,0,0,false,2025-10-21 20:17:12.582+00,2025-10-21 20:17:07.508381+00,2025-10-21 20:17:13.053188+00
47856,30,GEM Dellablivien#GEM,266,0,0,0,0,false,2025-10-24 01:06:21.585+00,2025-10-24 01:06:15.991086+00,2025-10-24 01:06:15.991086+00
47857,30,GEM Dellablivien#GEM,12,0,0,0,0,false,2025-10-24 01:06:31.984+00,2025-10-24 01:06:26.107958+00,2025-10-24 01:06:26.107958+00
47858,30,GEM Dellablivien#GEM,34,0,0,0,0,false,2025-10-24 01:06:35.694+00,2025-10-24 01:06:29.819784+00,2025-10-24 01:06:29.819784+00
47859,30,GEM Dellablivien#GEM,432,0,0,0,0,false,2025-10-24 01:06:43.217+00,2025-10-24 01:06:37.31087+00,2025-10-24 01:06:37.31087+00
47860,30,GEM Dellablivien#GEM,200,0,0,0,0,false,2025-10-24 01:06:47.754+00,2025-10-24 01:06:41.883241+00,2025-10-24 01:06:41.883241+00
47861,30,GEM Dellablivien#GEM,53,0,0,0,0,false,2025-10-24 01:06:54.22+00,2025-10-24 01:06:48.419908+00,2025-10-24 01:06:48.419908+00
47862,30,GEM Dellablivien#GEM,115,0,0,0,0,false,2025-10-24 01:08:59.26+00,2025-10-24 01:08:53.364758+00,2025-10-24 01:08:53.364758+00
47863,30,GEM Dellablivien#GEM,19,0,0,0,0,false,2025-10-24 01:09:23.786+00,2025-10-24 01:09:17.874212+00,2025-10-24 01:09:17.874212+00
47864,30,GEM Dellablivien#GEM,23,0,0,0,0,false,2025-10-24 01:09:28.108+00,2025-10-24 01:09:22.228833+00,2025-10-24 01:09:22.228833+00
47865,30,GEM Dellablivien#GEM,17,0,0,0,0,false,2025-10-24 01:09:32.843+00,2025-10-24 01:09:26.922892+00,2025-10-24 01:09:26.922892+00
47866,30,GEM Dellablivien#GEM,44,0,0,0,0,false,2025-10-24 01:09:43.096+00,2025-10-24 01:09:37.200829+00,2025-10-24 01:09:37.200829+00
47867,30,GEM Dellablivien#GEM,14,0,0,0,0,false,2025-10-24 01:09:47.148+00,2025-10-24 01:09:41.268256+00,2025-10-24 01:09:41.268256+00
47868,30,GEM Dellablivien#GEM,27,0,0,0,0,false,2025-10-24 01:09:51.043+00,2025-10-24 01:09:46.205417+00,2025-10-24 01:09:46.205417+00
47869,30,GEM Dellablivien#GEM,875,0,0,0,0,false,2025-10-24 01:09:57.619+00,2025-10-24 01:09:52.459197+00,2025-10-24 01:09:52.459197+00
47870,30,GEM Dellablivien#GEM,147,0,0,0,0,false,2025-10-24 01:10:01.121+00,2025-10-24 01:09:55.435563+00,2025-10-24 01:09:55.435563+00
47871,30,GEM Dellablivien#GEM,113,0,0,0,0,false,2025-10-24 01:10:06.196+00,2025-10-24 01:10:00.405546+00,2025-10-24 01:10:00.405546+00
47872,30,GEM Dellablivien#GEM,360,0,0,0,0,false,2025-10-24 01:10:14.153+00,2025-10-24 01:10:08.33649+00,2025-10-24 01:10:08.33649+00
47873,30,GEM Dellablivien#GEM,68,0,0,0,0,false,2025-10-24 01:10:18.092+00,2025-10-24 01:10:12.469928+00,2025-10-24 01:10:12.469928+00
47874,30,GEM Dellablivien#GEM,526,0,0,0,0,false,2025-10-24 01:10:28.316+00,2025-10-24 01:10:19.609299+00,2025-10-24 01:10:22.42136+00
47876,30,GEM Dellablivien#GEM,33,0,0,0,0,false,2025-10-24 01:10:35.557+00,2025-10-24 01:10:29.71667+00,2025-10-24 01:10:29.71667+00
47877,30,GEM Dellablivien#GEM,78,0,0,0,0,false,2025-10-24 01:10:42.006+00,2025-10-24 01:10:36.111745+00,2025-10-24 01:10:36.111745+00
47878,30,GEM Dellablivien#GEM,80,0,0,0,0,false,2025-10-24 01:10:48.765+00,2025-10-24 01:10:42.883074+00,2025-10-24 01:10:42.883074+00
47879,30,GEM Dellablivien#GEM,75,0,0,0,0,false,2025-10-24 01:11:04.24+00,2025-10-24 01:10:58.3804+00,2025-10-24 01:10:58.3804+00
47880,30,GEM Dellablivien#GEM,267,0,0,0,0,false,2025-10-24 01:11:12.867+00,2025-10-24 01:11:06.977739+00,2025-10-24 01:11:06.977739+00
47881,30,GEM Dellablivien#GEM,950,0,0,0,0,false,2025-10-24 01:11:19.787+00,2025-10-24 01:11:13.892924+00,2025-10-24 01:11:13.892924+00
47882,30,GEM Dellablivien#GEM,117,0,0,0,0,false,2025-10-24 01:11:31.685+00,2025-10-24 01:11:25.753655+00,2025-10-24 01:11:25.753655+00
47883,30,GEM Dellablivien#GEM,897,0,0,0,0,false,2025-10-24 01:11:36.332+00,2025-10-24 01:11:30.427674+00,2025-10-24 01:11:30.427674+00
47884,30,GEM Dellablivien#GEM,203,0,0,0,0,false,2025-10-24 01:11:40.331+00,2025-10-24 01:11:34.425798+00,2025-10-24 01:11:34.425798+00
47885,30,GEM Dellablivien#GEM,121,0,0,0,0,false,2025-10-24 01:11:47.98+00,2025-10-24 01:11:42.355456+00,2025-10-24 01:11:42.355456+00
47886,30,GEM Dellablivien#GEM,10,0,0,0,0,false,2025-10-24 01:11:52.616+00,2025-10-24 01:11:46.731952+00,2025-10-24 01:11:46.731952+00
47887,30,GEM Dellablivien#GEM,145,0,0,0,0,false,2025-10-24 01:12:01.872+00,2025-10-24 01:11:55.969329+00,2025-10-24 01:11:55.969329+00
47888,30,GEM Dellablivien#GEM,24,0,0,0,0,false,2025-10-24 01:12:09.131+00,2025-10-24 01:12:03.269166+00,2025-10-24 01:12:03.269166+00
47889,30,GEM Dellablivien#GEM,86,0,0,0,0,false,2025-10-24 01:12:15.582+00,2025-10-24 01:12:09.718646+00,2025-10-24 01:12:09.718646+00
47890,30,GEM Dellablivien#GEM,41,0,0,0,0,false,2025-10-24 01:12:19.74+00,2025-10-24 01:12:14.078757+00,2025-10-24 01:12:14.078757+00
47891,30,GEM Dellablivien#GEM,105,0,0,0,0,false,2025-10-24 01:12:26.166+00,2025-10-24 01:12:20.281092+00,2025-10-24 01:12:20.281092+00
47892,30,GEM Dellablivien#GEM,114,0,0,0,0,false,2025-10-24 01:12:29.868+00,2025-10-24 01:12:23.975669+00,2025-10-24 01:12:23.975669+00
47893,30,GEM Dellablivien#GEM,9,0,0,0,0,false,2025-10-24 01:12:36.327+00,2025-10-24 01:12:30.44258+00,2025-10-24 01:12:30.44258+00
47894,30,GEM Dellablivien#GEM,122,0,0,0,0,false,2025-10-24 01:12:41.004+00,2025-10-24 01:12:35.071522+00,2025-10-24 01:12:35.071522+00
47895,4,GEM Hestiarethe#GEM,914,0,0,0,0,false,2025-10-24 22:02:46.046+00,2025-10-24 22:02:50.931461+00,2025-10-24 22:02:50.931461+00
47896,4,GEM Hestiarethe#GEM,523,0,0,0,0,false,2025-10-24 22:03:02.097+00,2025-10-24 22:03:07.242548+00,2025-10-24 22:03:07.242548+00
47897,4,GEM Hestiarethe#GEM,164,0,0,0,0,false,2025-10-24 22:03:15.21+00,2025-10-24 22:03:19.911297+00,2025-10-24 22:03:19.911297+00
47898,4,GEM Hestiarethe#GEM,163,0,0,0,0,false,2025-10-24 22:03:43.076+00,2025-10-24 22:03:47.988288+00,2025-10-24 22:03:47.988288+00
47899,4,GEM Hestiarethe#GEM,26,0,0,0,0,false,2025-10-24 22:03:54.727+00,2025-10-24 22:03:59.457321+00,2025-10-24 22:03:59.457321+00
47900,4,GEM Hestiarethe#GEM,59,0,0,0,0,false,2025-10-24 22:04:05.941+00,2025-10-24 22:04:10.652933+00,2025-10-24 22:04:10.652933+00
47901,4,GEM Hestiarethe#GEM,42,0,0,0,0,false,2025-10-24 22:05:29.619+00,2025-10-24 22:05:34.297981+00,2025-10-24 22:05:34.297981+00
47902,30,GEM Dellablivien#GEM,516,0,0,0,0,false,2025-10-24 22:46:43.19+00,2025-10-24 22:46:48.189096+00,2025-10-24 22:46:48.189096+00
47904,13,GEM PelsNpurmips#GEM,35,0,0,0,0,false,2025-10-24 22:48:52.238+00,2025-10-24 22:48:53.233283+00,2025-10-24 22:48:53.233283+00
47905,4,GEM Hestiarethe#GEM,360,0,0,0,0,false,2025-10-24 22:54:44.849+00,2025-10-24 22:54:49.820057+00,2025-10-24 22:54:49.820057+00
47906,4,GEM Hestiarethe#GEM,526,0,0,0,0,false,2025-10-24 22:55:01.431+00,2025-10-24 22:55:06.315274+00,2025-10-24 22:55:06.315274+00
47907,4,GEM Hestiarethe#GEM,201,0,0,0,0,false,2025-10-24 22:55:33.749+00,2025-10-24 22:55:38.635273+00,2025-10-24 22:55:38.635273+00
47908,4,GEM Hestiarethe#GEM,111,0,0,0,0,false,2025-10-24 22:55:45.874+00,2025-10-24 22:55:50.70108+00,2025-10-24 22:55:50.70108+00
47909,4,GEM Hestiarethe#GEM,104,0,0,0,0,false,2025-10-24 22:55:57.306+00,2025-10-24 22:56:02.191479+00,2025-10-24 22:56:02.191479+00
47910,4,GEM Hestiarethe#GEM,5,0,0,0,0,false,2025-10-24 22:56:08.249+00,2025-10-24 22:56:13.113922+00,2025-10-24 22:56:13.113922+00
47911,4,GEM Hestiarethe#GEM,112,0,0,0,0,false,2025-10-24 22:56:20.92+00,2025-10-24 22:56:25.779869+00,2025-10-24 22:56:25.779869+00
47912,4,GEM Hestiarethe#GEM,420,0,0,0,0,false,2025-10-24 22:56:36.503+00,2025-10-24 22:56:41.37123+00,2025-10-24 22:56:41.37123+00
47913,4,GEM Hestiarethe#GEM,711,0,0,0,0,false,2025-10-24 22:56:45.398+00,2025-10-24 22:56:50.267254+00,2025-10-24 22:56:50.267254+00
47921,38,GEM Cierzellant#GEM,150,0,0,0,0,false,2025-10-25 01:03:08.214+00,2025-10-25 01:03:13.600971+00,2025-10-25 01:03:13.600971+00
47927,4,GEM Hestiarethe#GEM,131,2,0,0,0,false,2025-10-25 01:05:40.566+00,2025-10-25 01:05:36.121906+00,2025-10-25 01:05:41.861202+00
47947,38,GEM Cierzellant#GEM,103,0,0,0,0,false,2025-10-25 01:08:19.363+00,2025-10-25 01:08:24.716798+00,2025-10-25 01:08:24.716798+00
47961,38,GEM Cierzellant#GEM,420,0,0,0,0,false,2025-10-25 01:10:20.415+00,2025-10-25 01:10:25.840251+00,2025-10-25 01:10:25.840251+00
47962,38,GEM Cierzellant#GEM,106,0,0,0,0,false,2025-10-25 01:10:32.283+00,2025-10-25 01:10:37.554469+00,2025-10-25 01:10:37.554469+00
47963,12,GEM Lacellire#LAS,913,0,0,0,0,false,2025-10-25 01:12:15.766+00,2025-10-25 01:12:21.242376+00,2025-10-25 01:12:21.242376+00
47964,12,GEM Lacellire#LAS,117,0,0,0,0,false,2025-10-25 01:12:29.55+00,2025-10-25 01:12:34.823315+00,2025-10-25 01:12:34.823315+00
47965,12,GEM Lacellire#LAS,85,0,0,0,0,false,2025-10-25 01:12:39.34+00,2025-10-25 01:12:44.640633+00,2025-10-25 01:12:44.640633+00
47966,12,GEM Lacellire#LAS,893,0,0,0,0,false,2025-10-25 01:12:54.582+00,2025-10-25 01:13:00.165957+00,2025-10-25 01:13:00.165957+00
47978,20,GEM Deestellirys#GEM,34,1,0,0,0,false,2025-10-25 02:21:10.23+00,2025-10-25 02:21:11.038778+00,2025-10-25 02:21:11.038778+00
47980,30,GEM Dellablivien#GEM,517,0,0,0,0,false,2025-10-25 03:00:34.166+00,2025-10-25 03:00:27.519657+00,2025-10-25 03:00:27.519657+00
47981,30,GEM Dellablivien#GEM,913,0,0,0,0,false,2025-10-25 03:00:41.936+00,2025-10-25 03:00:35.114474+00,2025-10-25 03:00:35.114474+00
47990,31,GEM Gallilessya#GEM,901,4,0,0,0,false,2025-10-26 08:35:53.688+00,2025-10-26 08:36:29.946764+00,2025-10-26 08:36:29.946764+00
47991,31,GEM Gallilessya#GEM,22,2,0,0,0,false,2025-10-26 08:37:32.056+00,2025-10-26 08:38:08.316945+00,2025-10-26 08:38:08.316945+00
47992,18,GEM Bricellice#GEM,901,4,0,0,0,false,2025-10-26 08:39:21.735+00,2025-10-26 08:39:58.16976+00,2025-10-26 08:39:58.16976+00
47995,47,GEM Lageldrynne#GEM,350,1,0,0,0,false,2025-10-27 20:46:22.619+00,2025-10-27 20:46:18.596952+00,2025-10-30 20:56:01.706087+00
48000,47,GEM Lageldrynne#GEM,913,0,0,0,0,false,2025-10-27 20:46:41.062+00,2025-10-27 20:46:36.576368+00,2025-10-27 20:46:42.31868+00
48018,47,GEM Lageldrynne#GEM,887,0,0,0,0,false,2025-10-27 20:48:05.03+00,2025-10-27 20:47:59.891581+00,2025-10-27 20:48:06.103481+00
48025,47,GEM Lageldrynne#GEM,57,0,0,0,0,false,2025-10-27 20:48:51.389+00,2025-10-27 20:48:46.805257+00,2025-10-27 20:48:52.36703+00
48040,12,GEM Lacellire#LAS,223,4,0,0,0,false,2025-10-28 17:07:20.409+00,2025-10-28 17:07:10.747439+00,2025-10-28 17:07:10.747439+00
48048,47,GEM Lageldrynne#GEM,86,0,0,0,0,false,2025-10-29 14:52:00.606+00,2025-10-29 14:51:37.00167+00,2025-10-29 14:51:37.00167+00
48049,47,GEM Lageldrynne#GEM,26,0,0,0,0,false,2025-10-29 14:52:13.097+00,2025-10-29 14:51:49.262809+00,2025-10-29 14:51:49.262809+00
48050,47,GEM Lageldrynne#GEM,238,0,0,0,0,false,2025-10-29 14:52:20.189+00,2025-10-29 14:51:56.330803+00,2025-10-29 14:51:56.330803+00
48051,47,GEM Lageldrynne#GEM,33,0,0,0,0,false,2025-10-29 14:52:25.457+00,2025-10-29 14:52:01.57257+00,2025-10-29 14:52:01.57257+00
48052,47,GEM Lageldrynne#GEM,35,0,0,0,0,false,2025-10-29 14:52:36.345+00,2025-10-29 14:52:12.442439+00,2025-10-29 14:52:12.442439+00
48053,47,GEM Lageldrynne#GEM,76,0,0,0,0,false,2025-10-29 14:52:44.037+00,2025-10-29 14:52:20.129447+00,2025-10-29 14:52:20.129447+00
48054,47,GEM Lageldrynne#GEM,267,0,0,0,0,false,2025-10-29 14:52:49.485+00,2025-10-29 14:52:25.65247+00,2025-10-29 14:52:25.65247+00
48055,47,GEM Lageldrynne#GEM,141,0,0,0,0,false,2025-10-29 14:52:53.929+00,2025-10-29 14:52:30.163089+00,2025-10-29 14:52:30.163089+00
48056,47,GEM Lageldrynne#GEM,30,0,0,0,0,false,2025-10-29 14:53:01.114+00,2025-10-29 14:52:37.235364+00,2025-10-29 14:52:37.235364+00
48057,47,GEM Lageldrynne#GEM,526,5,0,0,0,false,2025-10-29 14:53:06.303+00,2025-10-29 14:52:42.389752+00,2025-11-01 05:19:00.800698+00
48058,47,GEM Lageldrynne#GEM,32,0,0,0,0,false,2025-10-29 15:44:36.717+00,2025-10-29 15:44:13.094353+00,2025-10-29 15:44:13.094353+00
48059,47,GEM Lageldrynne#GEM,22,0,0,0,0,false,2025-10-29 15:44:41.156+00,2025-10-29 15:44:17.179825+00,2025-10-29 15:44:17.179825+00
48060,47,GEM Lageldrynne#GEM,89,0,0,0,0,false,2025-10-29 15:44:49.434+00,2025-10-29 15:44:25.616914+00,2025-10-29 15:44:25.616914+00
48061,47,GEM Lageldrynne#GEM,20,0,0,0,0,false,2025-10-29 15:44:53.946+00,2025-10-29 15:44:30.032082+00,2025-10-29 15:44:30.032082+00
48062,47,GEM Lageldrynne#GEM,15,0,0,0,0,false,2025-10-29 15:44:59.731+00,2025-10-29 15:44:36.082549+00,2025-10-29 15:44:36.082549+00
48063,47,GEM Lageldrynne#GEM,37,0,0,0,0,false,2025-10-29 15:45:03.838+00,2025-10-29 15:44:39.880129+00,2025-10-29 15:44:39.880129+00
48064,47,GEM Lageldrynne#GEM,12,0,0,0,0,false,2025-10-29 15:45:11.828+00,2025-10-29 15:44:47.908675+00,2025-10-29 15:44:47.908675+00
48068,3,GEM Dreemurdomme#GEM,526,4,0,0,0,false,2025-11-02 04:58:30.825+00,2025-11-02 04:58:04.020354+00,2025-11-03 04:21:51.520263+00
48070,24,GEM Lahallayd#GEM,350,7,0,0,0,false,2025-11-02 15:01:44.912+00,2025-11-02 15:01:17.833385+00,2025-11-02 15:01:17.833385+00
48071,41,GEM Religerness#GEM,233,3,0,0,0,false,2025-11-02 15:04:39.707+00,2025-11-02 15:04:12.597704+00,2025-11-02 15:04:12.597704+00
48072,41,GEM Religerness#GEM,32,3,0,0,0,false,2025-11-02 15:04:45.551+00,2025-11-02 15:04:18.397459+00,2025-11-02 15:04:18.397459+00
48073,41,GEM Religerness#GEM,427,2,0,0,0,false,2025-11-02 15:04:52.621+00,2025-11-02 15:04:25.299603+00,2025-11-02 15:04:25.299603+00
48074,39,GEM Deliquesence#LAS,131,3,0,0,0,false,2025-11-02 15:06:37.262+00,2025-11-02 15:06:10.169889+00,2025-11-02 15:06:10.169889+00
48075,39,GEM Deliquesence#LAS,55,3,0,0,0,false,2025-11-02 15:06:49.074+00,2025-11-02 15:06:21.707787+00,2025-11-02 15:06:21.707787+00
48076,39,GEM Deliquesence#LAS,157,3,0,0,0,false,2025-11-02 15:07:08.111+00,2025-11-02 15:06:40.759882+00,2025-11-02 15:06:40.759882+00
48077,3,GEM Dreemurdomme#GEM,497,0,0,0,0,false,2025-11-03 00:09:48.813+00,2025-11-03 00:09:21.324718+00,2025-11-03 00:09:21.324718+00
48078,3,GEM Dreemurdomme#GEM,127,0,0,0,0,false,2025-11-03 00:09:53.522+00,2025-11-03 00:09:25.910722+00,2025-11-03 00:09:25.910722+00
48084,48,GEM Furninscorce#GEM,427,1,0,0,0,false,2025-11-03 14:39:47.542+00,2025-11-03 14:39:19.616362+00,2025-11-03 14:39:19.616362+00
48085,48,GEM Furninscorce#GEM,84,0,0,0,0,false,2025-11-03 14:40:27.262+00,2025-11-03 14:39:59.204572+00,2025-11-03 14:39:59.204572+00
48086,48,GEM Furninscorce#GEM,12,0,0,0,0,false,2025-11-03 14:40:36.304+00,2025-11-03 14:40:08.24492+00,2025-11-03 14:40:08.24492+00
48087,48,GEM Furninscorce#GEM,1,0,0,0,0,false,2025-11-03 14:40:48.756+00,2025-11-03 14:40:20.63886+00,2025-11-03 14:40:20.63886+00
48088,48,GEM Furninscorce#GEM,53,0,0,0,0,false,2025-11-03 14:40:54.017+00,2025-11-03 14:40:25.951268+00,2025-11-03 14:40:25.951268+00
48089,48,GEM Furninscorce#GEM,63,0,0,0,0,false,2025-11-03 14:40:58.429+00,2025-11-03 14:40:30.481877+00,2025-11-03 14:40:30.481877+00
48090,48,GEM Furninscorce#GEM,51,0,0,0,0,false,2025-11-03 14:41:07.959+00,2025-11-03 14:40:39.895257+00,2025-11-03 14:40:39.895257+00
48091,48,GEM Furninscorce#GEM,122,0,0,0,0,false,2025-11-03 14:41:12.011+00,2025-11-03 14:40:43.855485+00,2025-11-03 14:40:43.855485+00
48092,48,GEM Furninscorce#GEM,131,0,0,0,0,false,2025-11-03 14:41:15.968+00,2025-11-03 14:40:48.233824+00,2025-11-03 14:40:48.233824+00
48093,48,GEM Furninscorce#GEM,36,0,0,0,0,false,2025-11-03 14:41:25.604+00,2025-11-03 14:40:57.585205+00,2025-11-03 14:40:57.585205+00
48094,48,GEM Furninscorce#GEM,245,0,0,0,0,false,2025-11-03 14:41:30.066+00,2025-11-03 14:41:02.005377+00,2025-11-03 14:41:02.005377+00
48095,48,GEM Furninscorce#GEM,81,0,0,0,0,false,2025-11-03 14:41:45.594+00,2025-11-03 14:41:17.549921+00,2025-11-03 14:41:17.549921+00
48096,48,GEM Furninscorce#GEM,9,0,0,0,0,false,2025-11-03 14:41:50.049+00,2025-11-03 14:41:22.066173+00,2025-11-03 14:41:22.066173+00
48097,48,GEM Furninscorce#GEM,86,0,0,0,0,false,2025-11-03 14:41:54.308+00,2025-11-03 14:41:26.253617+00,2025-11-03 14:41:26.253617+00
48098,48,GEM Furninscorce#GEM,202,0,0,0,0,false,2025-11-03 14:42:01.319+00,2025-11-03 14:41:33.245381+00,2025-11-03 14:41:33.245381+00
48099,48,GEM Furninscorce#GEM,89,0,0,0,0,false,2025-11-03 14:42:06.006+00,2025-11-03 14:41:37.900007+00,2025-11-03 14:41:37.900007+00
48100,48,GEM Furninscorce#GEM,99,0,0,0,0,false,2025-11-03 14:42:15.139+00,2025-11-03 14:41:47.057563+00,2025-11-03 14:41:47.057563+00
48101,48,GEM Furninscorce#GEM,11,0,0,0,0,false,2025-11-03 14:42:26.134+00,2025-11-03 14:41:58.044247+00,2025-11-03 14:41:58.044247+00
48102,48,GEM Furninscorce#GEM,21,0,0,0,0,false,2025-11-03 14:42:36.013+00,2025-11-03 14:42:07.918868+00,2025-11-03 14:42:07.918868+00
48103,48,GEM Furninscorce#GEM,20,0,0,0,0,false,2025-11-03 14:42:43.468+00,2025-11-03 14:42:15.424335+00,2025-11-03 14:42:15.424335+00
48104,48,GEM Furninscorce#GEM,78,0,0,0,0,false,2025-11-03 14:43:00.141+00,2025-11-03 14:42:32.041006+00,2025-11-03 14:42:32.041006+00
48105,48,GEM Furninscorce#GEM,246,0,0,0,0,false,2025-11-03 14:43:05.626+00,2025-11-03 14:42:37.565505+00,2025-11-03 14:42:37.565505+00
48106,48,GEM Furninscorce#GEM,497,0,0,0,0,false,2025-11-03 14:43:15.121+00,2025-11-03 14:42:47.014916+00,2025-11-03 14:42:47.014916+00
48107,48,GEM Furninscorce#GEM,92,0,0,0,0,false,2025-11-03 14:43:19.457+00,2025-11-03 14:42:51.404258+00,2025-11-03 14:42:51.404258+00
48108,48,GEM Furninscorce#GEM,113,0,0,0,0,false,2025-11-03 14:43:24.434+00,2025-11-03 14:42:56.496534+00,2025-11-03 14:42:56.496534+00
48109,48,GEM Furninscorce#GEM,15,0,0,0,0,false,2025-11-03 14:43:33.79+00,2025-11-03 14:43:05.80877+00,2025-11-03 14:43:05.80877+00
48110,48,GEM Furninscorce#GEM,37,0,0,0,0,false,2025-11-03 14:43:37.864+00,2025-11-03 14:43:09.758694+00,2025-11-03 14:43:09.758694+00
48111,48,GEM Furninscorce#GEM,16,0,0,0,0,false,2025-11-03 14:43:42.194+00,2025-11-03 14:43:14.149276+00,2025-11-03 14:43:14.149276+00
48112,48,GEM Furninscorce#GEM,17,0,0,0,0,false,2025-11-03 14:43:50.621+00,2025-11-03 14:43:22.515152+00,2025-11-03 14:43:22.515152+00
48113,48,GEM Furninscorce#GEM,412,0,0,0,0,false,2025-11-03 14:43:55.61+00,2025-11-03 14:43:27.495433+00,2025-11-03 14:43:27.495433+00
48114,48,GEM Furninscorce#GEM,23,0,0,0,0,false,2025-11-03 14:44:02.593+00,2025-11-03 14:43:34.486646+00,2025-11-03 14:43:34.486646+00
48115,48,GEM Furninscorce#GEM,29,0,0,0,0,false,2025-11-03 14:44:06.761+00,2025-11-03 14:43:38.980271+00,2025-11-03 14:43:38.980271+00
48116,48,GEM Furninscorce#GEM,498,0,0,0,0,false,2025-11-03 14:44:10.791+00,2025-11-03 14:43:42.704294+00,2025-11-03 14:43:42.704294+00
48117,48,GEM Furninscorce#GEM,5,0,0,0,0,false,2025-11-03 14:44:17.988+00,2025-11-03 14:43:49.868179+00,2025-11-03 14:43:49.868179+00
48118,48,GEM Furninscorce#GEM,350,0,0,0,0,false,2025-11-03 14:44:21.736+00,2025-11-03 14:43:53.632452+00,2025-11-03 14:43:53.632452+00
48119,48,GEM Furninscorce#GEM,115,0,0,0,0,false,2025-11-03 14:44:28.973+00,2025-11-03 14:44:00.884558+00,2025-11-03 14:44:00.884558+00
48120,48,GEM Furninscorce#GEM,143,0,0,0,0,false,2025-11-03 14:44:34.043+00,2025-11-03 14:44:06.054837+00,2025-11-03 14:44:06.054837+00
48121,49,GEM Arklyndarce#GEM,32,2,0,0,0,false,2025-11-03 14:46:02.069+00,2025-11-03 14:46:04.229899+00,2025-11-03 14:46:04.229899+00
48122,49,GEM Arklyndarce#GEM,412,1,0,0,0,false,2025-11-03 14:46:18.937+00,2025-11-03 14:46:21.000078+00,2025-11-03 14:47:07.592067+00
48123,49,GEM Arklyndarce#GEM,16,1,0,0,0,false,2025-11-03 14:46:38.174+00,2025-11-03 14:46:40.383119+00,2025-11-03 14:46:40.383119+00
48125,49,GEM Arklyndarce#GEM,134,1,0,0,0,false,2025-11-03 14:47:38.927+00,2025-11-03 14:47:40.919658+00,2025-11-03 14:47:40.919658+00
48126,49,GEM Arklyndarce#GEM,9,1,0,0,0,false,2025-11-03 14:48:04.022+00,2025-11-03 14:48:06.03074+00,2025-11-03 14:48:06.03074+00
48127,49,GEM Arklyndarce#GEM,80,2,0,0,0,false,2025-11-03 14:48:15.429+00,2025-11-03 14:48:17.457949+00,2025-11-27 22:19:01.77892+00
48128,49,GEM Arklyndarce#GEM,12,0,0,0,0,false,2025-11-03 14:48:31.372+00,2025-11-03 14:48:33.379568+00,2025-11-03 14:48:33.379568+00
48129,49,GEM Arklyndarce#GEM,1,0,0,0,0,false,2025-11-03 14:48:45.325+00,2025-11-03 14:48:47.308881+00,2025-11-03 14:48:47.308881+00
48130,49,GEM Arklyndarce#GEM,22,0,0,0,0,false,2025-11-03 14:48:56.733+00,2025-11-03 14:48:58.683563+00,2025-11-03 14:48:58.683563+00
48131,49,GEM Arklyndarce#GEM,53,0,0,0,0,false,2025-11-03 14:49:11.515+00,2025-11-03 14:49:13.516959+00,2025-11-03 14:49:13.516959+00
48132,49,GEM Arklyndarce#GEM,63,0,0,0,0,false,2025-11-03 14:49:23.056+00,2025-11-03 14:49:25.025637+00,2025-11-03 14:49:25.025637+00
48133,49,GEM Arklyndarce#GEM,51,0,0,0,0,false,2025-11-03 14:49:43.375+00,2025-11-03 14:49:45.405164+00,2025-11-03 14:49:45.405164+00
48134,49,GEM Arklyndarce#GEM,31,0,0,0,0,false,2025-11-03 14:49:58.104+00,2025-11-03 14:50:00.084399+00,2025-11-03 14:50:00.084399+00
48135,49,GEM Arklyndarce#GEM,122,0,0,0,0,false,2025-11-03 14:50:13.449+00,2025-11-03 14:50:15.516202+00,2025-11-03 14:50:15.516202+00
48136,49,GEM Arklyndarce#GEM,131,0,0,0,0,false,2025-11-03 14:50:28.729+00,2025-11-03 14:50:30.761266+00,2025-11-03 14:50:30.761266+00
48137,49,GEM Arklyndarce#GEM,36,0,0,0,0,false,2025-11-03 14:50:38.922+00,2025-11-03 14:50:40.952163+00,2025-11-03 14:50:40.952163+00
48138,49,GEM Arklyndarce#GEM,28,0,0,0,0,false,2025-11-03 14:50:56.666+00,2025-11-03 14:50:58.639382+00,2025-11-03 14:50:58.639382+00
48139,49,GEM Arklyndarce#GEM,81,0,0,0,0,false,2025-11-03 14:51:10.081+00,2025-11-03 14:51:12.09238+00,2025-11-03 14:51:12.09238+00
48140,49,GEM Arklyndarce#GEM,105,0,0,0,0,false,2025-11-03 14:51:23.56+00,2025-11-03 14:51:25.523255+00,2025-11-03 14:51:25.523255+00
48141,49,GEM Arklyndarce#GEM,86,0,0,0,0,false,2025-11-03 14:51:34.19+00,2025-11-03 14:51:36.238901+00,2025-11-03 14:51:36.238901+00
48142,49,GEM Arklyndarce#GEM,202,0,0,0,0,false,2025-11-03 14:51:49.413+00,2025-11-03 14:51:51.379045+00,2025-11-03 14:51:51.379045+00
48143,49,GEM Arklyndarce#GEM,145,3,0,0,0,false,2025-11-03 14:52:02.248+00,2025-11-03 14:52:04.267678+00,2025-11-27 22:21:33.341493+00
48144,49,GEM Arklyndarce#GEM,7,0,0,0,0,false,2025-11-03 14:52:19.578+00,2025-11-03 14:52:21.736344+00,2025-11-03 14:52:21.736344+00
48145,49,GEM Arklyndarce#GEM,64,0,0,0,0,false,2025-11-03 14:52:31.309+00,2025-11-03 14:52:33.317761+00,2025-11-03 14:52:33.317761+00
48146,49,GEM Arklyndarce#GEM,236,0,0,0,0,false,2025-11-03 14:52:42.472+00,2025-11-03 14:52:44.558256+00,2025-11-03 14:52:44.558256+00
48147,49,GEM Arklyndarce#GEM,117,0,0,0,0,false,2025-11-03 14:52:58.12+00,2025-11-03 14:53:00.155695+00,2025-11-03 14:53:00.155695+00
48148,49,GEM Arklyndarce#GEM,99,0,0,0,0,false,2025-11-03 14:53:11.742+00,2025-11-03 14:53:14.243813+00,2025-11-03 14:53:14.243813+00
48149,49,GEM Arklyndarce#GEM,54,2,0,0,0,false,2025-11-03 14:53:30.964+00,2025-11-03 14:53:32.965562+00,2025-11-27 22:22:41.029836+00
48150,49,GEM Arklyndarce#GEM,11,0,0,0,0,false,2025-11-03 14:53:41.835+00,2025-11-03 14:53:43.893373+00,2025-11-03 14:53:43.893373+00
48151,49,GEM Arklyndarce#GEM,25,0,0,0,0,false,2025-11-03 14:53:59.132+00,2025-11-03 14:54:01.219361+00,2025-11-03 14:54:01.219361+00
48152,49,GEM Arklyndarce#GEM,78,0,0,0,0,false,2025-11-03 14:54:16.55+00,2025-11-03 14:54:18.534798+00,2025-11-03 14:54:18.534798+00
48153,49,GEM Arklyndarce#GEM,92,0,0,0,0,false,2025-11-03 14:54:31.205+00,2025-11-03 14:54:33.247949+00,2025-11-03 14:54:33.247949+00
48154,49,GEM Arklyndarce#GEM,113,0,0,0,0,false,2025-11-03 14:54:59.283+00,2025-11-03 14:55:01.292111+00,2025-11-03 14:55:01.292111+00
48155,49,GEM Arklyndarce#GEM,147,0,0,0,0,false,2025-11-03 14:55:15.756+00,2025-11-03 14:55:17.755718+00,2025-11-03 14:55:17.755718+00
48156,49,GEM Arklyndarce#GEM,102,0,0,0,0,false,2025-11-03 14:55:29.889+00,2025-11-03 14:55:31.861754+00,2025-11-03 14:55:31.861754+00
48157,49,GEM Arklyndarce#GEM,15,0,0,0,0,false,2025-11-03 14:55:45.425+00,2025-11-03 14:55:47.461097+00,2025-11-03 14:55:47.461097+00
48158,49,GEM Arklyndarce#GEM,901,0,0,0,0,false,2025-11-03 14:55:59.43+00,2025-11-03 14:56:01.624017+00,2025-11-03 14:56:01.624017+00
48159,49,GEM Arklyndarce#GEM,37,0,0,0,0,false,2025-11-03 14:56:09.601+00,2025-11-03 14:56:11.808778+00,2025-11-03 14:56:11.808778+00
48160,49,GEM Arklyndarce#GEM,17,0,0,0,0,false,2025-11-03 14:56:24.236+00,2025-11-03 14:56:26.433356+00,2025-11-03 14:56:26.433356+00
48161,49,GEM Arklyndarce#GEM,18,0,0,0,0,false,2025-11-03 14:56:43.444+00,2025-11-03 14:56:45.564551+00,2025-11-03 14:56:45.564551+00
48162,49,GEM Arklyndarce#GEM,67,0,0,0,0,false,2025-11-03 14:58:39.902+00,2025-11-03 14:58:41.96147+00,2025-11-03 14:58:41.96147+00
48163,49,GEM Arklyndarce#GEM,498,0,0,0,0,false,2025-11-03 14:58:54.31+00,2025-11-03 14:58:56.406392+00,2025-11-03 14:58:56.406392+00
48164,49,GEM Arklyndarce#GEM,914,0,0,0,0,false,2025-11-03 14:59:08.299+00,2025-11-03 14:59:10.402885+00,2025-11-03 14:59:10.402885+00
48165,24,GEM Lahallayd#GEM,22,6,0,0,0,false,2025-11-03 15:40:46.273+00,2025-11-03 15:40:48.504294+00,2025-11-03 15:40:48.504294+00
48166,24,GEM Lahallayd#GEM,412,6,0,0,0,false,2025-11-03 15:41:03.703+00,2025-11-03 15:41:05.939268+00,2025-11-03 15:41:05.939268+00
48167,24,GEM Lahallayd#GEM,107,6,0,0,0,false,2025-11-03 15:41:12.08+00,2025-11-03 15:41:14.251571+00,2025-11-03 15:41:14.251571+00
48168,24,GEM Lahallayd#GEM,78,6,0,0,0,false,2025-11-03 15:41:19.131+00,2025-11-03 15:41:21.332993+00,2025-11-03 15:41:21.332993+00
48169,24,GEM Lahallayd#GEM,29,5,0,0,0,false,2025-11-03 15:42:02.242+00,2025-11-03 15:42:04.441769+00,2025-11-03 15:42:04.441769+00
48170,24,GEM Lahallayd#GEM,26,5,0,0,0,false,2025-11-03 15:42:08.36+00,2025-11-03 15:42:10.583195+00,2025-11-03 15:42:10.583195+00
48171,24,GEM Lahallayd#GEM,99,5,0,0,0,false,2025-11-03 15:42:20.253+00,2025-11-03 15:42:22.405736+00,2025-11-03 15:42:22.405736+00
48172,24,GEM Lahallayd#GEM,89,4,0,0,0,false,2025-11-03 15:42:25.471+00,2025-11-03 15:42:27.671681+00,2025-11-03 15:42:27.671681+00
48173,24,GEM Lahallayd#GEM,56,4,0,0,0,false,2025-11-03 15:42:35.473+00,2025-11-03 15:42:37.636449+00,2025-11-03 15:42:37.636449+00
48174,24,GEM Lahallayd#GEM,32,4,0,0,0,false,2025-11-03 15:42:43.698+00,2025-11-03 15:42:45.899807+00,2025-11-03 15:42:45.899807+00
48175,24,GEM Lahallayd#GEM,122,3,0,0,0,false,2025-11-03 15:42:51.008+00,2025-11-03 15:42:53.181432+00,2025-11-03 15:42:53.181432+00
48176,24,GEM Lahallayd#GEM,51,3,0,0,0,false,2025-11-03 15:43:01.682+00,2025-11-03 15:43:03.80073+00,2025-11-03 15:43:03.80073+00
48177,24,GEM Lahallayd#GEM,267,3,0,0,0,false,2025-11-03 15:43:08.885+00,2025-11-03 15:43:11.042518+00,2025-11-03 15:43:11.042518+00
48178,24,GEM Lahallayd#GEM,6,2,0,0,0,false,2025-11-03 15:43:16.446+00,2025-11-03 15:43:18.63916+00,2025-11-03 15:43:18.63916+00
48179,24,GEM Lahallayd#GEM,526,2,0,0,0,false,2025-11-03 15:43:22.194+00,2025-11-03 15:43:24.406854+00,2025-11-03 15:43:24.406854+00
48180,24,GEM Lahallayd#GEM,98,2,0,0,0,false,2025-11-03 15:43:27.012+00,2025-11-03 15:43:29.186186+00,2025-11-03 15:43:29.186186+00
48181,24,GEM Lahallayd#GEM,21,2,0,0,0,false,2025-11-03 15:43:36.73+00,2025-11-03 15:43:38.874555+00,2025-11-03 15:43:38.874555+00
48182,24,GEM Lahallayd#GEM,48,2,0,0,0,false,2025-11-03 15:43:58.128+00,2025-11-03 15:44:00.39155+00,2025-11-03 15:44:00.39155+00
48183,24,GEM Lahallayd#GEM,18,2,0,0,0,false,2025-11-03 15:44:06.567+00,2025-11-03 15:44:08.666147+00,2025-11-03 15:44:08.666147+00
48184,24,GEM Lahallayd#GEM,10,2,0,0,0,false,2025-11-03 15:44:14.228+00,2025-11-03 15:44:16.392939+00,2025-11-03 15:44:16.392939+00
48185,24,GEM Lahallayd#GEM,67,2,0,0,0,false,2025-11-03 15:44:19.861+00,2025-11-03 15:44:21.983538+00,2025-11-03 15:44:21.983538+00
48186,24,GEM Lahallayd#GEM,902,2,0,0,0,false,2025-11-03 15:44:24.995+00,2025-11-03 15:44:27.092044+00,2025-11-03 15:44:27.092044+00
48187,24,GEM Lahallayd#GEM,40,2,0,0,0,false,2025-11-03 15:44:33.453+00,2025-11-03 15:44:33.208583+00,2025-11-03 15:44:35.998854+00
48189,24,GEM Lahallayd#GEM,15,2,0,0,0,false,2025-11-03 15:44:38.411+00,2025-11-03 15:44:40.584951+00,2025-11-03 15:44:40.584951+00
48190,24,GEM Lahallayd#GEM,33,2,0,0,0,false,2025-11-03 15:44:47.423+00,2025-11-03 15:44:49.586698+00,2025-11-03 15:44:49.586698+00
48191,24,GEM Lahallayd#GEM,141,2,0,0,0,false,2025-11-03 15:44:54.166+00,2025-11-03 15:44:56.415725+00,2025-11-03 15:44:56.415725+00
48192,24,GEM Lahallayd#GEM,12,2,0,0,0,false,2025-11-03 15:44:59.464+00,2025-11-03 15:45:01.645419+00,2025-11-03 15:45:01.645419+00
48193,24,GEM Lahallayd#GEM,36,2,0,0,0,false,2025-11-03 15:45:04.934+00,2025-11-03 15:45:07.107535+00,2025-11-03 15:45:07.107535+00
48194,24,GEM Lahallayd#GEM,111,2,0,0,0,false,2025-11-03 15:45:09.951+00,2025-11-03 15:45:12.347035+00,2025-11-03 15:45:12.347035+00
48195,24,GEM Lahallayd#GEM,19,2,0,0,0,false,2025-11-03 15:45:15.225+00,2025-11-03 15:45:17.414872+00,2025-11-03 15:45:17.414872+00
48196,24,GEM Lahallayd#GEM,161,2,0,0,0,false,2025-11-03 15:45:23.157+00,2025-11-03 15:45:25.378928+00,2025-11-03 15:45:25.378928+00
48197,24,GEM Lahallayd#GEM,113,2,0,0,0,false,2025-11-03 15:45:29.269+00,2025-11-03 15:45:31.398999+00,2025-11-03 15:45:31.398999+00
48198,24,GEM Lahallayd#GEM,45,2,0,0,0,false,2025-11-03 15:45:36.017+00,2025-11-03 15:45:38.181902+00,2025-11-03 15:45:38.181902+00
48199,24,GEM Lahallayd#GEM,16,2,0,0,0,false,2025-11-03 15:45:40.366+00,2025-11-03 15:45:42.817808+00,2025-11-03 15:45:42.817808+00
48200,24,GEM Lahallayd#GEM,4,2,0,0,0,false,2025-11-03 15:45:48.987+00,2025-11-03 15:45:51.093045+00,2025-11-03 15:45:51.093045+00
48201,24,GEM Lahallayd#GEM,114,2,0,0,0,false,2025-11-03 15:45:55.441+00,2025-11-03 15:45:57.568719+00,2025-11-03 15:45:57.568719+00
48202,24,GEM Lahallayd#GEM,11,2,0,0,0,false,2025-11-03 15:46:01.145+00,2025-11-03 15:46:03.304402+00,2025-11-03 15:46:03.304402+00
48203,24,GEM Lahallayd#GEM,1,2,0,0,0,false,2025-11-03 15:46:06.635+00,2025-11-03 15:46:08.764626+00,2025-11-03 15:46:08.764626+00
48204,24,GEM Lahallayd#GEM,17,1,0,0,0,false,2025-11-03 15:46:13.902+00,2025-11-03 15:46:16.105026+00,2025-11-03 15:46:16.105026+00
48205,24,GEM Lahallayd#GEM,117,1,0,0,0,false,2025-11-03 15:46:19.192+00,2025-11-03 15:46:21.454429+00,2025-11-03 15:46:21.454429+00
48206,24,GEM Lahallayd#GEM,54,1,0,0,0,false,2025-11-03 15:46:26.575+00,2025-11-03 15:46:28.723001+00,2025-11-03 15:46:28.723001+00
48207,24,GEM Lahallayd#GEM,63,1,0,0,0,false,2025-11-03 15:46:31.804+00,2025-11-03 15:46:34.023009+00,2025-11-03 15:46:34.023009+00
48208,24,GEM Lahallayd#GEM,59,1,0,0,0,false,2025-11-03 15:46:36.623+00,2025-11-03 15:46:38.768766+00,2025-11-03 15:46:38.768766+00
48209,24,GEM Lahallayd#GEM,80,1,0,0,0,false,2025-11-03 15:46:43.691+00,2025-11-03 15:46:45.914381+00,2025-11-03 15:46:45.914381+00
48210,24,GEM Lahallayd#GEM,53,1,0,0,0,false,2025-11-03 15:46:49.293+00,2025-11-03 15:46:51.471199+00,2025-11-03 15:46:51.471199+00
48211,24,GEM Lahallayd#GEM,57,1,0,0,0,false,2025-11-03 15:46:54.078+00,2025-11-03 15:46:56.257787+00,2025-11-03 15:46:56.257787+00
48212,24,GEM Lahallayd#GEM,58,1,0,0,0,false,2025-11-03 15:46:59.715+00,2025-11-03 15:47:01.900353+00,2025-11-03 15:47:01.900353+00
48213,24,GEM Lahallayd#GEM,147,1,0,0,0,false,2025-11-03 15:47:07.127+00,2025-11-03 15:47:09.296592+00,2025-11-03 15:47:09.296592+00
48214,24,GEM Lahallayd#GEM,74,1,0,0,0,false,2025-11-03 15:47:11.539+00,2025-11-03 15:47:13.708029+00,2025-11-03 15:47:13.708029+00
48215,24,GEM Lahallayd#GEM,31,1,0,0,0,false,2025-11-03 15:47:15.692+00,2025-11-03 15:47:17.887708+00,2025-11-03 15:47:17.887708+00
48216,24,GEM Lahallayd#GEM,76,1,0,0,0,false,2025-11-03 15:47:22.822+00,2025-11-03 15:47:24.998004+00,2025-11-03 15:47:24.998004+00
48217,24,GEM Lahallayd#GEM,13,1,0,0,0,false,2025-11-03 15:47:27.526+00,2025-11-03 15:47:29.687106+00,2025-11-03 15:47:29.687106+00
48218,24,GEM Lahallayd#GEM,8,1,0,0,0,false,2025-11-03 15:47:32.274+00,2025-11-03 15:47:34.511957+00,2025-11-03 15:47:34.511957+00
48219,24,GEM Lahallayd#GEM,238,1,0,0,0,false,2025-11-03 15:47:37.386+00,2025-11-03 15:47:39.547998+00,2025-11-03 15:47:39.547998+00
48220,24,GEM Lahallayd#GEM,913,1,0,0,0,false,2025-11-03 15:47:41.732+00,2025-11-03 15:47:44.390674+00,2025-11-03 15:47:44.390674+00
48221,24,GEM Lahallayd#GEM,77,1,0,0,0,false,2025-11-03 15:47:46.449+00,2025-11-03 15:47:48.661652+00,2025-11-03 15:47:48.661652+00
48222,24,GEM Lahallayd#GEM,82,1,0,0,0,false,2025-11-03 15:47:52.078+00,2025-11-03 15:47:54.254247+00,2025-11-03 15:47:54.254247+00
48223,24,GEM Lahallayd#GEM,245,1,0,0,0,false,2025-11-03 15:47:57.384+00,2025-11-03 15:47:59.549786+00,2025-11-03 15:47:59.549786+00
48224,24,GEM Lahallayd#GEM,34,1,0,0,0,false,2025-11-03 15:48:01.949+00,2025-11-03 15:48:04.192828+00,2025-11-03 15:48:04.192828+00
48225,24,GEM Lahallayd#GEM,777,1,0,0,0,false,2025-11-03 15:48:09.47+00,2025-11-03 15:48:11.68182+00,2025-11-03 15:48:11.68182+00
48226,24,GEM Lahallayd#GEM,133,1,0,0,0,false,2025-11-03 15:48:14.692+00,2025-11-03 15:48:16.963802+00,2025-11-03 15:48:16.963802+00
48227,24,GEM Lahallayd#GEM,240,1,0,0,0,false,2025-11-03 15:48:20.485+00,2025-11-03 15:48:22.645707+00,2025-11-03 15:48:22.645707+00
48228,24,GEM Lahallayd#GEM,360,1,0,0,0,false,2025-11-03 15:48:27.971+00,2025-11-03 15:48:30.233522+00,2025-11-03 15:48:30.233522+00
48229,24,GEM Lahallayd#GEM,24,1,0,0,0,false,2025-11-03 15:48:32.016+00,2025-11-03 15:48:34.26654+00,2025-11-03 15:48:34.26654+00
48230,24,GEM Lahallayd#GEM,91,1,0,0,0,false,2025-11-03 15:48:36.783+00,2025-11-03 15:48:39.075022+00,2025-11-03 15:48:39.075022+00
48231,24,GEM Lahallayd#GEM,119,1,0,0,0,false,2025-11-03 15:48:40.937+00,2025-11-03 15:48:43.323489+00,2025-11-03 15:48:43.323489+00
48232,24,GEM Lahallayd#GEM,60,1,0,0,0,false,2025-11-03 15:48:48.294+00,2025-11-03 15:48:50.477809+00,2025-11-03 15:48:50.477809+00
48233,24,GEM Lahallayd#GEM,62,1,0,0,0,false,2025-11-03 15:48:53.402+00,2025-11-03 15:48:55.665324+00,2025-11-03 15:48:55.665324+00
48234,24,GEM Lahallayd#GEM,3,1,0,0,0,false,2025-11-03 15:48:58.01+00,2025-11-03 15:49:00.472375+00,2025-11-03 15:49:00.472375+00
48235,24,GEM Lahallayd#GEM,121,1,0,0,0,false,2025-11-03 15:49:11.86+00,2025-11-03 15:49:14.269259+00,2025-11-03 15:49:14.269259+00
48236,24,GEM Lahallayd#GEM,555,1,0,0,0,false,2025-11-03 15:49:19.432+00,2025-11-03 15:49:21.62382+00,2025-11-03 15:49:21.62382+00
48237,24,GEM Lahallayd#GEM,25,1,0,0,0,false,2025-11-03 15:49:23.444+00,2025-11-03 15:49:25.687523+00,2025-11-03 15:49:25.687523+00
48238,24,GEM Lahallayd#GEM,201,1,0,0,0,false,2025-11-03 15:49:29.007+00,2025-11-03 15:49:31.157747+00,2025-11-03 15:49:31.157747+00
48239,24,GEM Lahallayd#GEM,268,1,0,0,0,false,2025-11-03 15:49:33.272+00,2025-11-03 15:49:35.462379+00,2025-11-03 15:49:35.462379+00
48240,24,GEM Lahallayd#GEM,106,1,0,0,0,false,2025-11-03 15:49:37.981+00,2025-11-03 15:49:40.133787+00,2025-11-03 15:49:40.133787+00
48241,24,GEM Lahallayd#GEM,516,1,0,0,0,false,2025-11-03 15:49:42.774+00,2025-11-03 15:49:44.949715+00,2025-11-03 15:49:44.949715+00
48242,24,GEM Lahallayd#GEM,112,1,0,0,0,false,2025-11-03 15:49:47.156+00,2025-11-03 15:49:49.344087+00,2025-11-03 15:49:49.344087+00
48243,24,GEM Lahallayd#GEM,86,1,0,0,0,false,2025-11-03 15:49:50.89+00,2025-11-03 15:49:53.043659+00,2025-11-03 15:49:53.043659+00
48244,24,GEM Lahallayd#GEM,110,1,0,0,0,false,2025-11-03 15:49:54.577+00,2025-11-03 15:49:56.791999+00,2025-11-03 15:49:56.791999+00
48245,24,GEM Lahallayd#GEM,7,1,0,0,0,false,2025-11-03 15:49:59.64+00,2025-11-03 15:50:01.905578+00,2025-11-03 15:50:01.905578+00
48246,24,GEM Lahallayd#GEM,236,1,0,0,0,false,2025-11-03 15:50:04.093+00,2025-11-03 15:50:06.284036+00,2025-11-03 15:50:06.284036+00
48247,24,GEM Lahallayd#GEM,235,1,0,0,0,false,2025-11-03 15:50:09.259+00,2025-11-03 15:50:11.484887+00,2025-11-03 15:50:11.484887+00
48248,24,GEM Lahallayd#GEM,37,1,0,0,0,false,2025-11-03 15:50:13.228+00,2025-11-03 15:50:15.426988+00,2025-11-03 15:50:15.426988+00
48249,24,GEM Lahallayd#GEM,104,1,0,0,0,false,2025-11-03 15:50:17.1+00,2025-11-03 15:50:19.291485+00,2025-11-03 15:50:19.291485+00
48250,24,GEM Lahallayd#GEM,81,1,0,0,0,false,2025-11-03 15:50:22.125+00,2025-11-03 15:50:24.345384+00,2025-11-03 15:50:24.345384+00
48251,24,GEM Lahallayd#GEM,266,0,0,0,0,false,2025-11-03 15:50:36.675+00,2025-11-03 15:50:38.870523+00,2025-11-03 15:50:38.870523+00
48252,24,GEM Lahallayd#GEM,103,0,0,0,0,false,2025-11-03 15:50:43.722+00,2025-11-03 15:50:45.94843+00,2025-11-03 15:50:45.94843+00
48253,24,GEM Lahallayd#GEM,432,0,0,0,0,false,2025-11-03 15:50:54.305+00,2025-11-03 15:50:56.499941+00,2025-11-03 15:50:56.499941+00
48254,24,GEM Lahallayd#GEM,200,0,0,0,0,false,2025-11-03 15:51:01.643+00,2025-11-03 15:51:03.862821+00,2025-11-03 15:51:03.862821+00
48255,24,GEM Lahallayd#GEM,131,0,0,0,0,false,2025-11-03 15:51:06.207+00,2025-11-03 15:51:08.436444+00,2025-11-03 15:51:08.436444+00
48256,24,GEM Lahallayd#GEM,28,0,0,0,0,false,2025-11-03 15:51:13.045+00,2025-11-03 15:51:15.239035+00,2025-11-03 15:51:15.239035+00
48257,24,GEM Lahallayd#GEM,9,0,0,0,0,false,2025-11-03 15:51:17.677+00,2025-11-03 15:51:19.852297+00,2025-11-03 15:51:19.852297+00
48258,24,GEM Lahallayd#GEM,105,0,0,0,0,false,2025-11-03 15:51:22.648+00,2025-11-03 15:51:24.787292+00,2025-11-03 15:51:24.787292+00
48259,24,GEM Lahallayd#GEM,41,0,0,0,0,false,2025-11-03 15:51:27.141+00,2025-11-03 15:51:29.39732+00,2025-11-03 15:51:29.39732+00
48260,24,GEM Lahallayd#GEM,79,0,0,0,0,false,2025-11-03 15:51:31.632+00,2025-11-03 15:51:33.849136+00,2025-11-03 15:51:33.849136+00
48261,24,GEM Lahallayd#GEM,120,0,0,0,0,false,2025-11-03 15:51:36.235+00,2025-11-03 15:51:38.416232+00,2025-11-03 15:51:38.416232+00
48262,24,GEM Lahallayd#GEM,222,0,0,0,0,false,2025-11-03 15:51:45.861+00,2025-11-03 15:51:48.038217+00,2025-11-03 15:51:48.038217+00
48263,24,GEM Lahallayd#GEM,145,0,0,0,0,false,2025-11-03 15:51:53.017+00,2025-11-03 15:51:55.195578+00,2025-11-03 15:51:55.195578+00
48264,24,GEM Lahallayd#GEM,30,0,0,0,0,false,2025-11-03 15:51:57.437+00,2025-11-03 15:51:59.592717+00,2025-11-03 15:51:59.592717+00
48265,24,GEM Lahallayd#GEM,897,0,0,0,0,false,2025-11-03 15:52:30.242+00,2025-11-03 15:52:32.39266+00,2025-11-03 15:52:32.39266+00
48266,24,GEM Lahallayd#GEM,64,0,0,0,0,false,2025-11-03 15:52:37.119+00,2025-11-03 15:52:39.279928+00,2025-11-03 15:52:39.279928+00
48267,24,GEM Lahallayd#GEM,950,0,0,0,0,false,2025-11-03 15:52:45.075+00,2025-11-03 15:52:47.211419+00,2025-11-03 15:52:47.211419+00
48268,24,GEM Lahallayd#GEM,75,0,0,0,0,false,2025-11-03 15:52:49.171+00,2025-11-03 15:52:51.371201+00,2025-11-03 15:52:51.371201+00
48269,24,GEM Lahallayd#GEM,518,0,0,0,0,false,2025-11-03 15:52:54.195+00,2025-11-03 15:52:56.41919+00,2025-11-03 15:52:56.41919+00
48270,24,GEM Lahallayd#GEM,20,0,0,0,0,false,2025-11-03 15:53:04.059+00,2025-11-03 15:53:06.261434+00,2025-11-03 15:53:06.261434+00
48271,24,GEM Lahallayd#GEM,2,0,0,0,0,false,2025-11-03 15:53:23.64+00,2025-11-03 15:53:26.06527+00,2025-11-03 15:53:26.06527+00
48272,24,GEM Lahallayd#GEM,246,0,0,0,0,false,2025-11-03 15:53:33.148+00,2025-11-03 15:53:35.387502+00,2025-11-03 15:53:35.387502+00
48273,24,GEM Lahallayd#GEM,497,0,0,0,0,false,2025-11-03 15:53:39.024+00,2025-11-03 15:53:41.56686+00,2025-11-03 15:53:41.56686+00
48274,24,GEM Lahallayd#GEM,421,0,0,0,0,false,2025-11-03 15:53:43.935+00,2025-11-03 15:53:46.16466+00,2025-11-03 15:53:46.16466+00
48275,24,GEM Lahallayd#GEM,888,0,0,0,0,false,2025-11-03 15:53:48.092+00,2025-11-03 15:53:50.565966+00,2025-11-03 15:53:50.565966+00
48276,24,GEM Lahallayd#GEM,92,0,0,0,0,false,2025-11-03 15:53:52.391+00,2025-11-03 15:53:54.602033+00,2025-11-03 15:53:54.602033+00
48277,24,GEM Lahallayd#GEM,68,0,0,0,0,false,2025-11-03 15:53:56.607+00,2025-11-03 15:53:58.86047+00,2025-11-03 15:53:58.86047+00
48278,24,GEM Lahallayd#GEM,875,0,0,0,0,false,2025-11-03 15:54:00.878+00,2025-11-03 15:54:03.049822+00,2025-11-03 15:54:03.049822+00
48279,24,GEM Lahallayd#GEM,102,0,0,0,0,false,2025-11-03 15:54:07.436+00,2025-11-03 15:54:09.677039+00,2025-11-03 15:54:09.677039+00
48280,24,GEM Lahallayd#GEM,27,0,0,0,0,false,2025-11-03 15:54:11.621+00,2025-11-03 15:54:13.81251+00,2025-11-03 15:54:13.81251+00
48281,24,GEM Lahallayd#GEM,14,0,0,0,0,false,2025-11-03 15:54:15.68+00,2025-11-03 15:54:18.120009+00,2025-11-03 15:54:18.120009+00
48282,24,GEM Lahallayd#GEM,517,0,0,0,0,false,2025-11-03 15:54:21.009+00,2025-11-03 15:54:23.183313+00,2025-11-03 15:54:23.183313+00
48283,24,GEM Lahallayd#GEM,134,0,0,0,0,false,2025-11-03 15:54:27.887+00,2025-11-03 15:54:30.104308+00,2025-11-03 15:54:30.104308+00
48284,24,GEM Lahallayd#GEM,163,0,0,0,0,false,2025-11-03 15:54:34.24+00,2025-11-03 15:54:36.470031+00,2025-11-03 15:54:36.470031+00
48285,24,GEM Lahallayd#GEM,44,0,0,0,0,false,2025-11-03 15:54:39.109+00,2025-11-03 15:54:41.401387+00,2025-11-03 15:54:41.401387+00
48286,24,GEM Lahallayd#GEM,23,0,0,0,0,false,2025-11-03 15:54:43.799+00,2025-11-03 15:54:45.981164+00,2025-11-03 15:54:45.981164+00
48287,24,GEM Lahallayd#GEM,254,0,0,0,0,false,2025-11-03 15:54:48.089+00,2025-11-03 15:54:50.324349+00,2025-11-03 15:54:50.324349+00
48288,24,GEM Lahallayd#GEM,498,0,0,0,0,false,2025-11-03 15:54:54.69+00,2025-11-03 15:54:56.86831+00,2025-11-03 15:54:56.86831+00
48289,24,GEM Lahallayd#GEM,101,0,0,0,0,false,2025-11-03 15:55:01.686+00,2025-11-03 15:55:03.973401+00,2025-11-03 15:55:03.973401+00
48290,24,GEM Lahallayd#GEM,5,0,0,0,0,false,2025-11-03 15:55:05.471+00,2025-11-03 15:55:07.694343+00,2025-11-03 15:55:07.694343+00
48291,24,GEM Lahallayd#GEM,157,0,0,0,0,false,2025-11-03 15:55:12.763+00,2025-11-03 15:55:15.015097+00,2025-11-03 15:55:15.015097+00
48292,24,GEM Lahallayd#GEM,83,0,0,0,0,false,2025-11-03 15:55:17.263+00,2025-11-03 15:55:19.496839+00,2025-11-03 15:55:19.496839+00
48293,24,GEM Lahallayd#GEM,142,0,0,0,0,false,2025-11-03 15:55:21.237+00,2025-11-03 15:55:23.450877+00,2025-11-03 15:55:23.450877+00
48297,44,GEM Golzendants#GEM,112,1,0,0,0,false,2025-11-03 23:35:13.181+00,2025-11-03 23:34:43.612936+00,2025-11-03 23:34:44.742918+00
48299,48,GEM Furninscorce#GEM,106,0,0,0,0,false,2025-11-04 01:26:00.566+00,2025-11-04 01:25:32.270424+00,2025-11-04 01:25:32.270424+00
48300,48,GEM Furninscorce#GEM,145,0,0,0,0,false,2025-11-04 01:26:05.55+00,2025-11-04 01:25:37.090012+00,2025-11-04 01:25:37.090012+00
48301,49,GEM Arklyndarce#GEM,876,0,0,0,0,false,2025-11-06 03:20:22.166+00,2025-11-06 03:20:27.509361+00,2025-11-06 03:20:27.509361+00
48310,51,GEM Depurallire#GEM,84,0,0,0,0,false,2025-11-08 02:26:10.042+00,2025-11-08 02:25:38.308419+00,2025-11-08 02:25:38.308419+00
48311,51,GEM Depurallire#GEM,103,0,0,0,0,false,2025-11-08 04:08:49.271+00,2025-11-08 04:08:17.348878+00,2025-11-08 04:08:17.348878+00
48312,51,GEM Depurallire#GEM,110,1,0,0,0,false,2025-11-08 18:55:31.111+00,2025-11-08 18:54:59.031711+00,2025-11-08 18:54:59.031711+00
48323,51,GEM Depurallire#GEM,497,1,0,0,0,false,2025-11-10 05:14:26.407+00,2025-11-10 05:13:53.680869+00,2025-11-10 05:13:53.680869+00
48324,51,GEM Depurallire#GEM,25,0,0,0,0,false,2025-11-10 06:04:53.102+00,2025-11-10 06:04:19.895227+00,2025-11-10 06:04:19.895227+00
48326,51,GEM Depurallire#GEM,56,0,0,0,0,false,2025-11-11 18:57:06.779+00,2025-11-11 18:56:32.354472+00,2025-11-11 18:56:32.354472+00
48330,43,GEM Gliecernice#GEM,498,2,0,0,0,false,2025-11-13 02:46:48.519+00,2025-11-13 02:46:43.313016+00,2025-11-13 02:46:48.950634+00
48333,46,GEM Ornetchreans#GEM,497,2,0,0,0,false,2025-11-15 02:59:28.545+00,2025-11-15 03:00:36.113275+00,2025-11-15 03:00:43.617269+00
48369,12,GEM Lacellire#LAS,420,0,0,0,0,false,2025-11-16 04:19:27.174+00,2025-11-16 04:18:32.071752+00,2025-11-16 04:18:32.071752+00
48370,12,GEM Lacellire#LAS,427,0,0,0,0,false,2025-11-16 04:19:37.86+00,2025-11-16 04:18:42.656448+00,2025-11-16 04:18:42.656448+00
48371,12,GEM Lacellire#LAS,203,0,0,0,0,false,2025-11-16 04:20:40.637+00,2025-11-16 04:19:45.3992+00,2025-11-16 04:19:45.3992+00
48372,12,GEM Lacellire#LAS,23,0,0,0,0,false,2025-11-16 20:49:23.359+00,2025-11-16 20:48:27.813511+00,2025-11-16 20:48:27.813511+00
48398,53,GEM Reamsetmours#GEM,21,7,0,0,0,false,2025-11-19 21:02:43.434+00,2025-11-19 21:01:45.903569+00,2025-12-24 16:22:08.302563+00
48399,53,GEM Reamsetmours#GEM,222,2,0,0,0,false,2025-11-19 21:02:50.971+00,2025-11-19 21:01:53.224027+00,2025-11-19 21:01:53.224027+00
48400,53,GEM Reamsetmours#GEM,498,2,0,0,0,false,2025-11-19 21:02:59.323+00,2025-11-19 21:02:01.681147+00,2025-11-19 21:02:01.681147+00
48401,53,GEM Reamsetmours#GEM,29,3,0,0,0,false,2025-11-19 21:03:05.259+00,2025-11-19 21:02:07.630849+00,2025-12-24 16:22:27.077694+00
48402,53,GEM Reamsetmours#GEM,234,0,0,0,0,false,2025-11-19 21:03:15.06+00,2025-11-19 21:02:17.395702+00,2025-11-19 21:02:17.395702+00
48403,53,GEM Reamsetmours#GEM,950,0,0,0,0,false,2025-11-19 21:03:20.784+00,2025-11-19 21:02:23.143982+00,2025-11-19 21:02:23.143982+00
48404,53,GEM Reamsetmours#GEM,12,1,0,0,0,false,2025-11-19 21:03:27.499+00,2025-11-19 21:02:29.855842+00,2025-12-24 16:22:53.715508+00
48405,53,GEM Reamsetmours#GEM,104,0,0,0,0,false,2025-11-19 21:03:33.399+00,2025-11-19 21:02:35.657608+00,2025-11-19 21:02:35.657608+00
48406,53,GEM Reamsetmours#GEM,223,0,0,0,0,false,2025-11-19 21:03:41.768+00,2025-11-19 21:02:44.127525+00,2025-11-19 21:02:44.127525+00
48407,53,GEM Reamsetmours#GEM,117,2,0,0,0,false,2025-11-19 21:03:47.552+00,2025-11-19 21:02:49.879878+00,2025-12-24 16:23:57.951128+00
48408,53,GEM Reamsetmours#GEM,23,0,0,0,0,false,2025-11-19 21:03:53.653+00,2025-11-19 21:02:55.950371+00,2025-11-19 21:02:55.950371+00
48409,53,GEM Reamsetmours#GEM,63,0,0,0,0,false,2025-11-19 21:04:12.916+00,2025-11-19 21:03:15.218454+00,2025-11-19 21:03:15.218454+00
48410,53,GEM Reamsetmours#GEM,51,0,0,0,0,false,2025-11-19 21:04:17.943+00,2025-11-19 21:03:20.238051+00,2025-11-19 21:03:20.238051+00
48411,53,GEM Reamsetmours#GEM,122,0,0,0,0,false,2025-11-19 21:04:24.209+00,2025-11-19 21:03:26.490117+00,2025-11-19 21:03:26.490117+00
48412,53,GEM Reamsetmours#GEM,99,1,0,0,0,false,2025-11-19 21:04:37.643+00,2025-11-19 21:03:39.980785+00,2025-12-24 16:25:53.495919+00
48413,53,GEM Reamsetmours#GEM,11,0,0,0,0,false,2025-11-19 21:04:44.758+00,2025-11-19 21:03:47.065058+00,2025-11-19 21:03:47.065058+00
48414,53,GEM Reamsetmours#GEM,25,1,0,0,0,false,2025-11-19 21:04:51.374+00,2025-11-19 21:03:53.678496+00,2025-12-24 16:26:38.778931+00
48415,53,GEM Reamsetmours#GEM,518,1,0,0,0,false,2025-11-19 21:05:01.409+00,2025-11-19 21:04:03.866283+00,2025-12-24 16:26:25.613382+00
48416,53,GEM Reamsetmours#GEM,78,0,0,0,0,false,2025-11-19 21:05:07.369+00,2025-11-19 21:04:10.023946+00,2025-11-19 21:04:10.023946+00
48417,53,GEM Reamsetmours#GEM,92,0,0,0,0,false,2025-11-19 21:05:13.795+00,2025-11-19 21:04:16.070261+00,2025-11-19 21:04:16.070261+00
48418,53,GEM Reamsetmours#GEM,72,0,0,0,0,false,2025-11-19 21:05:21.567+00,2025-11-19 21:04:23.842834+00,2025-11-19 21:04:23.842834+00
48419,53,GEM Reamsetmours#GEM,91,0,0,0,0,false,2025-11-19 21:05:29.312+00,2025-11-19 21:04:31.54237+00,2025-11-19 21:04:31.54237+00
48420,53,GEM Reamsetmours#GEM,412,1,0,0,0,false,2025-11-19 21:05:35.327+00,2025-11-19 21:04:37.609843+00,2025-12-24 16:27:57.775104+00
48445,46,GEM Ornetchreans#GEM,57,2,0,0,0,false,2025-11-27 01:53:42.947+00,2025-11-27 01:54:57.289461+00,2025-11-27 01:55:04.612686+00
48473,49,GEM Arklyndarce#GEM,157,4,0,0,0,false,2025-11-27 22:19:59.466+00,2025-11-27 22:19:54.721068+00,2025-11-30 21:56:21.107564+00
48486,49,GEM Arklyndarce#GEM,3,1,0,0,0,false,2025-11-27 22:20:59.841+00,2025-11-27 22:20:56.630927+00,2025-11-27 22:21:00.975447+00
48520,49,GEM Arklyndarce#GEM,84,1,0,0,0,false,2025-11-27 22:22:05.508+00,2025-11-27 22:22:02.497839+00,2025-11-27 22:22:06.519723+00
48621,46,GEM Ornetchreans#GEM,99,3,0,0,0,false,2025-12-05 02:02:52.222+00,2025-12-05 02:04:06.776063+00,2025-12-26 19:44:31.487034+00
48637,46,GEM Ornetchreans#GEM,143,3,0,0,0,false,2025-12-05 02:03:31.985+00,2025-12-05 02:04:49.139464+00,2025-12-26 19:43:37.526589+00
48640,33,GEM Irzeleriance#LAS,236,0,0,0,0,false,2025-12-05 15:57:53.332+00,2025-12-05 15:56:20.957496+00,2025-12-05 15:56:20.957496+00
48646,46,GEM Ornetchreans#GEM,74,4,0,0,0,false,2025-12-13 03:22:52.269+00,2025-12-13 03:24:08.33751+00,2025-12-26 19:43:12.328299+00
48694,53,GEM Reamsetmours#GEM,360,2,0,0,0,false,2025-12-13 23:46:13.312+00,2025-12-13 23:46:04.288443+00,2025-12-13 23:46:04.288443+00
48696,45,GEM Argyndorness#GEM,147,2,0,0,0,false,2025-12-14 01:09:01.445+00,2025-12-14 01:09:02.463957+00,2025-12-14 01:09:02.463957+00
48697,53,GEM Reamsetmours#GEM,236,1,0,0,0,false,2025-12-14 05:03:20.706+00,2025-12-14 05:03:11.638516+00,2025-12-24 16:27:05.917583+00
48698,53,GEM Reamsetmours#GEM,235,1,0,0,0,false,2025-12-14 05:03:41.052+00,2025-12-14 05:03:30.416883+00,2025-12-14 05:03:31.843841+00
48700,50,GEM Buddelizeth#GEM,82,2,0,0,0,false,2025-12-19 04:56:02.9+00,2025-12-19 04:55:55.267783+00,2025-12-19 04:56:03.572717+00
48706,53,GEM Reamsetmours#GEM,106,5,0,0,0,false,2025-12-20 22:30:23.37+00,2025-12-20 22:30:21.582874+00,2025-12-24 08:17:12.359605+00
48710,53,GEM Reamsetmours#GEM,86,3,0,0,0,false,2025-12-20 22:32:46.948+00,2025-12-20 22:32:45.940617+00,2025-12-24 16:17:02.285445+00
48714,53,GEM Reamsetmours#GEM,19,2,0,0,0,false,2025-12-20 22:33:46.958+00,2025-12-20 22:33:48.283879+00,2025-12-21 05:25:52.235104+00
48715,53,GEM Reamsetmours#GEM,54,1,0,0,0,false,2025-12-20 22:34:16.704+00,2025-12-20 22:34:18.04394+00,2025-12-24 16:24:08.937766+00
48741,53,GEM Reamsetmours#GEM,517,1,0,0,0,false,2025-12-22 18:49:05.53+00,2025-12-22 18:49:06.765604+00,2025-12-24 16:24:18.315634+00
48744,24,GEM Lahallayd#GEM,61,0,0,0,0,false,2025-12-23 20:08:28.756+00,2025-12-23 20:08:12.938132+00,2025-12-23 20:08:12.938132+00
48745,24,GEM Lahallayd#GEM,127,0,0,0,0,false,2025-12-23 20:08:42.297+00,2025-12-23 20:08:26.39079+00,2025-12-23 20:08:26.39079+00
48746,24,GEM Lahallayd#GEM,203,0,0,0,0,false,2025-12-23 20:08:53.629+00,2025-12-23 20:08:37.607658+00,2025-12-23 20:08:37.607658+00
48747,44,GEM Golzendants#GEM,145,2,0,0,0,false,2025-12-23 23:24:19.619+00,2025-12-23 23:24:18.594299+00,2025-12-23 23:24:20.622844+00
48761,53,GEM Reamsetmours#GEM,22,1,0,0,0,false,2025-12-24 16:26:51.018+00,2025-12-24 16:26:50.974322+00,2025-12-24 16:26:54.049987+00
48765,53,GEM Reamsetmours#GEM,81,0,0,0,0,false,2025-12-24 16:28:25.98+00,2025-12-24 16:28:28.80033+00,2025-12-24 16:28:28.80033+00
48766,53,GEM Reamsetmours#GEM,96,0,0,0,0,false,2025-12-24 16:28:44.527+00,2025-12-24 16:28:47.569471+00,2025-12-24 16:28:47.569471+00
48767,53,GEM Reamsetmours#GEM,526,0,0,0,0,false,2025-12-24 16:29:14.846+00,2025-12-24 16:29:17.712901+00,2025-12-24 16:29:17.712901+00
48768,53,GEM Reamsetmours#GEM,15,0,0,0,0,false,2025-12-24 16:29:27.164+00,2025-12-24 16:29:30.276016+00,2025-12-24 16:29:30.276016+00
48769,53,GEM Reamsetmours#GEM,350,0,0,0,0,false,2025-12-24 16:30:02.269+00,2025-12-24 16:30:05.166813+00,2025-12-24 16:30:05.166813+00
48770,53,GEM Reamsetmours#GEM,142,0,0,0,0,false,2025-12-24 16:30:18.797+00,2025-12-24 16:30:21.591413+00,2025-12-24 16:30:21.591413+00
48830,46,GEM Ornetchreans#GEM,235,2,0,0,0,false,2025-12-26 19:45:07.69+00,2025-12-26 19:45:03.026511+00,2025-12-26 19:45:28.893854+00
48848,46,GEM Ornetchreans#GEM,412,2,0,0,0,false,2025-12-26 19:46:03.261+00,2025-12-26 19:45:57.582671+00,2025-12-26 19:46:04.612906+00
48853,46,GEM Ornetchreans#GEM,518,2,0,0,0,false,2025-12-26 19:46:26.019+00,2025-12-26 19:46:21.316576+00,2025-12-26 19:46:47.15852+00
48877,46,GEM Ornetchreans#GEM,526,1,0,0,0,false,2025-12-26 19:47:26.293+00,2025-12-26 19:47:18.508825+00,2025-12-26 19:47:27.517614+00
48898,46,GEM Ornetchreans#GEM,913,2,0,0,0,false,2025-12-26 19:47:40.336+00,2025-12-26 19:47:36.07297+00,2025-12-27 21:07:16.264815+00
48902,46,GEM Ornetchreans#GEM,902,1,0,0,0,false,2025-12-26 19:48:13.705+00,2025-12-26 19:48:10.40794+00,2025-12-26 19:48:14.91384+00
48905,46,GEM Ornetchreans#GEM,16,1,0,0,0,false,2025-12-26 19:48:39.327+00,2025-12-26 19:48:34.601363+00,2025-12-26 19:48:40.528567+00
48913,46,GEM Ornetchreans#GEM,117,1,0,0,0,false,2025-12-26 19:49:01.063+00,2025-12-26 19:48:54.613759+00,2025-12-26 19:49:02.495293+00
48929,46,GEM Ornetchreans#GEM,51,1,0,0,0,false,2025-12-26 19:49:25.658+00,2025-12-26 19:49:21.330561+00,2025-12-26 19:49:26.913233+00
48942,46,GEM Ornetchreans#GEM,5,1,0,0,0,false,2025-12-26 19:49:57.853+00,2025-12-26 19:49:48.147672+00,2025-12-26 19:49:59.10133+00
48965,46,GEM Ornetchreans#GEM,147,1,0,0,0,false,2025-12-26 19:50:19.885+00,2025-12-26 19:50:16.467888+00,2025-12-26 19:50:21.052285+00
48968,46,GEM Ornetchreans#GEM,12,1,0,0,0,false,2025-12-26 19:50:50.521+00,2025-12-26 19:50:45.67229+00,2025-12-26 19:50:51.707895+00
48981,46,GEM Ornetchreans#GEM,234,1,0,0,0,false,2025-12-26 19:51:16.062+00,2025-12-26 19:51:12.419715+00,2025-12-26 19:51:17.253337+00
48996,46,GEM Ornetchreans#GEM,89,1,0,0,0,false,2025-12-26 19:52:06.443+00,2025-12-26 19:52:03.58224+00,2025-12-26 19:52:07.666562+00
48999,46,GEM Ornetchreans#GEM,950,1,0,0,0,false,2025-12-26 19:52:28.192+00,2025-12-26 19:52:23.106693+00,2025-12-26 19:52:29.43252+00
49008,46,GEM Ornetchreans#GEM,8,1,0,0,0,false,2025-12-26 19:52:44.009+00,2025-12-26 19:52:43.446736+00,2025-12-26 19:52:45.190953+00
49017,46,GEM Ornetchreans#GEM,64,1,0,0,0,false,2025-12-26 19:53:16.96+00,2025-12-26 19:53:11.672345+00,2025-12-26 19:53:18.197163+00
49042,46,GEM Ornetchreans#GEM,32,1,0,0,0,false,2025-12-26 19:54:04.394+00,2025-12-26 19:54:02.717284+00,2025-12-26 19:54:05.706941+00